entity_id,source_id,jurisdiction,service_category,metric_type,service_key,service_name,applicant_country,applicant_country_name,value_raw,value_days,unit_original,status,effective_date,retrieved_at,source_url,confidence,source_collection_status,source_collection_status_since,source_collection_status_note,source_last_verified_at
ca-amend-immigration-record,ircc-noncountry,CA,settlement,published,ca-amend-immigration-record,Amendment of an immigration record,,,11 weeks,77,weeks,ok,2026-09-22,2026-09-25T00:45:33.675Z,https://www.canada.ca/content/dam/ircc/documents/json/data-ptime-non-country-en.json,official,active,,,2026-09-25T01:18:50.817Z
ca-amend-tr-record,ircc-noncountry,CA,settlement,published,ca-amend-tr-record,Amendment of a temporary resident record,,,8 weeks,56,weeks,ok,2026-09-22,2026-09-25T00:45:33.675Z,https://www.canada.ca/content/dam/ircc/documents/json/data-ptime-non-country-en.json,official,active,,,2026-09-25T01:18:50.817Z
ca-atlantic-immigration-program,ircc-forward-looking,CA,settlement,forward,ca-atlantic-immigration-program,Atlantic Immigration Program,,,About 26 months,791.44,months,ok,2026-09-03,2026-09-25T00:45:28.713Z,https://www.canada.ca/content/dam/ircc/documents/json/flpt-en.json,official,active,,,2026-09-25T01:18:47.841Z
ca-canadian-experience-class,ircc-forward-looking,CA,settlement,forward,ca-canadian-experience-class,Canadian Experience Class,,,About 6 months,182.64,months,ok,2026-09-03,2026-09-25T00:45:28.713Z,https://www.canada.ca/content/dam/ircc/documents/json/flpt-en.json,official,active,,,2026-09-25T01:18:47.841Z
ca-caregivers,ircc-forward-looking,CA,settlement,forward,ca-caregivers,Caregivers (all programs),,,About 77 months,2343.88,months,ok,2026-09-03,2026-09-25T00:45:28.713Z,https://www.canada.ca/content/dam/ircc/documents/json/flpt-en.json,official,active,,,2026-09-25T01:18:47.841Z
ca-citizenship-adoption-part1,ircc-noncountry,CA,settlement,published,ca-citizenship-adoption-part1,Citizenship for a person adopted abroad (Part 1),,,Part 1: 4 months,121.76,months,ok,2026-09-22,2026-09-25T00:45:33.675Z,https://www.canada.ca/content/dam/ircc/documents/json/data-ptime-non-country-en.json,official,active,,,2026-09-25T01:18:50.817Z
ca-citizenship-certificate,ircc-forward-looking,CA,settlement,forward,ca-citizenship-certificate,Citizenship certificate (proof of citizenship),,,About 33 months,1004.52,months,ok,2026-09-03,2026-09-25T00:45:28.713Z,https://www.canada.ca/content/dam/ircc/documents/json/flpt-en.json,official,active,,,2026-09-25T01:18:47.841Z
ca-citizenship-grant,ircc-forward-looking,CA,settlement,forward,ca-citizenship-grant,Citizenship grant,,,About 12 months,365.28,months,ok,2026-09-03,2026-09-25T00:45:28.713Z,https://www.canada.ca/content/dam/ircc/documents/json/flpt-en.json,official,active,,,2026-09-25T01:18:47.841Z
ca-citizenship-record-search,ircc-noncountry,CA,settlement,published,ca-citizenship-record-search,Citizenship: search of citizenship records,,,18 months,547.92,months,ok,2026-09-22,2026-09-25T00:45:33.675Z,https://www.canada.ca/content/dam/ircc/documents/json/data-ptime-non-country-en.json,official,active,,,2026-09-25T01:18:50.817Z
ca-citizenship-renunciation,ircc-noncountry,CA,settlement,published,ca-citizenship-renunciation,Citizenship: renunciation,,,4 months,121.76,months,ok,2026-09-22,2026-09-25T00:45:33.675Z,https://www.canada.ca/content/dam/ircc/documents/json/data-ptime-non-country-en.json,official,active,,,2026-09-25T01:18:50.817Z
ca-citizenship-resumption,ircc-noncountry,CA,settlement,published,ca-citizenship-resumption,Citizenship: resumption,,,Not enough data,,,insufficient_data,2026-09-22,2026-09-25T00:45:33.675Z,https://www.canada.ca/content/dam/ircc/documents/json/data-ptime-non-country-en.json,official,active,,,2026-09-25T01:18:50.817Z
ca-eta,ircc-noncountry,CA,visa,published,ca-eta,Electronic Travel Authorization (eTA),,,5 minutes,0.0035,minutes,ok,2026-09-22,2026-09-25T00:45:33.675Z,https://www.canada.ca/content/dam/ircc/documents/json/data-ptime-non-country-en.json,official,active,,,2026-09-25T01:18:50.817Z
ca-federal-skilled-trades,ircc-noncountry,CA,settlement,published,ca-federal-skilled-trades,Federal Skilled Trades (Express Entry),,,Not enough data,,,insufficient_data,2026-09-22,2026-09-25T00:45:33.675Z,https://www.canada.ca/content/dam/ircc/documents/json/data-ptime-non-country-en.json,official,active,,,2026-09-25T01:18:50.817Z
ca-federal-skilled-worker,ircc-forward-looking,CA,settlement,forward,ca-federal-skilled-worker,Federal Skilled Worker Program,,,About 7 months,213.08,months,ok,2026-09-03,2026-09-25T00:45:28.713Z,https://www.canada.ca/content/dam/ircc/documents/json/flpt-en.json,official,active,,,2026-09-25T01:18:47.841Z
ca-government-assisted-refugees-outside-quebec,ircc-forward-looking,CA,refugee,forward,ca-government-assisted-refugees-outside-quebec,Government-assisted refugees — outside Quebec,,,About 14 months,426.16,months,ok,2026-09-03,2026-09-25T00:45:28.713Z,https://www.canada.ca/content/dam/ircc/documents/json/flpt-en.json,official,active,,,2026-09-25T01:18:47.841Z
ca-government-assisted-refugees-quebec,ircc-forward-looking,CA,refugee,forward,ca-government-assisted-refugees-quebec,Government-assisted refugees — Quebec,,,About 9 months,273.96,months,ok,2026-09-03,2026-09-25T00:45:28.713Z,https://www.canada.ca/content/dam/ircc/documents/json/flpt-en.json,official,active,,,2026-09-25T01:18:47.841Z
ca-humanitarian-compassionate-outside-quebec,ircc-forward-looking,CA,settlement,forward,ca-humanitarian-compassionate-outside-quebec,Humanitarian and compassionate cases — outside Quebec,,,More than 10 years,3652.5,years,ok,2026-09-03,2026-09-25T00:45:28.713Z,https://www.canada.ca/content/dam/ircc/documents/json/flpt-en.json,official,active,,,2026-09-25T01:18:47.841Z
ca-humanitarian-compassionate-quebec,ircc-forward-looking,CA,settlement,forward,ca-humanitarian-compassionate-quebec,Humanitarian and compassionate cases — Quebec,,,More than 10 years,3652.5,years,ok,2026-09-03,2026-09-25T00:45:28.713Z,https://www.canada.ca/content/dam/ircc/documents/json/flpt-en.json,official,active,,,2026-09-25T01:18:47.841Z
ca-iec,ircc-noncountry,CA,permit,published,ca-iec,International Experience Canada (current season),,,6 weeks,42,weeks,ok,2026-09-22,2026-09-25T00:45:33.675Z,https://www.canada.ca/content/dam/ircc/documents/json/data-ptime-non-country-en.json,official,active,,,2026-09-25T01:18:50.817Z
ca-iec-past-season,ircc-noncountry,CA,permit,published,ca-iec-past-season,International Experience Canada (previous season),,,Not enough data,,,insufficient_data,2026-09-22,2026-09-25T00:45:33.675Z,https://www.canada.ca/content/dam/ircc/documents/json/data-ptime-non-country-en.json,official,active,,,2026-09-25T01:18:50.817Z
ca-parents-grandparents-sponsorship-outside-quebec,ircc-forward-looking,CA,sponsorship,forward,ca-parents-grandparents-sponsorship-outside-quebec,Parents and grandparents sponsorship — outside Quebec,,,About 28 months,852.32,months,ok,2026-09-03,2026-09-25T00:45:28.713Z,https://www.canada.ca/content/dam/ircc/documents/json/flpt-en.json,official,active,,,2026-09-25T01:18:47.841Z
ca-parents-grandparents-sponsorship-quebec,ircc-forward-looking,CA,sponsorship,forward,ca-parents-grandparents-sponsorship-quebec,Parents and grandparents sponsorship — Quebec,,,About 63 months,1917.72,months,ok,2026-09-03,2026-09-25T00:45:28.713Z,https://www.canada.ca/content/dam/ircc/documents/json/flpt-en.json,official,active,,,2026-09-25T01:18:47.841Z
ca-passport-office,ircc-passport,CA,passport,service_standard,ca-passport-office,Passport (in person at a passport office),,,"up to 2 weeks, plus mail time",14,weeks,ok,2026-08-22,2026-08-22T01:17:31.484Z,https://www.canada.ca/en/immigration-refugees-citizenship/services/canadian-passports/processing-times.html,official,active,,,2026-09-25T01:18:54.832Z
ca-passport-service-canada,ircc-passport,CA,passport,service_standard,ca-passport-service-canada,Passport (Service Canada Centre or by mail),,,"up to 17 weeks, plus mail time",119,weeks,ok,2026-08-22,2026-08-22T01:17:31.484Z,https://www.canada.ca/en/immigration-refugees-citizenship/services/canadian-passports/processing-times.html,official,active,,,2026-09-25T01:18:54.832Z
ca-pr-card-new,ircc-noncountry,CA,settlement,published,ca-pr-card-new,PR card (first card),,,35 days,35,days,ok,2026-09-22,2026-09-25T00:45:33.675Z,https://www.canada.ca/content/dam/ircc/documents/json/data-ptime-non-country-en.json,official,active,,,2026-09-25T01:18:50.817Z
ca-pr-card-renewal,ircc-noncountry,CA,settlement,published,ca-pr-card-renewal,PR card (renewal or replacement),,,38 days,38,days,ok,2026-09-22,2026-09-25T00:45:33.675Z,https://www.canada.ca/content/dam/ircc/documents/json/data-ptime-non-country-en.json,official,active,,,2026-09-25T01:18:50.817Z
ca-privately-sponsored-refugees-outside-quebec,ircc-forward-looking,CA,refugee,forward,ca-privately-sponsored-refugees-outside-quebec,Privately sponsored refugees — outside Quebec,,,About 40 months,1217.6,months,ok,2026-09-03,2026-09-25T00:45:28.713Z,https://www.canada.ca/content/dam/ircc/documents/json/flpt-en.json,official,active,,,2026-09-25T01:18:47.841Z
ca-privately-sponsored-refugees-quebec,ircc-forward-looking,CA,refugee,forward,ca-privately-sponsored-refugees-quebec,Privately sponsored refugees — Quebec,,,About 54 months,1643.76,months,ok,2026-09-03,2026-09-25T00:45:28.713Z,https://www.canada.ca/content/dam/ircc/documents/json/flpt-en.json,official,active,,,2026-09-25T01:18:47.841Z
ca-protected-person-dependants-abroad-outside-quebec,ircc-forward-looking,CA,refugee,forward,ca-protected-person-dependants-abroad-outside-quebec,Dependants abroad of protected persons — outside Quebec,,,About 41 months,1248.04,months,ok,2026-09-03,2026-09-25T00:45:28.713Z,https://www.canada.ca/content/dam/ircc/documents/json/flpt-en.json,official,active,,,2026-09-25T01:18:47.841Z
ca-protected-person-dependants-abroad-quebec,ircc-forward-looking,CA,refugee,forward,ca-protected-person-dependants-abroad-quebec,Dependants abroad of protected persons — Quebec,,,More than 10 years,3652.5,years,ok,2026-09-03,2026-09-25T00:45:28.713Z,https://www.canada.ca/content/dam/ircc/documents/json/flpt-en.json,official,active,,,2026-09-25T01:18:47.841Z
ca-protected-persons-in-canada-outside-quebec,ircc-forward-looking,CA,refugee,forward,ca-protected-persons-in-canada-outside-quebec,Protected persons and Convention refugees in Canada — outside Quebec,,,About 13 months,395.72,months,ok,2026-09-03,2026-09-25T00:45:28.713Z,https://www.canada.ca/content/dam/ircc/documents/json/flpt-en.json,official,active,,,2026-09-25T01:18:47.841Z
ca-protected-persons-in-canada-quebec,ircc-forward-looking,CA,refugee,forward,ca-protected-persons-in-canada-quebec,Protected persons and Convention refugees in Canada — Quebec,,,More than 10 years,3652.5,years,ok,2026-09-03,2026-09-25T00:45:28.713Z,https://www.canada.ca/content/dam/ircc/documents/json/flpt-en.json,official,active,,,2026-09-25T01:18:47.841Z
ca-provincial-nominee-express-entry,ircc-forward-looking,CA,settlement,forward,ca-provincial-nominee-express-entry,Provincial Nominee Program (Express Entry),,,About 7 months,213.08,months,ok,2026-09-03,2026-09-25T00:45:28.713Z,https://www.canada.ca/content/dam/ircc/documents/json/flpt-en.json,official,active,,,2026-09-25T01:18:47.841Z
ca-provincial-nominee-non-express-entry,ircc-forward-looking,CA,settlement,forward,ca-provincial-nominee-non-express-entry,Provincial Nominee Program (non-Express Entry),,,About 13 months,395.72,months,ok,2026-09-03,2026-09-25T00:45:28.713Z,https://www.canada.ca/content/dam/ircc/documents/json/flpt-en.json,official,active,,,2026-09-25T01:18:47.841Z
ca-quebec-business-class,ircc-forward-looking,CA,settlement,forward,ca-quebec-business-class,Quebec Business Class,,,About 75 months,2283,months,ok,2026-09-03,2026-09-25T00:45:28.713Z,https://www.canada.ca/content/dam/ircc/documents/json/flpt-en.json,official,active,,,2026-09-25T01:18:47.841Z
ca-quebec-skilled-worker,ircc-forward-looking,CA,settlement,forward,ca-quebec-skilled-worker,Quebec Skilled Worker Program,,,11 months,334.84,months,ok,2026-09-03,2026-09-25T00:45:28.713Z,https://www.canada.ca/content/dam/ircc/documents/json/flpt-en.json,official,active,,,2026-09-25T01:18:47.841Z
ca-refugee-gov-assisted--ad,ircc-ptime,CA,refugee,backward,ca-refugee-gov-assisted,Government-assisted refugee resettlement,AD,Andorra,Not enough data,,,insufficient_data,2026-09-22,2026-09-25T00:45:26.696Z,https://www.canada.ca/content/dam/ircc/documents/json/data-ptime-en.json,official,active,,,2026-09-25T01:18:44.823Z
ca-refugee-gov-assisted--ae,ircc-ptime,CA,refugee,backward,ca-refugee-gov-assisted,Government-assisted refugee resettlement,AE,United Arab Emirates,Not enough data,,,insufficient_data,2026-09-22,2026-09-25T00:45:26.696Z,https://www.canada.ca/content/dam/ircc/documents/json/data-ptime-en.json,official,active,,,2026-09-25T01:18:44.823Z
ca-refugee-gov-assisted--af,ircc-ptime,CA,refugee,backward,ca-refugee-gov-assisted,Government-assisted refugee resettlement,AF,Afghanistan,Not enough data,,,insufficient_data,2026-09-22,2026-09-25T00:45:26.696Z,https://www.canada.ca/content/dam/ircc/documents/json/data-ptime-en.json,official,active,,,2026-09-25T01:18:44.823Z
ca-refugee-gov-assisted--ag,ircc-ptime,CA,refugee,backward,ca-refugee-gov-assisted,Government-assisted refugee resettlement,AG,Antigua & Barbuda,Not enough data,,,insufficient_data,2026-09-22,2026-09-25T00:45:26.696Z,https://www.canada.ca/content/dam/ircc/documents/json/data-ptime-en.json,official,active,,,2026-09-25T01:18:44.823Z
ca-refugee-gov-assisted--ai,ircc-ptime,CA,refugee,backward,ca-refugee-gov-assisted,Government-assisted refugee resettlement,AI,Anguilla,Not enough data,,,insufficient_data,2026-09-22,2026-09-25T00:45:26.696Z,https://www.canada.ca/content/dam/ircc/documents/json/data-ptime-en.json,official,active,,,2026-09-25T01:18:44.823Z
ca-refugee-gov-assisted--al,ircc-ptime,CA,refugee,backward,ca-refugee-gov-assisted,Government-assisted refugee resettlement,AL,Albania,Not enough data,,,insufficient_data,2026-09-22,2026-09-25T00:45:26.696Z,https://www.canada.ca/content/dam/ircc/documents/json/data-ptime-en.json,official,active,,,2026-09-25T01:18:44.823Z
ca-refugee-gov-assisted--am,ircc-ptime,CA,refugee,backward,ca-refugee-gov-assisted,Government-assisted refugee resettlement,AM,Armenia,Not enough data,,,insufficient_data,2026-09-22,2026-09-25T00:45:26.696Z,https://www.canada.ca/content/dam/ircc/documents/json/data-ptime-en.json,official,active,,,2026-09-25T01:18:44.823Z
ca-refugee-gov-assisted--ao,ircc-ptime,CA,refugee,backward,ca-refugee-gov-assisted,Government-assisted refugee resettlement,AO,Angola,Not enough data,,,insufficient_data,2026-09-22,2026-09-25T00:45:26.696Z,https://www.canada.ca/content/dam/ircc/documents/json/data-ptime-en.json,official,active,,,2026-09-25T01:18:44.823Z
ca-refugee-gov-assisted--ar,ircc-ptime,CA,refugee,backward,ca-refugee-gov-assisted,Government-assisted refugee resettlement,AR,Argentina,Not enough data,,,insufficient_data,2026-09-22,2026-09-25T00:45:26.696Z,https://www.canada.ca/content/dam/ircc/documents/json/data-ptime-en.json,official,active,,,2026-09-25T01:18:44.823Z
ca-refugee-gov-assisted--at,ircc-ptime,CA,refugee,backward,ca-refugee-gov-assisted,Government-assisted refugee resettlement,AT,Austria,Not enough data,,,insufficient_data,2026-09-22,2026-09-25T00:45:26.696Z,https://www.canada.ca/content/dam/ircc/documents/json/data-ptime-en.json,official,active,,,2026-09-25T01:18:44.823Z
ca-refugee-gov-assisted--au,ircc-ptime,CA,refugee,backward,ca-refugee-gov-assisted,Government-assisted refugee resettlement,AU,Australia,Not enough data,,,insufficient_data,2026-09-22,2026-09-25T00:45:26.696Z,https://www.canada.ca/content/dam/ircc/documents/json/data-ptime-en.json,official,active,,,2026-09-25T01:18:44.823Z
ca-refugee-gov-assisted--aw,ircc-ptime,CA,refugee,backward,ca-refugee-gov-assisted,Government-assisted refugee resettlement,AW,Aruba,Not enough data,,,insufficient_data,2026-09-22,2026-09-25T00:45:26.696Z,https://www.canada.ca/content/dam/ircc/documents/json/data-ptime-en.json,official,active,,,2026-09-25T01:18:44.823Z
ca-refugee-gov-assisted--az,ircc-ptime,CA,refugee,backward,ca-refugee-gov-assisted,Government-assisted refugee resettlement,AZ,Azerbaijan,Not enough data,,,insufficient_data,2026-09-22,2026-09-25T00:45:26.696Z,https://www.canada.ca/content/dam/ircc/documents/json/data-ptime-en.json,official,active,,,2026-09-25T01:18:44.823Z
ca-refugee-gov-assisted--ba,ircc-ptime,CA,refugee,backward,ca-refugee-gov-assisted,Government-assisted refugee resettlement,BA,Bosnia & Herzegovina,Not enough data,,,insufficient_data,2026-09-22,2026-09-25T00:45:26.696Z,https://www.canada.ca/content/dam/ircc/documents/json/data-ptime-en.json,official,active,,,2026-09-25T01:18:44.823Z
ca-refugee-gov-assisted--bb,ircc-ptime,CA,refugee,backward,ca-refugee-gov-assisted,Government-assisted refugee resettlement,BB,Barbados,Not enough data,,,insufficient_data,2026-09-22,2026-09-25T00:45:26.696Z,https://www.canada.ca/content/dam/ircc/documents/json/data-ptime-en.json,official,active,,,2026-09-25T01:18:44.823Z
ca-refugee-gov-assisted--bd,ircc-ptime,CA,refugee,backward,ca-refugee-gov-assisted,Government-assisted refugee resettlement,BD,Bangladesh,14 months,426.16,months,ok,2026-09-22,2026-09-25T00:45:26.696Z,https://www.canada.ca/content/dam/ircc/documents/json/data-ptime-en.json,official,active,,,2026-09-25T01:18:44.823Z
ca-refugee-gov-assisted--be,ircc-ptime,CA,refugee,backward,ca-refugee-gov-assisted,Government-assisted refugee resettlement,BE,Belgium,Not enough data,,,insufficient_data,2026-09-22,2026-09-25T00:45:26.696Z,https://www.canada.ca/content/dam/ircc/documents/json/data-ptime-en.json,official,active,,,2026-09-25T01:18:44.823Z
ca-refugee-gov-assisted--bf,ircc-ptime,CA,refugee,backward,ca-refugee-gov-assisted,Government-assisted refugee resettlement,BF,Burkina Faso,Not enough data,,,insufficient_data,2026-09-22,2026-09-25T00:45:26.696Z,https://www.canada.ca/content/dam/ircc/documents/json/data-ptime-en.json,official,active,,,2026-09-25T01:18:44.823Z
ca-refugee-gov-assisted--bg,ircc-ptime,CA,refugee,backward,ca-refugee-gov-assisted,Government-assisted refugee resettlement,BG,Bulgaria,Not enough data,,,insufficient_data,2026-09-22,2026-09-25T00:45:26.696Z,https://www.canada.ca/content/dam/ircc/documents/json/data-ptime-en.json,official,active,,,2026-09-25T01:18:44.823Z
ca-refugee-gov-assisted--bh,ircc-ptime,CA,refugee,backward,ca-refugee-gov-assisted,Government-assisted refugee resettlement,BH,Bahrain,Not enough data,,,insufficient_data,2026-09-22,2026-09-25T00:45:26.696Z,https://www.canada.ca/content/dam/ircc/documents/json/data-ptime-en.json,official,active,,,2026-09-25T01:18:44.823Z
ca-refugee-gov-assisted--bi,ircc-ptime,CA,refugee,backward,ca-refugee-gov-assisted,Government-assisted refugee resettlement,BI,Burundi,Not enough data,,,insufficient_data,2026-09-22,2026-09-25T00:45:26.696Z,https://www.canada.ca/content/dam/ircc/documents/json/data-ptime-en.json,official,active,,,2026-09-25T01:18:44.823Z
ca-refugee-gov-assisted--bj,ircc-ptime,CA,refugee,backward,ca-refugee-gov-assisted,Government-assisted refugee resettlement,BJ,Benin,Not enough data,,,insufficient_data,2026-09-22,2026-09-25T00:45:26.696Z,https://www.canada.ca/content/dam/ircc/documents/json/data-ptime-en.json,official,active,,,2026-09-25T01:18:44.823Z
ca-refugee-gov-assisted--bm,ircc-ptime,CA,refugee,backward,ca-refugee-gov-assisted,Government-assisted refugee resettlement,BM,Bermuda,Not enough data,,,insufficient_data,2026-09-22,2026-09-25T00:45:26.696Z,https://www.canada.ca/content/dam/ircc/documents/json/data-ptime-en.json,official,active,,,2026-09-25T01:18:44.823Z
ca-refugee-gov-assisted--bn,ircc-ptime,CA,refugee,backward,ca-refugee-gov-assisted,Government-assisted refugee resettlement,BN,Brunei,Not enough data,,,insufficient_data,2026-09-22,2026-09-25T00:45:26.696Z,https://www.canada.ca/content/dam/ircc/documents/json/data-ptime-en.json,official,active,,,2026-09-25T01:18:44.823Z
ca-refugee-gov-assisted--bo,ircc-ptime,CA,refugee,backward,ca-refugee-gov-assisted,Government-assisted refugee resettlement,BO,Bolivia,Not enough data,,,insufficient_data,2026-09-22,2026-09-25T00:45:26.696Z,https://www.canada.ca/content/dam/ircc/documents/json/data-ptime-en.json,official,active,,,2026-09-25T01:18:44.823Z
ca-refugee-gov-assisted--bq,ircc-ptime,CA,refugee,backward,ca-refugee-gov-assisted,Government-assisted refugee resettlement,BQ,Caribbean Netherlands,Not enough data,,,insufficient_data,2026-09-22,2026-09-25T00:45:26.696Z,https://www.canada.ca/content/dam/ircc/documents/json/data-ptime-en.json,official,active,,,2026-09-25T01:18:44.823Z
ca-refugee-gov-assisted--br,ircc-ptime,CA,refugee,backward,ca-refugee-gov-assisted,Government-assisted refugee resettlement,BR,Brazil,Not enough data,,,insufficient_data,2026-09-22,2026-09-25T00:45:26.696Z,https://www.canada.ca/content/dam/ircc/documents/json/data-ptime-en.json,official,active,,,2026-09-25T01:18:44.823Z
ca-refugee-gov-assisted--bs,ircc-ptime,CA,refugee,backward,ca-refugee-gov-assisted,Government-assisted refugee resettlement,BS,Bahamas,Not enough data,,,insufficient_data,2026-09-22,2026-09-25T00:45:26.696Z,https://www.canada.ca/content/dam/ircc/documents/json/data-ptime-en.json,official,active,,,2026-09-25T01:18:44.823Z
ca-refugee-gov-assisted--bt,ircc-ptime,CA,refugee,backward,ca-refugee-gov-assisted,Government-assisted refugee resettlement,BT,Bhutan,Not enough data,,,insufficient_data,2026-09-22,2026-09-25T00:45:26.696Z,https://www.canada.ca/content/dam/ircc/documents/json/data-ptime-en.json,official,active,,,2026-09-25T01:18:44.823Z
ca-refugee-gov-assisted--bw,ircc-ptime,CA,refugee,backward,ca-refugee-gov-assisted,Government-assisted refugee resettlement,BW,Botswana,Not enough data,,,insufficient_data,2026-09-22,2026-09-25T00:45:26.696Z,https://www.canada.ca/content/dam/ircc/documents/json/data-ptime-en.json,official,active,,,2026-09-25T01:18:44.823Z
ca-refugee-gov-assisted--by,ircc-ptime,CA,refugee,backward,ca-refugee-gov-assisted,Government-assisted refugee resettlement,BY,Belarus,Not enough data,,,insufficient_data,2026-09-22,2026-09-25T00:45:26.696Z,https://www.canada.ca/content/dam/ircc/documents/json/data-ptime-en.json,official,active,,,2026-09-25T01:18:44.823Z
ca-refugee-gov-assisted--bz,ircc-ptime,CA,refugee,backward,ca-refugee-gov-assisted,Government-assisted refugee resettlement,BZ,Belize,Not enough data,,,insufficient_data,2026-09-22,2026-09-25T00:45:26.696Z,https://www.canada.ca/content/dam/ircc/documents/json/data-ptime-en.json,official,active,,,2026-09-25T01:18:44.823Z
ca-refugee-gov-assisted--ca,ircc-ptime,CA,refugee,backward,ca-refugee-gov-assisted,Government-assisted refugee resettlement,CA,Canada,Not enough data,,,insufficient_data,2026-09-22,2026-09-25T00:45:26.696Z,https://www.canada.ca/content/dam/ircc/documents/json/data-ptime-en.json,official,active,,,2026-09-25T01:18:44.823Z
ca-refugee-gov-assisted--cd,ircc-ptime,CA,refugee,backward,ca-refugee-gov-assisted,Government-assisted refugee resettlement,CD,Congo - Kinshasa,Not enough data,,,insufficient_data,2026-09-22,2026-09-25T00:45:26.696Z,https://www.canada.ca/content/dam/ircc/documents/json/data-ptime-en.json,official,active,,,2026-09-25T01:18:44.823Z
ca-refugee-gov-assisted--cf,ircc-ptime,CA,refugee,backward,ca-refugee-gov-assisted,Government-assisted refugee resettlement,CF,Central African Republic,Not enough data,,,insufficient_data,2026-09-22,2026-09-25T00:45:26.696Z,https://www.canada.ca/content/dam/ircc/documents/json/data-ptime-en.json,official,active,,,2026-09-25T01:18:44.823Z
ca-refugee-gov-assisted--cg,ircc-ptime,CA,refugee,backward,ca-refugee-gov-assisted,Government-assisted refugee resettlement,CG,Congo - Brazzaville,Not enough data,,,insufficient_data,2026-09-22,2026-09-25T00:45:26.696Z,https://www.canada.ca/content/dam/ircc/documents/json/data-ptime-en.json,official,active,,,2026-09-25T01:18:44.823Z
ca-refugee-gov-assisted--ch,ircc-ptime,CA,refugee,backward,ca-refugee-gov-assisted,Government-assisted refugee resettlement,CH,Switzerland,Not enough data,,,insufficient_data,2026-09-22,2026-09-25T00:45:26.696Z,https://www.canada.ca/content/dam/ircc/documents/json/data-ptime-en.json,official,active,,,2026-09-25T01:18:44.823Z
ca-refugee-gov-assisted--ci,ircc-ptime,CA,refugee,backward,ca-refugee-gov-assisted,Government-assisted refugee resettlement,CI,Côte d’Ivoire,Not enough data,,,insufficient_data,2026-09-22,2026-09-25T00:45:26.696Z,https://www.canada.ca/content/dam/ircc/documents/json/data-ptime-en.json,official,active,,,2026-09-25T01:18:44.823Z
ca-refugee-gov-assisted--cl,ircc-ptime,CA,refugee,backward,ca-refugee-gov-assisted,Government-assisted refugee resettlement,CL,Chile,Not enough data,,,insufficient_data,2026-09-22,2026-09-25T00:45:26.696Z,https://www.canada.ca/content/dam/ircc/documents/json/data-ptime-en.json,official,active,,,2026-09-25T01:18:44.823Z
ca-refugee-gov-assisted--cm,ircc-ptime,CA,refugee,backward,ca-refugee-gov-assisted,Government-assisted refugee resettlement,CM,Cameroon,Not enough data,,,insufficient_data,2026-09-22,2026-09-25T00:45:26.696Z,https://www.canada.ca/content/dam/ircc/documents/json/data-ptime-en.json,official,active,,,2026-09-25T01:18:44.823Z
ca-refugee-gov-assisted--cn,ircc-ptime,CA,refugee,backward,ca-refugee-gov-assisted,Government-assisted refugee resettlement,CN,China,Not enough data,,,insufficient_data,2026-09-22,2026-09-25T00:45:26.696Z,https://www.canada.ca/content/dam/ircc/documents/json/data-ptime-en.json,official,active,,,2026-09-25T01:18:44.823Z
ca-refugee-gov-assisted--co,ircc-ptime,CA,refugee,backward,ca-refugee-gov-assisted,Government-assisted refugee resettlement,CO,Colombia,Not enough data,,,insufficient_data,2026-09-22,2026-09-25T00:45:26.696Z,https://www.canada.ca/content/dam/ircc/documents/json/data-ptime-en.json,official,active,,,2026-09-25T01:18:44.823Z
ca-refugee-gov-assisted--cr,ircc-ptime,CA,refugee,backward,ca-refugee-gov-assisted,Government-assisted refugee resettlement,CR,Costa Rica,Not enough data,,,insufficient_data,2026-09-22,2026-09-25T00:45:26.696Z,https://www.canada.ca/content/dam/ircc/documents/json/data-ptime-en.json,official,active,,,2026-09-25T01:18:44.823Z
ca-refugee-gov-assisted--cu,ircc-ptime,CA,refugee,backward,ca-refugee-gov-assisted,Government-assisted refugee resettlement,CU,Cuba,Not enough data,,,insufficient_data,2026-09-22,2026-09-25T00:45:26.696Z,https://www.canada.ca/content/dam/ircc/documents/json/data-ptime-en.json,official,active,,,2026-09-25T01:18:44.823Z
ca-refugee-gov-assisted--cv,ircc-ptime,CA,refugee,backward,ca-refugee-gov-assisted,Government-assisted refugee resettlement,CV,Cape Verde,Not enough data,,,insufficient_data,2026-09-22,2026-09-25T00:45:26.696Z,https://www.canada.ca/content/dam/ircc/documents/json/data-ptime-en.json,official,active,,,2026-09-25T01:18:44.823Z
ca-refugee-gov-assisted--cy,ircc-ptime,CA,refugee,backward,ca-refugee-gov-assisted,Government-assisted refugee resettlement,CY,Cyprus,Not enough data,,,insufficient_data,2026-09-22,2026-09-25T00:45:26.696Z,https://www.canada.ca/content/dam/ircc/documents/json/data-ptime-en.json,official,active,,,2026-09-25T01:18:44.823Z
ca-refugee-gov-assisted--cz,ircc-ptime,CA,refugee,backward,ca-refugee-gov-assisted,Government-assisted refugee resettlement,CZ,Czechia,Not enough data,,,insufficient_data,2026-09-22,2026-09-25T00:45:26.696Z,https://www.canada.ca/content/dam/ircc/documents/json/data-ptime-en.json,official,active,,,2026-09-25T01:18:44.823Z
ca-refugee-gov-assisted--de,ircc-ptime,CA,refugee,backward,ca-refugee-gov-assisted,Government-assisted refugee resettlement,DE,Germany,Not enough data,,,insufficient_data,2026-09-22,2026-09-25T00:45:26.696Z,https://www.canada.ca/content/dam/ircc/documents/json/data-ptime-en.json,official,active,,,2026-09-25T01:18:44.823Z
ca-refugee-gov-assisted--dj,ircc-ptime,CA,refugee,backward,ca-refugee-gov-assisted,Government-assisted refugee resettlement,DJ,Djibouti,Not enough data,,,insufficient_data,2026-09-22,2026-09-25T00:45:26.696Z,https://www.canada.ca/content/dam/ircc/documents/json/data-ptime-en.json,official,active,,,2026-09-25T01:18:44.823Z
ca-refugee-gov-assisted--dk,ircc-ptime,CA,refugee,backward,ca-refugee-gov-assisted,Government-assisted refugee resettlement,DK,Denmark,Not enough data,,,insufficient_data,2026-09-22,2026-09-25T00:45:26.696Z,https://www.canada.ca/content/dam/ircc/documents/json/data-ptime-en.json,official,active,,,2026-09-25T01:18:44.823Z
ca-refugee-gov-assisted--dm,ircc-ptime,CA,refugee,backward,ca-refugee-gov-assisted,Government-assisted refugee resettlement,DM,Dominica,Not enough data,,,insufficient_data,2026-09-22,2026-09-25T00:45:26.696Z,https://www.canada.ca/content/dam/ircc/documents/json/data-ptime-en.json,official,active,,,2026-09-25T01:18:44.823Z
ca-refugee-gov-assisted--do,ircc-ptime,CA,refugee,backward,ca-refugee-gov-assisted,Government-assisted refugee resettlement,DO,Dominican Republic,Not enough data,,,insufficient_data,2026-09-22,2026-09-25T00:45:26.696Z,https://www.canada.ca/content/dam/ircc/documents/json/data-ptime-en.json,official,active,,,2026-09-25T01:18:44.823Z
ca-refugee-gov-assisted--dz,ircc-ptime,CA,refugee,backward,ca-refugee-gov-assisted,Government-assisted refugee resettlement,DZ,Algeria,Not enough data,,,insufficient_data,2026-09-22,2026-09-25T00:45:26.696Z,https://www.canada.ca/content/dam/ircc/documents/json/data-ptime-en.json,official,active,,,2026-09-25T01:18:44.823Z
ca-refugee-gov-assisted--ec,ircc-ptime,CA,refugee,backward,ca-refugee-gov-assisted,Government-assisted refugee resettlement,EC,Ecuador,Not enough data,,,insufficient_data,2026-09-22,2026-09-25T00:45:26.696Z,https://www.canada.ca/content/dam/ircc/documents/json/data-ptime-en.json,official,active,,,2026-09-25T01:18:44.823Z
ca-refugee-gov-assisted--ee,ircc-ptime,CA,refugee,backward,ca-refugee-gov-assisted,Government-assisted refugee resettlement,EE,Estonia,Not enough data,,,insufficient_data,2026-09-22,2026-09-25T00:45:26.696Z,https://www.canada.ca/content/dam/ircc/documents/json/data-ptime-en.json,official,active,,,2026-09-25T01:18:44.823Z
ca-refugee-gov-assisted--eg,ircc-ptime,CA,refugee,backward,ca-refugee-gov-assisted,Government-assisted refugee resettlement,EG,Egypt,13 months,395.72,months,ok,2026-09-22,2026-09-25T00:45:26.696Z,https://www.canada.ca/content/dam/ircc/documents/json/data-ptime-en.json,official,active,,,2026-09-25T01:18:44.823Z
ca-refugee-gov-assisted--er,ircc-ptime,CA,refugee,backward,ca-refugee-gov-assisted,Government-assisted refugee resettlement,ER,Eritrea,Not enough data,,,insufficient_data,2026-09-22,2026-09-25T00:45:26.696Z,https://www.canada.ca/content/dam/ircc/documents/json/data-ptime-en.json,official,active,,,2026-09-25T01:18:44.823Z
ca-refugee-gov-assisted--es,ircc-ptime,CA,refugee,backward,ca-refugee-gov-assisted,Government-assisted refugee resettlement,ES,Spain,Not enough data,,,insufficient_data,2026-09-22,2026-09-25T00:45:26.696Z,https://www.canada.ca/content/dam/ircc/documents/json/data-ptime-en.json,official,active,,,2026-09-25T01:18:44.823Z
ca-refugee-gov-assisted--et,ircc-ptime,CA,refugee,backward,ca-refugee-gov-assisted,Government-assisted refugee resettlement,ET,Ethiopia,18 months,547.92,months,ok,2026-09-22,2026-09-25T00:45:26.696Z,https://www.canada.ca/content/dam/ircc/documents/json/data-ptime-en.json,official,active,,,2026-09-25T01:18:44.823Z
ca-refugee-gov-assisted--fi,ircc-ptime,CA,refugee,backward,ca-refugee-gov-assisted,Government-assisted refugee resettlement,FI,Finland,Not enough data,,,insufficient_data,2026-09-22,2026-09-25T00:45:26.696Z,https://www.canada.ca/content/dam/ircc/documents/json/data-ptime-en.json,official,active,,,2026-09-25T01:18:44.823Z
ca-refugee-gov-assisted--fj,ircc-ptime,CA,refugee,backward,ca-refugee-gov-assisted,Government-assisted refugee resettlement,FJ,Fiji,Not enough data,,,insufficient_data,2026-09-22,2026-09-25T00:45:26.696Z,https://www.canada.ca/content/dam/ircc/documents/json/data-ptime-en.json,official,active,,,2026-09-25T01:18:44.823Z
ca-refugee-gov-assisted--fm,ircc-ptime,CA,refugee,backward,ca-refugee-gov-assisted,Government-assisted refugee resettlement,FM,Micronesia,Not enough data,,,insufficient_data,2026-09-22,2026-09-25T00:45:26.696Z,https://www.canada.ca/content/dam/ircc/documents/json/data-ptime-en.json,official,active,,,2026-09-25T01:18:44.823Z
ca-refugee-gov-assisted--fr,ircc-ptime,CA,refugee,backward,ca-refugee-gov-assisted,Government-assisted refugee resettlement,FR,France,Not enough data,,,insufficient_data,2026-09-22,2026-09-25T00:45:26.696Z,https://www.canada.ca/content/dam/ircc/documents/json/data-ptime-en.json,official,active,,,2026-09-25T01:18:44.823Z
ca-refugee-gov-assisted--ga,ircc-ptime,CA,refugee,backward,ca-refugee-gov-assisted,Government-assisted refugee resettlement,GA,Gabon,Not enough data,,,insufficient_data,2026-09-22,2026-09-25T00:45:26.696Z,https://www.canada.ca/content/dam/ircc/documents/json/data-ptime-en.json,official,active,,,2026-09-25T01:18:44.823Z
ca-refugee-gov-assisted--gb,ircc-ptime,CA,refugee,backward,ca-refugee-gov-assisted,Government-assisted refugee resettlement,GB,United Kingdom,Not enough data,,,insufficient_data,2026-09-22,2026-09-25T00:45:26.696Z,https://www.canada.ca/content/dam/ircc/documents/json/data-ptime-en.json,official,active,,,2026-09-25T01:18:44.823Z
ca-refugee-gov-assisted--gd,ircc-ptime,CA,refugee,backward,ca-refugee-gov-assisted,Government-assisted refugee resettlement,GD,Grenada,Not enough data,,,insufficient_data,2026-09-22,2026-09-25T00:45:26.696Z,https://www.canada.ca/content/dam/ircc/documents/json/data-ptime-en.json,official,active,,,2026-09-25T01:18:44.823Z
ca-refugee-gov-assisted--ge,ircc-ptime,CA,refugee,backward,ca-refugee-gov-assisted,Government-assisted refugee resettlement,GE,Georgia,Not enough data,,,insufficient_data,2026-09-22,2026-09-25T00:45:26.696Z,https://www.canada.ca/content/dam/ircc/documents/json/data-ptime-en.json,official,active,,,2026-09-25T01:18:44.823Z
ca-refugee-gov-assisted--gh,ircc-ptime,CA,refugee,backward,ca-refugee-gov-assisted,Government-assisted refugee resettlement,GH,Ghana,Not enough data,,,insufficient_data,2026-09-22,2026-09-25T00:45:26.696Z,https://www.canada.ca/content/dam/ircc/documents/json/data-ptime-en.json,official,active,,,2026-09-25T01:18:44.823Z
ca-refugee-gov-assisted--gl,ircc-ptime,CA,refugee,backward,ca-refugee-gov-assisted,Government-assisted refugee resettlement,GL,Greenland,Not enough data,,,insufficient_data,2026-09-22,2026-09-25T00:45:26.696Z,https://www.canada.ca/content/dam/ircc/documents/json/data-ptime-en.json,official,active,,,2026-09-25T01:18:44.823Z
ca-refugee-gov-assisted--gm,ircc-ptime,CA,refugee,backward,ca-refugee-gov-assisted,Government-assisted refugee resettlement,GM,Gambia,Not enough data,,,insufficient_data,2026-09-22,2026-09-25T00:45:26.696Z,https://www.canada.ca/content/dam/ircc/documents/json/data-ptime-en.json,official,active,,,2026-09-25T01:18:44.823Z
ca-refugee-gov-assisted--gn,ircc-ptime,CA,refugee,backward,ca-refugee-gov-assisted,Government-assisted refugee resettlement,GN,Guinea,Not enough data,,,insufficient_data,2026-09-22,2026-09-25T00:45:26.696Z,https://www.canada.ca/content/dam/ircc/documents/json/data-ptime-en.json,official,active,,,2026-09-25T01:18:44.823Z
ca-refugee-gov-assisted--gq,ircc-ptime,CA,refugee,backward,ca-refugee-gov-assisted,Government-assisted refugee resettlement,GQ,Equatorial Guinea,Not enough data,,,insufficient_data,2026-09-22,2026-09-25T00:45:26.696Z,https://www.canada.ca/content/dam/ircc/documents/json/data-ptime-en.json,official,active,,,2026-09-25T01:18:44.823Z
ca-refugee-gov-assisted--gr,ircc-ptime,CA,refugee,backward,ca-refugee-gov-assisted,Government-assisted refugee resettlement,GR,Greece,Not enough data,,,insufficient_data,2026-09-22,2026-09-25T00:45:26.696Z,https://www.canada.ca/content/dam/ircc/documents/json/data-ptime-en.json,official,active,,,2026-09-25T01:18:44.823Z
ca-refugee-gov-assisted--gt,ircc-ptime,CA,refugee,backward,ca-refugee-gov-assisted,Government-assisted refugee resettlement,GT,Guatemala,Not enough data,,,insufficient_data,2026-09-22,2026-09-25T00:45:26.696Z,https://www.canada.ca/content/dam/ircc/documents/json/data-ptime-en.json,official,active,,,2026-09-25T01:18:44.823Z
ca-refugee-gov-assisted--gw,ircc-ptime,CA,refugee,backward,ca-refugee-gov-assisted,Government-assisted refugee resettlement,GW,Guinea-Bissau,Not enough data,,,insufficient_data,2026-09-22,2026-09-25T00:45:26.696Z,https://www.canada.ca/content/dam/ircc/documents/json/data-ptime-en.json,official,active,,,2026-09-25T01:18:44.823Z
ca-refugee-gov-assisted--gy,ircc-ptime,CA,refugee,backward,ca-refugee-gov-assisted,Government-assisted refugee resettlement,GY,Guyana,Not enough data,,,insufficient_data,2026-09-22,2026-09-25T00:45:26.696Z,https://www.canada.ca/content/dam/ircc/documents/json/data-ptime-en.json,official,active,,,2026-09-25T01:18:44.823Z
ca-refugee-gov-assisted--hk,ircc-ptime,CA,refugee,backward,ca-refugee-gov-assisted,Government-assisted refugee resettlement,HK,Hong Kong SAR China,Not enough data,,,insufficient_data,2026-09-22,2026-09-25T00:45:26.696Z,https://www.canada.ca/content/dam/ircc/documents/json/data-ptime-en.json,official,active,,,2026-09-25T01:18:44.823Z
ca-refugee-gov-assisted--hn,ircc-ptime,CA,refugee,backward,ca-refugee-gov-assisted,Government-assisted refugee resettlement,HN,Honduras,Not enough data,,,insufficient_data,2026-09-22,2026-09-25T00:45:26.696Z,https://www.canada.ca/content/dam/ircc/documents/json/data-ptime-en.json,official,active,,,2026-09-25T01:18:44.823Z
ca-refugee-gov-assisted--hr,ircc-ptime,CA,refugee,backward,ca-refugee-gov-assisted,Government-assisted refugee resettlement,HR,Croatia,Not enough data,,,insufficient_data,2026-09-22,2026-09-25T00:45:26.696Z,https://www.canada.ca/content/dam/ircc/documents/json/data-ptime-en.json,official,active,,,2026-09-25T01:18:44.823Z
ca-refugee-gov-assisted--ht,ircc-ptime,CA,refugee,backward,ca-refugee-gov-assisted,Government-assisted refugee resettlement,HT,Haiti,Not enough data,,,insufficient_data,2026-09-22,2026-09-25T00:45:26.696Z,https://www.canada.ca/content/dam/ircc/documents/json/data-ptime-en.json,official,active,,,2026-09-25T01:18:44.823Z
ca-refugee-gov-assisted--hu,ircc-ptime,CA,refugee,backward,ca-refugee-gov-assisted,Government-assisted refugee resettlement,HU,Hungary,Not enough data,,,insufficient_data,2026-09-22,2026-09-25T00:45:26.696Z,https://www.canada.ca/content/dam/ircc/documents/json/data-ptime-en.json,official,active,,,2026-09-25T01:18:44.823Z
ca-refugee-gov-assisted--id,ircc-ptime,CA,refugee,backward,ca-refugee-gov-assisted,Government-assisted refugee resettlement,ID,Indonesia,28 months,852.32,months,ok,2026-09-22,2026-09-25T00:45:26.696Z,https://www.canada.ca/content/dam/ircc/documents/json/data-ptime-en.json,official,active,,,2026-09-25T01:18:44.823Z
ca-refugee-gov-assisted--ie,ircc-ptime,CA,refugee,backward,ca-refugee-gov-assisted,Government-assisted refugee resettlement,IE,Ireland,Not enough data,,,insufficient_data,2026-09-22,2026-09-25T00:45:26.696Z,https://www.canada.ca/content/dam/ircc/documents/json/data-ptime-en.json,official,active,,,2026-09-25T01:18:44.823Z
ca-refugee-gov-assisted--il,ircc-ptime,CA,refugee,backward,ca-refugee-gov-assisted,Government-assisted refugee resettlement,IL,Israel,Not enough data,,,insufficient_data,2026-09-22,2026-09-25T00:45:26.696Z,https://www.canada.ca/content/dam/ircc/documents/json/data-ptime-en.json,official,active,,,2026-09-25T01:18:44.823Z
ca-refugee-gov-assisted--in,ircc-ptime,CA,refugee,backward,ca-refugee-gov-assisted,Government-assisted refugee resettlement,IN,India,Not enough data,,,insufficient_data,2026-09-22,2026-09-25T00:45:26.696Z,https://www.canada.ca/content/dam/ircc/documents/json/data-ptime-en.json,official,active,,,2026-09-25T01:18:44.823Z
ca-refugee-gov-assisted--io,ircc-ptime,CA,refugee,backward,ca-refugee-gov-assisted,Government-assisted refugee resettlement,IO,British Indian Ocean Territory,Not enough data,,,insufficient_data,2026-09-22,2026-09-25T00:45:26.696Z,https://www.canada.ca/content/dam/ircc/documents/json/data-ptime-en.json,official,active,,,2026-09-25T01:18:44.823Z
ca-refugee-gov-assisted--iq,ircc-ptime,CA,refugee,backward,ca-refugee-gov-assisted,Government-assisted refugee resettlement,IQ,Iraq,30 months,913.2,months,ok,2026-09-22,2026-09-25T00:45:26.696Z,https://www.canada.ca/content/dam/ircc/documents/json/data-ptime-en.json,official,active,,,2026-09-25T01:18:44.823Z
ca-refugee-gov-assisted--ir,ircc-ptime,CA,refugee,backward,ca-refugee-gov-assisted,Government-assisted refugee resettlement,IR,Iran,Not enough data,,,insufficient_data,2026-09-22,2026-09-25T00:45:26.696Z,https://www.canada.ca/content/dam/ircc/documents/json/data-ptime-en.json,official,active,,,2026-09-25T01:18:44.823Z
ca-refugee-gov-assisted--is,ircc-ptime,CA,refugee,backward,ca-refugee-gov-assisted,Government-assisted refugee resettlement,IS,Iceland,Not enough data,,,insufficient_data,2026-09-22,2026-09-25T00:45:26.696Z,https://www.canada.ca/content/dam/ircc/documents/json/data-ptime-en.json,official,active,,,2026-09-25T01:18:44.823Z
ca-refugee-gov-assisted--it,ircc-ptime,CA,refugee,backward,ca-refugee-gov-assisted,Government-assisted refugee resettlement,IT,Italy,Not enough data,,,insufficient_data,2026-09-22,2026-09-25T00:45:26.696Z,https://www.canada.ca/content/dam/ircc/documents/json/data-ptime-en.json,official,active,,,2026-09-25T01:18:44.823Z
ca-refugee-gov-assisted--jm,ircc-ptime,CA,refugee,backward,ca-refugee-gov-assisted,Government-assisted refugee resettlement,JM,Jamaica,Not enough data,,,insufficient_data,2026-09-22,2026-09-25T00:45:26.696Z,https://www.canada.ca/content/dam/ircc/documents/json/data-ptime-en.json,official,active,,,2026-09-25T01:18:44.823Z
ca-refugee-gov-assisted--jo,ircc-ptime,CA,refugee,backward,ca-refugee-gov-assisted,Government-assisted refugee resettlement,JO,Jordan,26 months,791.44,months,ok,2026-09-22,2026-09-25T00:45:26.696Z,https://www.canada.ca/content/dam/ircc/documents/json/data-ptime-en.json,official,active,,,2026-09-25T01:18:44.823Z
ca-refugee-gov-assisted--jp,ircc-ptime,CA,refugee,backward,ca-refugee-gov-assisted,Government-assisted refugee resettlement,JP,Japan,Not enough data,,,insufficient_data,2026-09-22,2026-09-25T00:45:26.696Z,https://www.canada.ca/content/dam/ircc/documents/json/data-ptime-en.json,official,active,,,2026-09-25T01:18:44.823Z
ca-refugee-gov-assisted--ke,ircc-ptime,CA,refugee,backward,ca-refugee-gov-assisted,Government-assisted refugee resettlement,KE,Kenya,19 months,578.36,months,ok,2026-09-22,2026-09-25T00:45:26.696Z,https://www.canada.ca/content/dam/ircc/documents/json/data-ptime-en.json,official,active,,,2026-09-25T01:18:44.823Z
ca-refugee-gov-assisted--kg,ircc-ptime,CA,refugee,backward,ca-refugee-gov-assisted,Government-assisted refugee resettlement,KG,Kyrgyzstan,Not enough data,,,insufficient_data,2026-09-22,2026-09-25T00:45:26.696Z,https://www.canada.ca/content/dam/ircc/documents/json/data-ptime-en.json,official,active,,,2026-09-25T01:18:44.823Z
ca-refugee-gov-assisted--kh,ircc-ptime,CA,refugee,backward,ca-refugee-gov-assisted,Government-assisted refugee resettlement,KH,Cambodia,Not enough data,,,insufficient_data,2026-09-22,2026-09-25T00:45:26.696Z,https://www.canada.ca/content/dam/ircc/documents/json/data-ptime-en.json,official,active,,,2026-09-25T01:18:44.823Z
ca-refugee-gov-assisted--ki,ircc-ptime,CA,refugee,backward,ca-refugee-gov-assisted,Government-assisted refugee resettlement,KI,Kiribati,Not enough data,,,insufficient_data,2026-09-22,2026-09-25T00:45:26.696Z,https://www.canada.ca/content/dam/ircc/documents/json/data-ptime-en.json,official,active,,,2026-09-25T01:18:44.823Z
ca-refugee-gov-assisted--km,ircc-ptime,CA,refugee,backward,ca-refugee-gov-assisted,Government-assisted refugee resettlement,KM,Comoros,Not enough data,,,insufficient_data,2026-09-22,2026-09-25T00:45:26.696Z,https://www.canada.ca/content/dam/ircc/documents/json/data-ptime-en.json,official,active,,,2026-09-25T01:18:44.823Z
ca-refugee-gov-assisted--kn,ircc-ptime,CA,refugee,backward,ca-refugee-gov-assisted,Government-assisted refugee resettlement,KN,St. Kitts & Nevis,Not enough data,,,insufficient_data,2026-09-22,2026-09-25T00:45:26.696Z,https://www.canada.ca/content/dam/ircc/documents/json/data-ptime-en.json,official,active,,,2026-09-25T01:18:44.823Z
ca-refugee-gov-assisted--kp,ircc-ptime,CA,refugee,backward,ca-refugee-gov-assisted,Government-assisted refugee resettlement,KP,North Korea,Not enough data,,,insufficient_data,2026-09-22,2026-09-25T00:45:26.696Z,https://www.canada.ca/content/dam/ircc/documents/json/data-ptime-en.json,official,active,,,2026-09-25T01:18:44.823Z
ca-refugee-gov-assisted--kr,ircc-ptime,CA,refugee,backward,ca-refugee-gov-assisted,Government-assisted refugee resettlement,KR,South Korea,Not enough data,,,insufficient_data,2026-09-22,2026-09-25T00:45:26.696Z,https://www.canada.ca/content/dam/ircc/documents/json/data-ptime-en.json,official,active,,,2026-09-25T01:18:44.823Z
ca-refugee-gov-assisted--kw,ircc-ptime,CA,refugee,backward,ca-refugee-gov-assisted,Government-assisted refugee resettlement,KW,Kuwait,Not enough data,,,insufficient_data,2026-09-22,2026-09-25T00:45:26.696Z,https://www.canada.ca/content/dam/ircc/documents/json/data-ptime-en.json,official,active,,,2026-09-25T01:18:44.823Z
ca-refugee-gov-assisted--ky,ircc-ptime,CA,refugee,backward,ca-refugee-gov-assisted,Government-assisted refugee resettlement,KY,Cayman Islands,Not enough data,,,insufficient_data,2026-09-22,2026-09-25T00:45:26.696Z,https://www.canada.ca/content/dam/ircc/documents/json/data-ptime-en.json,official,active,,,2026-09-25T01:18:44.823Z
ca-refugee-gov-assisted--kz,ircc-ptime,CA,refugee,backward,ca-refugee-gov-assisted,Government-assisted refugee resettlement,KZ,Kazakhstan,Not enough data,,,insufficient_data,2026-09-22,2026-09-25T00:45:26.696Z,https://www.canada.ca/content/dam/ircc/documents/json/data-ptime-en.json,official,active,,,2026-09-25T01:18:44.823Z
ca-refugee-gov-assisted--la,ircc-ptime,CA,refugee,backward,ca-refugee-gov-assisted,Government-assisted refugee resettlement,LA,Laos,Not enough data,,,insufficient_data,2026-09-22,2026-09-25T00:45:26.696Z,https://www.canada.ca/content/dam/ircc/documents/json/data-ptime-en.json,official,active,,,2026-09-25T01:18:44.823Z
ca-refugee-gov-assisted--lb,ircc-ptime,CA,refugee,backward,ca-refugee-gov-assisted,Government-assisted refugee resettlement,LB,Lebanon,16 months,487.04,months,ok,2026-09-22,2026-09-25T00:45:26.696Z,https://www.canada.ca/content/dam/ircc/documents/json/data-ptime-en.json,official,active,,,2026-09-25T01:18:44.823Z
ca-refugee-gov-assisted--lc,ircc-ptime,CA,refugee,backward,ca-refugee-gov-assisted,Government-assisted refugee resettlement,LC,St. Lucia,Not enough data,,,insufficient_data,2026-09-22,2026-09-25T00:45:26.696Z,https://www.canada.ca/content/dam/ircc/documents/json/data-ptime-en.json,official,active,,,2026-09-25T01:18:44.823Z
ca-refugee-gov-assisted--li,ircc-ptime,CA,refugee,backward,ca-refugee-gov-assisted,Government-assisted refugee resettlement,LI,Liechtenstein,Not enough data,,,insufficient_data,2026-09-22,2026-09-25T00:45:26.696Z,https://www.canada.ca/content/dam/ircc/documents/json/data-ptime-en.json,official,active,,,2026-09-25T01:18:44.823Z
ca-refugee-gov-assisted--lk,ircc-ptime,CA,refugee,backward,ca-refugee-gov-assisted,Government-assisted refugee resettlement,LK,Sri Lanka,Not enough data,,,insufficient_data,2026-09-22,2026-09-25T00:45:26.696Z,https://www.canada.ca/content/dam/ircc/documents/json/data-ptime-en.json,official,active,,,2026-09-25T01:18:44.823Z
ca-refugee-gov-assisted--lr,ircc-ptime,CA,refugee,backward,ca-refugee-gov-assisted,Government-assisted refugee resettlement,LR,Liberia,Not enough data,,,insufficient_data,2026-09-22,2026-09-25T00:45:26.696Z,https://www.canada.ca/content/dam/ircc/documents/json/data-ptime-en.json,official,active,,,2026-09-25T01:18:44.823Z
ca-refugee-gov-assisted--ls,ircc-ptime,CA,refugee,backward,ca-refugee-gov-assisted,Government-assisted refugee resettlement,LS,Lesotho,Not enough data,,,insufficient_data,2026-09-22,2026-09-25T00:45:26.696Z,https://www.canada.ca/content/dam/ircc/documents/json/data-ptime-en.json,official,active,,,2026-09-25T01:18:44.823Z
ca-refugee-gov-assisted--lt,ircc-ptime,CA,refugee,backward,ca-refugee-gov-assisted,Government-assisted refugee resettlement,LT,Lithuania,Not enough data,,,insufficient_data,2026-09-22,2026-09-25T00:45:26.696Z,https://www.canada.ca/content/dam/ircc/documents/json/data-ptime-en.json,official,active,,,2026-09-25T01:18:44.823Z
ca-refugee-gov-assisted--lu,ircc-ptime,CA,refugee,backward,ca-refugee-gov-assisted,Government-assisted refugee resettlement,LU,Luxembourg,Not enough data,,,insufficient_data,2026-09-22,2026-09-25T00:45:26.696Z,https://www.canada.ca/content/dam/ircc/documents/json/data-ptime-en.json,official,active,,,2026-09-25T01:18:44.823Z
ca-refugee-gov-assisted--lv,ircc-ptime,CA,refugee,backward,ca-refugee-gov-assisted,Government-assisted refugee resettlement,LV,Latvia,Not enough data,,,insufficient_data,2026-09-22,2026-09-25T00:45:26.696Z,https://www.canada.ca/content/dam/ircc/documents/json/data-ptime-en.json,official,active,,,2026-09-25T01:18:44.823Z
ca-refugee-gov-assisted--ly,ircc-ptime,CA,refugee,backward,ca-refugee-gov-assisted,Government-assisted refugee resettlement,LY,Libya,Not enough data,,,insufficient_data,2026-09-22,2026-09-25T00:45:26.696Z,https://www.canada.ca/content/dam/ircc/documents/json/data-ptime-en.json,official,active,,,2026-09-25T01:18:44.823Z
ca-refugee-gov-assisted--ma,ircc-ptime,CA,refugee,backward,ca-refugee-gov-assisted,Government-assisted refugee resettlement,MA,Morocco,13 months,395.72,months,ok,2026-09-22,2026-09-25T00:45:26.696Z,https://www.canada.ca/content/dam/ircc/documents/json/data-ptime-en.json,official,active,,,2026-09-25T01:18:44.823Z
ca-refugee-gov-assisted--mc,ircc-ptime,CA,refugee,backward,ca-refugee-gov-assisted,Government-assisted refugee resettlement,MC,Monaco,Not enough data,,,insufficient_data,2026-09-22,2026-09-25T00:45:26.696Z,https://www.canada.ca/content/dam/ircc/documents/json/data-ptime-en.json,official,active,,,2026-09-25T01:18:44.823Z
ca-refugee-gov-assisted--md,ircc-ptime,CA,refugee,backward,ca-refugee-gov-assisted,Government-assisted refugee resettlement,MD,Moldova,Not enough data,,,insufficient_data,2026-09-22,2026-09-25T00:45:26.696Z,https://www.canada.ca/content/dam/ircc/documents/json/data-ptime-en.json,official,active,,,2026-09-25T01:18:44.823Z
ca-refugee-gov-assisted--me,ircc-ptime,CA,refugee,backward,ca-refugee-gov-assisted,Government-assisted refugee resettlement,ME,Montenegro,Not enough data,,,insufficient_data,2026-09-22,2026-09-25T00:45:26.696Z,https://www.canada.ca/content/dam/ircc/documents/json/data-ptime-en.json,official,active,,,2026-09-25T01:18:44.823Z
ca-refugee-gov-assisted--mg,ircc-ptime,CA,refugee,backward,ca-refugee-gov-assisted,Government-assisted refugee resettlement,MG,Madagascar,Not enough data,,,insufficient_data,2026-09-22,2026-09-25T00:45:26.696Z,https://www.canada.ca/content/dam/ircc/documents/json/data-ptime-en.json,official,active,,,2026-09-25T01:18:44.823Z
ca-refugee-gov-assisted--mh,ircc-ptime,CA,refugee,backward,ca-refugee-gov-assisted,Government-assisted refugee resettlement,MH,Marshall Islands,Not enough data,,,insufficient_data,2026-09-22,2026-09-25T00:45:26.696Z,https://www.canada.ca/content/dam/ircc/documents/json/data-ptime-en.json,official,active,,,2026-09-25T01:18:44.823Z
ca-refugee-gov-assisted--mk,ircc-ptime,CA,refugee,backward,ca-refugee-gov-assisted,Government-assisted refugee resettlement,MK,North Macedonia,Not enough data,,,insufficient_data,2026-09-22,2026-09-25T00:45:26.696Z,https://www.canada.ca/content/dam/ircc/documents/json/data-ptime-en.json,official,active,,,2026-09-25T01:18:44.823Z
ca-refugee-gov-assisted--ml,ircc-ptime,CA,refugee,backward,ca-refugee-gov-assisted,Government-assisted refugee resettlement,ML,Mali,Not enough data,,,insufficient_data,2026-09-22,2026-09-25T00:45:26.696Z,https://www.canada.ca/content/dam/ircc/documents/json/data-ptime-en.json,official,active,,,2026-09-25T01:18:44.823Z
ca-refugee-gov-assisted--mm,ircc-ptime,CA,refugee,backward,ca-refugee-gov-assisted,Government-assisted refugee resettlement,MM,Myanmar (Burma),Not enough data,,,insufficient_data,2026-09-22,2026-09-25T00:45:26.696Z,https://www.canada.ca/content/dam/ircc/documents/json/data-ptime-en.json,official,active,,,2026-09-25T01:18:44.823Z
ca-refugee-gov-assisted--mn,ircc-ptime,CA,refugee,backward,ca-refugee-gov-assisted,Government-assisted refugee resettlement,MN,Mongolia,Not enough data,,,insufficient_data,2026-09-22,2026-09-25T00:45:26.696Z,https://www.canada.ca/content/dam/ircc/documents/json/data-ptime-en.json,official,active,,,2026-09-25T01:18:44.823Z
ca-refugee-gov-assisted--mo,ircc-ptime,CA,refugee,backward,ca-refugee-gov-assisted,Government-assisted refugee resettlement,MO,Macao SAR China,Not enough data,,,insufficient_data,2026-09-22,2026-09-25T00:45:26.696Z,https://www.canada.ca/content/dam/ircc/documents/json/data-ptime-en.json,official,active,,,2026-09-25T01:18:44.823Z
ca-refugee-gov-assisted--mq,ircc-ptime,CA,refugee,backward,ca-refugee-gov-assisted,Government-assisted refugee resettlement,MQ,Martinique,Not enough data,,,insufficient_data,2026-09-22,2026-09-25T00:45:26.696Z,https://www.canada.ca/content/dam/ircc/documents/json/data-ptime-en.json,official,active,,,2026-09-25T01:18:44.823Z
ca-refugee-gov-assisted--mr,ircc-ptime,CA,refugee,backward,ca-refugee-gov-assisted,Government-assisted refugee resettlement,MR,Mauritania,Not enough data,,,insufficient_data,2026-09-22,2026-09-25T00:45:26.696Z,https://www.canada.ca/content/dam/ircc/documents/json/data-ptime-en.json,official,active,,,2026-09-25T01:18:44.823Z
ca-refugee-gov-assisted--mt,ircc-ptime,CA,refugee,backward,ca-refugee-gov-assisted,Government-assisted refugee resettlement,MT,Malta,Not enough data,,,insufficient_data,2026-09-22,2026-09-25T00:45:26.696Z,https://www.canada.ca/content/dam/ircc/documents/json/data-ptime-en.json,official,active,,,2026-09-25T01:18:44.823Z
ca-refugee-gov-assisted--mu,ircc-ptime,CA,refugee,backward,ca-refugee-gov-assisted,Government-assisted refugee resettlement,MU,Mauritius,Not enough data,,,insufficient_data,2026-09-22,2026-09-25T00:45:26.696Z,https://www.canada.ca/content/dam/ircc/documents/json/data-ptime-en.json,official,active,,,2026-09-25T01:18:44.823Z
ca-refugee-gov-assisted--mv,ircc-ptime,CA,refugee,backward,ca-refugee-gov-assisted,Government-assisted refugee resettlement,MV,Maldives,Not enough data,,,insufficient_data,2026-09-22,2026-09-25T00:45:26.696Z,https://www.canada.ca/content/dam/ircc/documents/json/data-ptime-en.json,official,active,,,2026-09-25T01:18:44.823Z
ca-refugee-gov-assisted--mw,ircc-ptime,CA,refugee,backward,ca-refugee-gov-assisted,Government-assisted refugee resettlement,MW,Malawi,Not enough data,,,insufficient_data,2026-09-22,2026-09-25T00:45:26.696Z,https://www.canada.ca/content/dam/ircc/documents/json/data-ptime-en.json,official,active,,,2026-09-25T01:18:44.823Z
ca-refugee-gov-assisted--mx,ircc-ptime,CA,refugee,backward,ca-refugee-gov-assisted,Government-assisted refugee resettlement,MX,Mexico,Not enough data,,,insufficient_data,2026-09-22,2026-09-25T00:45:26.696Z,https://www.canada.ca/content/dam/ircc/documents/json/data-ptime-en.json,official,active,,,2026-09-25T01:18:44.823Z
ca-refugee-gov-assisted--my,ircc-ptime,CA,refugee,backward,ca-refugee-gov-assisted,Government-assisted refugee resettlement,MY,Malaysia,17 months,517.48,months,ok,2026-09-22,2026-09-25T00:45:26.696Z,https://www.canada.ca/content/dam/ircc/documents/json/data-ptime-en.json,official,active,,,2026-09-25T01:18:44.823Z
ca-refugee-gov-assisted--mz,ircc-ptime,CA,refugee,backward,ca-refugee-gov-assisted,Government-assisted refugee resettlement,MZ,Mozambique,Not enough data,,,insufficient_data,2026-09-22,2026-09-25T00:45:26.696Z,https://www.canada.ca/content/dam/ircc/documents/json/data-ptime-en.json,official,active,,,2026-09-25T01:18:44.823Z
ca-refugee-gov-assisted--na,ircc-ptime,CA,refugee,backward,ca-refugee-gov-assisted,Government-assisted refugee resettlement,NA,Namibia,Not enough data,,,insufficient_data,2026-09-22,2026-09-25T00:45:26.696Z,https://www.canada.ca/content/dam/ircc/documents/json/data-ptime-en.json,official,active,,,2026-09-25T01:18:44.823Z
ca-refugee-gov-assisted--nc,ircc-ptime,CA,refugee,backward,ca-refugee-gov-assisted,Government-assisted refugee resettlement,NC,New Caledonia,Not enough data,,,insufficient_data,2026-09-22,2026-09-25T00:45:26.696Z,https://www.canada.ca/content/dam/ircc/documents/json/data-ptime-en.json,official,active,,,2026-09-25T01:18:44.823Z
ca-refugee-gov-assisted--ne,ircc-ptime,CA,refugee,backward,ca-refugee-gov-assisted,Government-assisted refugee resettlement,NE,Niger,19 months,578.36,months,ok,2026-09-22,2026-09-25T00:45:26.696Z,https://www.canada.ca/content/dam/ircc/documents/json/data-ptime-en.json,official,active,,,2026-09-25T01:18:44.823Z
ca-refugee-gov-assisted--ng,ircc-ptime,CA,refugee,backward,ca-refugee-gov-assisted,Government-assisted refugee resettlement,NG,Nigeria,Not enough data,,,insufficient_data,2026-09-22,2026-09-25T00:45:26.696Z,https://www.canada.ca/content/dam/ircc/documents/json/data-ptime-en.json,official,active,,,2026-09-25T01:18:44.823Z
ca-refugee-gov-assisted--ni,ircc-ptime,CA,refugee,backward,ca-refugee-gov-assisted,Government-assisted refugee resettlement,NI,Nicaragua,Not enough data,,,insufficient_data,2026-09-22,2026-09-25T00:45:26.696Z,https://www.canada.ca/content/dam/ircc/documents/json/data-ptime-en.json,official,active,,,2026-09-25T01:18:44.823Z
ca-refugee-gov-assisted--nl,ircc-ptime,CA,refugee,backward,ca-refugee-gov-assisted,Government-assisted refugee resettlement,NL,Netherlands,Not enough data,,,insufficient_data,2026-09-22,2026-09-25T00:45:26.696Z,https://www.canada.ca/content/dam/ircc/documents/json/data-ptime-en.json,official,active,,,2026-09-25T01:18:44.823Z
ca-refugee-gov-assisted--no,ircc-ptime,CA,refugee,backward,ca-refugee-gov-assisted,Government-assisted refugee resettlement,NO,Norway,Not enough data,,,insufficient_data,2026-09-22,2026-09-25T00:45:26.696Z,https://www.canada.ca/content/dam/ircc/documents/json/data-ptime-en.json,official,active,,,2026-09-25T01:18:44.823Z
ca-refugee-gov-assisted--np,ircc-ptime,CA,refugee,backward,ca-refugee-gov-assisted,Government-assisted refugee resettlement,NP,Nepal,Not enough data,,,insufficient_data,2026-09-22,2026-09-25T00:45:26.696Z,https://www.canada.ca/content/dam/ircc/documents/json/data-ptime-en.json,official,active,,,2026-09-25T01:18:44.823Z
ca-refugee-gov-assisted--nr,ircc-ptime,CA,refugee,backward,ca-refugee-gov-assisted,Government-assisted refugee resettlement,NR,Nauru,Not enough data,,,insufficient_data,2026-09-22,2026-09-25T00:45:26.696Z,https://www.canada.ca/content/dam/ircc/documents/json/data-ptime-en.json,official,active,,,2026-09-25T01:18:44.823Z
ca-refugee-gov-assisted--nz,ircc-ptime,CA,refugee,backward,ca-refugee-gov-assisted,Government-assisted refugee resettlement,NZ,New Zealand,Not enough data,,,insufficient_data,2026-09-22,2026-09-25T00:45:26.696Z,https://www.canada.ca/content/dam/ircc/documents/json/data-ptime-en.json,official,active,,,2026-09-25T01:18:44.823Z
ca-refugee-gov-assisted--om,ircc-ptime,CA,refugee,backward,ca-refugee-gov-assisted,Government-assisted refugee resettlement,OM,Oman,Not enough data,,,insufficient_data,2026-09-22,2026-09-25T00:45:26.696Z,https://www.canada.ca/content/dam/ircc/documents/json/data-ptime-en.json,official,active,,,2026-09-25T01:18:44.823Z
ca-refugee-gov-assisted--pa,ircc-ptime,CA,refugee,backward,ca-refugee-gov-assisted,Government-assisted refugee resettlement,PA,Panama,Not enough data,,,insufficient_data,2026-09-22,2026-09-25T00:45:26.696Z,https://www.canada.ca/content/dam/ircc/documents/json/data-ptime-en.json,official,active,,,2026-09-25T01:18:44.823Z
ca-refugee-gov-assisted--pe,ircc-ptime,CA,refugee,backward,ca-refugee-gov-assisted,Government-assisted refugee resettlement,PE,Peru,Not enough data,,,insufficient_data,2026-09-22,2026-09-25T00:45:26.696Z,https://www.canada.ca/content/dam/ircc/documents/json/data-ptime-en.json,official,active,,,2026-09-25T01:18:44.823Z
ca-refugee-gov-assisted--pf,ircc-ptime,CA,refugee,backward,ca-refugee-gov-assisted,Government-assisted refugee resettlement,PF,French Polynesia,Not enough data,,,insufficient_data,2026-09-22,2026-09-25T00:45:26.696Z,https://www.canada.ca/content/dam/ircc/documents/json/data-ptime-en.json,official,active,,,2026-09-25T01:18:44.823Z
ca-refugee-gov-assisted--pg,ircc-ptime,CA,refugee,backward,ca-refugee-gov-assisted,Government-assisted refugee resettlement,PG,Papua New Guinea,Not enough data,,,insufficient_data,2026-09-22,2026-09-25T00:45:26.696Z,https://www.canada.ca/content/dam/ircc/documents/json/data-ptime-en.json,official,active,,,2026-09-25T01:18:44.823Z
ca-refugee-gov-assisted--ph,ircc-ptime,CA,refugee,backward,ca-refugee-gov-assisted,Government-assisted refugee resettlement,PH,Philippines,Not enough data,,,insufficient_data,2026-09-22,2026-09-25T00:45:26.696Z,https://www.canada.ca/content/dam/ircc/documents/json/data-ptime-en.json,official,active,,,2026-09-25T01:18:44.823Z
ca-refugee-gov-assisted--pk,ircc-ptime,CA,refugee,backward,ca-refugee-gov-assisted,Government-assisted refugee resettlement,PK,Pakistan,Not enough data,,,insufficient_data,2026-09-22,2026-09-25T00:45:26.696Z,https://www.canada.ca/content/dam/ircc/documents/json/data-ptime-en.json,official,active,,,2026-09-25T01:18:44.823Z
ca-refugee-gov-assisted--pl,ircc-ptime,CA,refugee,backward,ca-refugee-gov-assisted,Government-assisted refugee resettlement,PL,Poland,Not enough data,,,insufficient_data,2026-09-22,2026-09-25T00:45:26.696Z,https://www.canada.ca/content/dam/ircc/documents/json/data-ptime-en.json,official,active,,,2026-09-25T01:18:44.823Z
ca-refugee-gov-assisted--pr,ircc-ptime,CA,refugee,backward,ca-refugee-gov-assisted,Government-assisted refugee resettlement,PR,Puerto Rico,Not enough data,,,insufficient_data,2026-09-22,2026-09-25T00:45:26.696Z,https://www.canada.ca/content/dam/ircc/documents/json/data-ptime-en.json,official,active,,,2026-09-25T01:18:44.823Z
ca-refugee-gov-assisted--ps,ircc-ptime,CA,refugee,backward,ca-refugee-gov-assisted,Government-assisted refugee resettlement,PS,Palestinian Territories,Not enough data,,,insufficient_data,2026-09-22,2026-09-25T00:45:26.696Z,https://www.canada.ca/content/dam/ircc/documents/json/data-ptime-en.json,official,active,,,2026-09-25T01:18:44.823Z
ca-refugee-gov-assisted--pt,ircc-ptime,CA,refugee,backward,ca-refugee-gov-assisted,Government-assisted refugee resettlement,PT,Portugal,Not enough data,,,insufficient_data,2026-09-22,2026-09-25T00:45:26.696Z,https://www.canada.ca/content/dam/ircc/documents/json/data-ptime-en.json,official,active,,,2026-09-25T01:18:44.823Z
ca-refugee-gov-assisted--py,ircc-ptime,CA,refugee,backward,ca-refugee-gov-assisted,Government-assisted refugee resettlement,PY,Paraguay,Not enough data,,,insufficient_data,2026-09-22,2026-09-25T00:45:26.696Z,https://www.canada.ca/content/dam/ircc/documents/json/data-ptime-en.json,official,active,,,2026-09-25T01:18:44.823Z
ca-refugee-gov-assisted--qa,ircc-ptime,CA,refugee,backward,ca-refugee-gov-assisted,Government-assisted refugee resettlement,QA,Qatar,Not enough data,,,insufficient_data,2026-09-22,2026-09-25T00:45:26.696Z,https://www.canada.ca/content/dam/ircc/documents/json/data-ptime-en.json,official,active,,,2026-09-25T01:18:44.823Z
ca-refugee-gov-assisted--ro,ircc-ptime,CA,refugee,backward,ca-refugee-gov-assisted,Government-assisted refugee resettlement,RO,Romania,Not enough data,,,insufficient_data,2026-09-22,2026-09-25T00:45:26.696Z,https://www.canada.ca/content/dam/ircc/documents/json/data-ptime-en.json,official,active,,,2026-09-25T01:18:44.823Z
ca-refugee-gov-assisted--rs,ircc-ptime,CA,refugee,backward,ca-refugee-gov-assisted,Government-assisted refugee resettlement,RS,Serbia,Not enough data,,,insufficient_data,2026-09-22,2026-09-25T00:45:26.696Z,https://www.canada.ca/content/dam/ircc/documents/json/data-ptime-en.json,official,active,,,2026-09-25T01:18:44.823Z
ca-refugee-gov-assisted--ru,ircc-ptime,CA,refugee,backward,ca-refugee-gov-assisted,Government-assisted refugee resettlement,RU,Russia,Not enough data,,,insufficient_data,2026-09-22,2026-09-25T00:45:26.696Z,https://www.canada.ca/content/dam/ircc/documents/json/data-ptime-en.json,official,active,,,2026-09-25T01:18:44.823Z
ca-refugee-gov-assisted--rw,ircc-ptime,CA,refugee,backward,ca-refugee-gov-assisted,Government-assisted refugee resettlement,RW,Rwanda,12 months,365.28,months,ok,2026-09-22,2026-09-25T00:45:26.696Z,https://www.canada.ca/content/dam/ircc/documents/json/data-ptime-en.json,official,active,,,2026-09-25T01:18:44.823Z
ca-refugee-gov-assisted--sa,ircc-ptime,CA,refugee,backward,ca-refugee-gov-assisted,Government-assisted refugee resettlement,SA,Saudi Arabia,Not enough data,,,insufficient_data,2026-09-22,2026-09-25T00:45:26.696Z,https://www.canada.ca/content/dam/ircc/documents/json/data-ptime-en.json,official,active,,,2026-09-25T01:18:44.823Z
ca-refugee-gov-assisted--sb,ircc-ptime,CA,refugee,backward,ca-refugee-gov-assisted,Government-assisted refugee resettlement,SB,Solomon Islands,Not enough data,,,insufficient_data,2026-09-22,2026-09-25T00:45:26.696Z,https://www.canada.ca/content/dam/ircc/documents/json/data-ptime-en.json,official,active,,,2026-09-25T01:18:44.823Z
ca-refugee-gov-assisted--sc,ircc-ptime,CA,refugee,backward,ca-refugee-gov-assisted,Government-assisted refugee resettlement,SC,Seychelles,Not enough data,,,insufficient_data,2026-09-22,2026-09-25T00:45:26.696Z,https://www.canada.ca/content/dam/ircc/documents/json/data-ptime-en.json,official,active,,,2026-09-25T01:18:44.823Z
ca-refugee-gov-assisted--sd,ircc-ptime,CA,refugee,backward,ca-refugee-gov-assisted,Government-assisted refugee resettlement,SD,Sudan,Not enough data,,,insufficient_data,2026-09-22,2026-09-25T00:45:26.696Z,https://www.canada.ca/content/dam/ircc/documents/json/data-ptime-en.json,official,active,,,2026-09-25T01:18:44.823Z
ca-refugee-gov-assisted--se,ircc-ptime,CA,refugee,backward,ca-refugee-gov-assisted,Government-assisted refugee resettlement,SE,Sweden,Not enough data,,,insufficient_data,2026-09-22,2026-09-25T00:45:26.696Z,https://www.canada.ca/content/dam/ircc/documents/json/data-ptime-en.json,official,active,,,2026-09-25T01:18:44.823Z
ca-refugee-gov-assisted--sg,ircc-ptime,CA,refugee,backward,ca-refugee-gov-assisted,Government-assisted refugee resettlement,SG,Singapore,Not enough data,,,insufficient_data,2026-09-22,2026-09-25T00:45:26.696Z,https://www.canada.ca/content/dam/ircc/documents/json/data-ptime-en.json,official,active,,,2026-09-25T01:18:44.823Z
ca-refugee-gov-assisted--si,ircc-ptime,CA,refugee,backward,ca-refugee-gov-assisted,Government-assisted refugee resettlement,SI,Slovenia,Not enough data,,,insufficient_data,2026-09-22,2026-09-25T00:45:26.696Z,https://www.canada.ca/content/dam/ircc/documents/json/data-ptime-en.json,official,active,,,2026-09-25T01:18:44.823Z
ca-refugee-gov-assisted--sk,ircc-ptime,CA,refugee,backward,ca-refugee-gov-assisted,Government-assisted refugee resettlement,SK,Slovakia,Not enough data,,,insufficient_data,2026-09-22,2026-09-25T00:45:26.696Z,https://www.canada.ca/content/dam/ircc/documents/json/data-ptime-en.json,official,active,,,2026-09-25T01:18:44.823Z
ca-refugee-gov-assisted--sl,ircc-ptime,CA,refugee,backward,ca-refugee-gov-assisted,Government-assisted refugee resettlement,SL,Sierra Leone,Not enough data,,,insufficient_data,2026-09-22,2026-09-25T00:45:26.696Z,https://www.canada.ca/content/dam/ircc/documents/json/data-ptime-en.json,official,active,,,2026-09-25T01:18:44.823Z
ca-refugee-gov-assisted--sm,ircc-ptime,CA,refugee,backward,ca-refugee-gov-assisted,Government-assisted refugee resettlement,SM,San Marino,Not enough data,,,insufficient_data,2026-09-22,2026-09-25T00:45:26.696Z,https://www.canada.ca/content/dam/ircc/documents/json/data-ptime-en.json,official,active,,,2026-09-25T01:18:44.823Z
ca-refugee-gov-assisted--sn,ircc-ptime,CA,refugee,backward,ca-refugee-gov-assisted,Government-assisted refugee resettlement,SN,Senegal,Not enough data,,,insufficient_data,2026-09-22,2026-09-25T00:45:26.696Z,https://www.canada.ca/content/dam/ircc/documents/json/data-ptime-en.json,official,active,,,2026-09-25T01:18:44.823Z
ca-refugee-gov-assisted--so,ircc-ptime,CA,refugee,backward,ca-refugee-gov-assisted,Government-assisted refugee resettlement,SO,Somalia,Not enough data,,,insufficient_data,2026-09-22,2026-09-25T00:45:26.696Z,https://www.canada.ca/content/dam/ircc/documents/json/data-ptime-en.json,official,active,,,2026-09-25T01:18:44.823Z
ca-refugee-gov-assisted--sr,ircc-ptime,CA,refugee,backward,ca-refugee-gov-assisted,Government-assisted refugee resettlement,SR,Suriname,Not enough data,,,insufficient_data,2026-09-22,2026-09-25T00:45:26.696Z,https://www.canada.ca/content/dam/ircc/documents/json/data-ptime-en.json,official,active,,,2026-09-25T01:18:44.823Z
ca-refugee-gov-assisted--ss,ircc-ptime,CA,refugee,backward,ca-refugee-gov-assisted,Government-assisted refugee resettlement,SS,South Sudan,14 months,426.16,months,ok,2026-09-22,2026-09-25T00:45:26.696Z,https://www.canada.ca/content/dam/ircc/documents/json/data-ptime-en.json,official,active,,,2026-09-25T01:18:44.823Z
ca-refugee-gov-assisted--st,ircc-ptime,CA,refugee,backward,ca-refugee-gov-assisted,Government-assisted refugee resettlement,ST,São Tomé & Príncipe,Not enough data,,,insufficient_data,2026-09-22,2026-09-25T00:45:26.696Z,https://www.canada.ca/content/dam/ircc/documents/json/data-ptime-en.json,official,active,,,2026-09-25T01:18:44.823Z
ca-refugee-gov-assisted--sv,ircc-ptime,CA,refugee,backward,ca-refugee-gov-assisted,Government-assisted refugee resettlement,SV,El Salvador,Not enough data,,,insufficient_data,2026-09-22,2026-09-25T00:45:26.696Z,https://www.canada.ca/content/dam/ircc/documents/json/data-ptime-en.json,official,active,,,2026-09-25T01:18:44.823Z
ca-refugee-gov-assisted--sy,ircc-ptime,CA,refugee,backward,ca-refugee-gov-assisted,Government-assisted refugee resettlement,SY,Syria,Not enough data,,,insufficient_data,2026-09-22,2026-09-25T00:45:26.696Z,https://www.canada.ca/content/dam/ircc/documents/json/data-ptime-en.json,official,active,,,2026-09-25T01:18:44.823Z
ca-refugee-gov-assisted--sz,ircc-ptime,CA,refugee,backward,ca-refugee-gov-assisted,Government-assisted refugee resettlement,SZ,Eswatini,Not enough data,,,insufficient_data,2026-09-22,2026-09-25T00:45:26.696Z,https://www.canada.ca/content/dam/ircc/documents/json/data-ptime-en.json,official,active,,,2026-09-25T01:18:44.823Z
ca-refugee-gov-assisted--tc,ircc-ptime,CA,refugee,backward,ca-refugee-gov-assisted,Government-assisted refugee resettlement,TC,Turks & Caicos Islands,Not enough data,,,insufficient_data,2026-09-22,2026-09-25T00:45:26.696Z,https://www.canada.ca/content/dam/ircc/documents/json/data-ptime-en.json,official,active,,,2026-09-25T01:18:44.823Z
ca-refugee-gov-assisted--td,ircc-ptime,CA,refugee,backward,ca-refugee-gov-assisted,Government-assisted refugee resettlement,TD,Chad,Not enough data,,,insufficient_data,2026-09-22,2026-09-25T00:45:26.696Z,https://www.canada.ca/content/dam/ircc/documents/json/data-ptime-en.json,official,active,,,2026-09-25T01:18:44.823Z
ca-refugee-gov-assisted--tg,ircc-ptime,CA,refugee,backward,ca-refugee-gov-assisted,Government-assisted refugee resettlement,TG,Togo,Not enough data,,,insufficient_data,2026-09-22,2026-09-25T00:45:26.696Z,https://www.canada.ca/content/dam/ircc/documents/json/data-ptime-en.json,official,active,,,2026-09-25T01:18:44.823Z
ca-refugee-gov-assisted--th,ircc-ptime,CA,refugee,backward,ca-refugee-gov-assisted,Government-assisted refugee resettlement,TH,Thailand,7 months,213.08,months,ok,2026-09-22,2026-09-25T00:45:26.696Z,https://www.canada.ca/content/dam/ircc/documents/json/data-ptime-en.json,official,active,,,2026-09-25T01:18:44.823Z
ca-refugee-gov-assisted--tj,ircc-ptime,CA,refugee,backward,ca-refugee-gov-assisted,Government-assisted refugee resettlement,TJ,Tajikistan,Not enough data,,,insufficient_data,2026-09-22,2026-09-25T00:45:26.696Z,https://www.canada.ca/content/dam/ircc/documents/json/data-ptime-en.json,official,active,,,2026-09-25T01:18:44.823Z
ca-refugee-gov-assisted--tl,ircc-ptime,CA,refugee,backward,ca-refugee-gov-assisted,Government-assisted refugee resettlement,TL,Timor-Leste,Not enough data,,,insufficient_data,2026-09-22,2026-09-25T00:45:26.696Z,https://www.canada.ca/content/dam/ircc/documents/json/data-ptime-en.json,official,active,,,2026-09-25T01:18:44.823Z
ca-refugee-gov-assisted--tm,ircc-ptime,CA,refugee,backward,ca-refugee-gov-assisted,Government-assisted refugee resettlement,TM,Turkmenistan,Not enough data,,,insufficient_data,2026-09-22,2026-09-25T00:45:26.696Z,https://www.canada.ca/content/dam/ircc/documents/json/data-ptime-en.json,official,active,,,2026-09-25T01:18:44.823Z
ca-refugee-gov-assisted--tn,ircc-ptime,CA,refugee,backward,ca-refugee-gov-assisted,Government-assisted refugee resettlement,TN,Tunisia,Not enough data,,,insufficient_data,2026-09-22,2026-09-25T00:45:26.696Z,https://www.canada.ca/content/dam/ircc/documents/json/data-ptime-en.json,official,active,,,2026-09-25T01:18:44.823Z
ca-refugee-gov-assisted--to,ircc-ptime,CA,refugee,backward,ca-refugee-gov-assisted,Government-assisted refugee resettlement,TO,Tonga,Not enough data,,,insufficient_data,2026-09-22,2026-09-25T00:45:26.696Z,https://www.canada.ca/content/dam/ircc/documents/json/data-ptime-en.json,official,active,,,2026-09-25T01:18:44.823Z
ca-refugee-gov-assisted--tr,ircc-ptime,CA,refugee,backward,ca-refugee-gov-assisted,Government-assisted refugee resettlement,TR,Türkiye,14 months,426.16,months,ok,2026-09-22,2026-09-25T00:45:26.696Z,https://www.canada.ca/content/dam/ircc/documents/json/data-ptime-en.json,official,active,,,2026-09-25T01:18:44.823Z
ca-refugee-gov-assisted--tt,ircc-ptime,CA,refugee,backward,ca-refugee-gov-assisted,Government-assisted refugee resettlement,TT,Trinidad & Tobago,Not enough data,,,insufficient_data,2026-09-22,2026-09-25T00:45:26.696Z,https://www.canada.ca/content/dam/ircc/documents/json/data-ptime-en.json,official,active,,,2026-09-25T01:18:44.823Z
ca-refugee-gov-assisted--tv,ircc-ptime,CA,refugee,backward,ca-refugee-gov-assisted,Government-assisted refugee resettlement,TV,Tuvalu,Not enough data,,,insufficient_data,2026-09-22,2026-09-25T00:45:26.696Z,https://www.canada.ca/content/dam/ircc/documents/json/data-ptime-en.json,official,active,,,2026-09-25T01:18:44.823Z
ca-refugee-gov-assisted--tw,ircc-ptime,CA,refugee,backward,ca-refugee-gov-assisted,Government-assisted refugee resettlement,TW,Taiwan,Not enough data,,,insufficient_data,2026-09-22,2026-09-25T00:45:26.696Z,https://www.canada.ca/content/dam/ircc/documents/json/data-ptime-en.json,official,active,,,2026-09-25T01:18:44.823Z
ca-refugee-gov-assisted--tz,ircc-ptime,CA,refugee,backward,ca-refugee-gov-assisted,Government-assisted refugee resettlement,TZ,Tanzania,60 months,1826.4,months,ok,2026-09-22,2026-09-25T00:45:26.696Z,https://www.canada.ca/content/dam/ircc/documents/json/data-ptime-en.json,official,active,,,2026-09-25T01:18:44.823Z
ca-refugee-gov-assisted--ua,ircc-ptime,CA,refugee,backward,ca-refugee-gov-assisted,Government-assisted refugee resettlement,UA,Ukraine,Not enough data,,,insufficient_data,2026-09-22,2026-09-25T00:45:26.696Z,https://www.canada.ca/content/dam/ircc/documents/json/data-ptime-en.json,official,active,,,2026-09-25T01:18:44.823Z
ca-refugee-gov-assisted--ug,ircc-ptime,CA,refugee,backward,ca-refugee-gov-assisted,Government-assisted refugee resettlement,UG,Uganda,21 months,639.24,months,ok,2026-09-22,2026-09-25T00:45:26.696Z,https://www.canada.ca/content/dam/ircc/documents/json/data-ptime-en.json,official,active,,,2026-09-25T01:18:44.823Z
ca-refugee-gov-assisted--us,ircc-ptime,CA,refugee,backward,ca-refugee-gov-assisted,Government-assisted refugee resettlement,US,United States,Not enough data,,,insufficient_data,2026-09-22,2026-09-25T00:45:26.696Z,https://www.canada.ca/content/dam/ircc/documents/json/data-ptime-en.json,official,active,,,2026-09-25T01:18:44.823Z
ca-refugee-gov-assisted--uy,ircc-ptime,CA,refugee,backward,ca-refugee-gov-assisted,Government-assisted refugee resettlement,UY,Uruguay,Not enough data,,,insufficient_data,2026-09-22,2026-09-25T00:45:26.696Z,https://www.canada.ca/content/dam/ircc/documents/json/data-ptime-en.json,official,active,,,2026-09-25T01:18:44.823Z
ca-refugee-gov-assisted--uz,ircc-ptime,CA,refugee,backward,ca-refugee-gov-assisted,Government-assisted refugee resettlement,UZ,Uzbekistan,Not enough data,,,insufficient_data,2026-09-22,2026-09-25T00:45:26.696Z,https://www.canada.ca/content/dam/ircc/documents/json/data-ptime-en.json,official,active,,,2026-09-25T01:18:44.823Z
ca-refugee-gov-assisted--va,ircc-ptime,CA,refugee,backward,ca-refugee-gov-assisted,Government-assisted refugee resettlement,VA,Vatican City,Not enough data,,,insufficient_data,2026-09-22,2026-09-25T00:45:26.696Z,https://www.canada.ca/content/dam/ircc/documents/json/data-ptime-en.json,official,active,,,2026-09-25T01:18:44.823Z
ca-refugee-gov-assisted--vc,ircc-ptime,CA,refugee,backward,ca-refugee-gov-assisted,Government-assisted refugee resettlement,VC,St. Vincent & Grenadines,Not enough data,,,insufficient_data,2026-09-22,2026-09-25T00:45:26.696Z,https://www.canada.ca/content/dam/ircc/documents/json/data-ptime-en.json,official,active,,,2026-09-25T01:18:44.823Z
ca-refugee-gov-assisted--ve,ircc-ptime,CA,refugee,backward,ca-refugee-gov-assisted,Government-assisted refugee resettlement,VE,Venezuela,Not enough data,,,insufficient_data,2026-09-22,2026-09-25T00:45:26.696Z,https://www.canada.ca/content/dam/ircc/documents/json/data-ptime-en.json,official,active,,,2026-09-25T01:18:44.823Z
ca-refugee-gov-assisted--vi,ircc-ptime,CA,refugee,backward,ca-refugee-gov-assisted,Government-assisted refugee resettlement,VI,U.S. Virgin Islands,Not enough data,,,insufficient_data,2026-09-22,2026-09-25T00:45:26.696Z,https://www.canada.ca/content/dam/ircc/documents/json/data-ptime-en.json,official,active,,,2026-09-25T01:18:44.823Z
ca-refugee-gov-assisted--vn,ircc-ptime,CA,refugee,backward,ca-refugee-gov-assisted,Government-assisted refugee resettlement,VN,Vietnam,Not enough data,,,insufficient_data,2026-09-22,2026-09-25T00:45:26.696Z,https://www.canada.ca/content/dam/ircc/documents/json/data-ptime-en.json,official,active,,,2026-09-25T01:18:44.823Z
ca-refugee-gov-assisted--vu,ircc-ptime,CA,refugee,backward,ca-refugee-gov-assisted,Government-assisted refugee resettlement,VU,Vanuatu,Not enough data,,,insufficient_data,2026-09-22,2026-09-25T00:45:26.696Z,https://www.canada.ca/content/dam/ircc/documents/json/data-ptime-en.json,official,active,,,2026-09-25T01:18:44.823Z
ca-refugee-gov-assisted--wb,ircc-ptime,CA,refugee,backward,ca-refugee-gov-assisted,Government-assisted refugee resettlement,WB,WB,Not enough data,,,insufficient_data,2026-09-22,2026-09-25T00:45:26.696Z,https://www.canada.ca/content/dam/ircc/documents/json/data-ptime-en.json,official,active,,,2026-09-25T01:18:44.823Z
ca-refugee-gov-assisted--ws,ircc-ptime,CA,refugee,backward,ca-refugee-gov-assisted,Government-assisted refugee resettlement,WS,Samoa,Not enough data,,,insufficient_data,2026-09-22,2026-09-25T00:45:26.696Z,https://www.canada.ca/content/dam/ircc/documents/json/data-ptime-en.json,official,active,,,2026-09-25T01:18:44.823Z
ca-refugee-gov-assisted--xk,ircc-ptime,CA,refugee,backward,ca-refugee-gov-assisted,Government-assisted refugee resettlement,XK,Kosovo,Not enough data,,,insufficient_data,2026-09-22,2026-09-25T00:45:26.696Z,https://www.canada.ca/content/dam/ircc/documents/json/data-ptime-en.json,official,active,,,2026-09-25T01:18:44.823Z
ca-refugee-gov-assisted--ye,ircc-ptime,CA,refugee,backward,ca-refugee-gov-assisted,Government-assisted refugee resettlement,YE,Yemen,Not enough data,,,insufficient_data,2026-09-22,2026-09-25T00:45:26.696Z,https://www.canada.ca/content/dam/ircc/documents/json/data-ptime-en.json,official,active,,,2026-09-25T01:18:44.823Z
ca-refugee-gov-assisted--za,ircc-ptime,CA,refugee,backward,ca-refugee-gov-assisted,Government-assisted refugee resettlement,ZA,South Africa,Not enough data,,,insufficient_data,2026-09-22,2026-09-25T00:45:26.696Z,https://www.canada.ca/content/dam/ircc/documents/json/data-ptime-en.json,official,active,,,2026-09-25T01:18:44.823Z
ca-refugee-gov-assisted--zm,ircc-ptime,CA,refugee,backward,ca-refugee-gov-assisted,Government-assisted refugee resettlement,ZM,Zambia,Not enough data,,,insufficient_data,2026-09-22,2026-09-25T00:45:26.696Z,https://www.canada.ca/content/dam/ircc/documents/json/data-ptime-en.json,official,active,,,2026-09-25T01:18:44.823Z
ca-refugee-gov-assisted--zw,ircc-ptime,CA,refugee,backward,ca-refugee-gov-assisted,Government-assisted refugee resettlement,ZW,Zimbabwe,Not enough data,,,insufficient_data,2026-09-22,2026-09-25T00:45:26.696Z,https://www.canada.ca/content/dam/ircc/documents/json/data-ptime-en.json,official,active,,,2026-09-25T01:18:44.823Z
ca-refugee-private-refugee-side--ad,ircc-ptime,CA,refugee,backward,ca-refugee-private-refugee-side,Privately sponsored refugee: refugee processing,AD,Andorra,Not enough data,,,insufficient_data,2026-09-22,2026-09-25T00:45:26.696Z,https://www.canada.ca/content/dam/ircc/documents/json/data-ptime-en.json,official,active,,,2026-09-25T01:18:44.823Z
ca-refugee-private-refugee-side--ae,ircc-ptime,CA,refugee,backward,ca-refugee-private-refugee-side,Privately sponsored refugee: refugee processing,AE,United Arab Emirates,24 months,730.56,months,ok,2026-09-22,2026-09-25T00:45:26.696Z,https://www.canada.ca/content/dam/ircc/documents/json/data-ptime-en.json,official,active,,,2026-09-25T01:18:44.823Z
ca-refugee-private-refugee-side--af,ircc-ptime,CA,refugee,backward,ca-refugee-private-refugee-side,Privately sponsored refugee: refugee processing,AF,Afghanistan,Not enough data,,,insufficient_data,2026-09-22,2026-09-25T00:45:26.696Z,https://www.canada.ca/content/dam/ircc/documents/json/data-ptime-en.json,official,active,,,2026-09-25T01:18:44.823Z
ca-refugee-private-refugee-side--ag,ircc-ptime,CA,refugee,backward,ca-refugee-private-refugee-side,Privately sponsored refugee: refugee processing,AG,Antigua & Barbuda,Not enough data,,,insufficient_data,2026-09-22,2026-09-25T00:45:26.696Z,https://www.canada.ca/content/dam/ircc/documents/json/data-ptime-en.json,official,active,,,2026-09-25T01:18:44.823Z
ca-refugee-private-refugee-side--ai,ircc-ptime,CA,refugee,backward,ca-refugee-private-refugee-side,Privately sponsored refugee: refugee processing,AI,Anguilla,Not enough data,,,insufficient_data,2026-09-22,2026-09-25T00:45:26.696Z,https://www.canada.ca/content/dam/ircc/documents/json/data-ptime-en.json,official,active,,,2026-09-25T01:18:44.823Z
ca-refugee-private-refugee-side--al,ircc-ptime,CA,refugee,backward,ca-refugee-private-refugee-side,Privately sponsored refugee: refugee processing,AL,Albania,Not enough data,,,insufficient_data,2026-09-22,2026-09-25T00:45:26.696Z,https://www.canada.ca/content/dam/ircc/documents/json/data-ptime-en.json,official,active,,,2026-09-25T01:18:44.823Z
ca-refugee-private-refugee-side--am,ircc-ptime,CA,refugee,backward,ca-refugee-private-refugee-side,Privately sponsored refugee: refugee processing,AM,Armenia,Not enough data,,,insufficient_data,2026-09-22,2026-09-25T00:45:26.696Z,https://www.canada.ca/content/dam/ircc/documents/json/data-ptime-en.json,official,active,,,2026-09-25T01:18:44.823Z
ca-refugee-private-refugee-side--ao,ircc-ptime,CA,refugee,backward,ca-refugee-private-refugee-side,Privately sponsored refugee: refugee processing,AO,Angola,Not enough data,,,insufficient_data,2026-09-22,2026-09-25T00:45:26.696Z,https://www.canada.ca/content/dam/ircc/documents/json/data-ptime-en.json,official,active,,,2026-09-25T01:18:44.823Z
ca-refugee-private-refugee-side--ar,ircc-ptime,CA,refugee,backward,ca-refugee-private-refugee-side,Privately sponsored refugee: refugee processing,AR,Argentina,Not enough data,,,insufficient_data,2026-09-22,2026-09-25T00:45:26.696Z,https://www.canada.ca/content/dam/ircc/documents/json/data-ptime-en.json,official,active,,,2026-09-25T01:18:44.823Z
ca-refugee-private-refugee-side--at,ircc-ptime,CA,refugee,backward,ca-refugee-private-refugee-side,Privately sponsored refugee: refugee processing,AT,Austria,Not enough data,,,insufficient_data,2026-09-22,2026-09-25T00:45:26.696Z,https://www.canada.ca/content/dam/ircc/documents/json/data-ptime-en.json,official,active,,,2026-09-25T01:18:44.823Z
ca-refugee-private-refugee-side--au,ircc-ptime,CA,refugee,backward,ca-refugee-private-refugee-side,Privately sponsored refugee: refugee processing,AU,Australia,Not enough data,,,insufficient_data,2026-09-22,2026-09-25T00:45:26.696Z,https://www.canada.ca/content/dam/ircc/documents/json/data-ptime-en.json,official,active,,,2026-09-25T01:18:44.823Z
ca-refugee-private-refugee-side--aw,ircc-ptime,CA,refugee,backward,ca-refugee-private-refugee-side,Privately sponsored refugee: refugee processing,AW,Aruba,Not enough data,,,insufficient_data,2026-09-22,2026-09-25T00:45:26.696Z,https://www.canada.ca/content/dam/ircc/documents/json/data-ptime-en.json,official,active,,,2026-09-25T01:18:44.823Z
ca-refugee-private-refugee-side--az,ircc-ptime,CA,refugee,backward,ca-refugee-private-refugee-side,Privately sponsored refugee: refugee processing,AZ,Azerbaijan,Not enough data,,,insufficient_data,2026-09-22,2026-09-25T00:45:26.696Z,https://www.canada.ca/content/dam/ircc/documents/json/data-ptime-en.json,official,active,,,2026-09-25T01:18:44.823Z
ca-refugee-private-refugee-side--ba,ircc-ptime,CA,refugee,backward,ca-refugee-private-refugee-side,Privately sponsored refugee: refugee processing,BA,Bosnia & Herzegovina,Not enough data,,,insufficient_data,2026-09-22,2026-09-25T00:45:26.696Z,https://www.canada.ca/content/dam/ircc/documents/json/data-ptime-en.json,official,active,,,2026-09-25T01:18:44.823Z
ca-refugee-private-refugee-side--bb,ircc-ptime,CA,refugee,backward,ca-refugee-private-refugee-side,Privately sponsored refugee: refugee processing,BB,Barbados,Not enough data,,,insufficient_data,2026-09-22,2026-09-25T00:45:26.696Z,https://www.canada.ca/content/dam/ircc/documents/json/data-ptime-en.json,official,active,,,2026-09-25T01:18:44.823Z
ca-refugee-private-refugee-side--bd,ircc-ptime,CA,refugee,backward,ca-refugee-private-refugee-side,Privately sponsored refugee: refugee processing,BD,Bangladesh,Not enough data,,,insufficient_data,2026-09-22,2026-09-25T00:45:26.696Z,https://www.canada.ca/content/dam/ircc/documents/json/data-ptime-en.json,official,active,,,2026-09-25T01:18:44.823Z
ca-refugee-private-refugee-side--be,ircc-ptime,CA,refugee,backward,ca-refugee-private-refugee-side,Privately sponsored refugee: refugee processing,BE,Belgium,Not enough data,,,insufficient_data,2026-09-22,2026-09-25T00:45:26.696Z,https://www.canada.ca/content/dam/ircc/documents/json/data-ptime-en.json,official,active,,,2026-09-25T01:18:44.823Z
ca-refugee-private-refugee-side--bf,ircc-ptime,CA,refugee,backward,ca-refugee-private-refugee-side,Privately sponsored refugee: refugee processing,BF,Burkina Faso,Not enough data,,,insufficient_data,2026-09-22,2026-09-25T00:45:26.696Z,https://www.canada.ca/content/dam/ircc/documents/json/data-ptime-en.json,official,active,,,2026-09-25T01:18:44.823Z
ca-refugee-private-refugee-side--bg,ircc-ptime,CA,refugee,backward,ca-refugee-private-refugee-side,Privately sponsored refugee: refugee processing,BG,Bulgaria,Not enough data,,,insufficient_data,2026-09-22,2026-09-25T00:45:26.696Z,https://www.canada.ca/content/dam/ircc/documents/json/data-ptime-en.json,official,active,,,2026-09-25T01:18:44.823Z
ca-refugee-private-refugee-side--bh,ircc-ptime,CA,refugee,backward,ca-refugee-private-refugee-side,Privately sponsored refugee: refugee processing,BH,Bahrain,Not enough data,,,insufficient_data,2026-09-22,2026-09-25T00:45:26.696Z,https://www.canada.ca/content/dam/ircc/documents/json/data-ptime-en.json,official,active,,,2026-09-25T01:18:44.823Z
ca-refugee-private-refugee-side--bi,ircc-ptime,CA,refugee,backward,ca-refugee-private-refugee-side,Privately sponsored refugee: refugee processing,BI,Burundi,Not enough data,,,insufficient_data,2026-09-22,2026-09-25T00:45:26.696Z,https://www.canada.ca/content/dam/ircc/documents/json/data-ptime-en.json,official,active,,,2026-09-25T01:18:44.823Z
ca-refugee-private-refugee-side--bj,ircc-ptime,CA,refugee,backward,ca-refugee-private-refugee-side,Privately sponsored refugee: refugee processing,BJ,Benin,Not enough data,,,insufficient_data,2026-09-22,2026-09-25T00:45:26.696Z,https://www.canada.ca/content/dam/ircc/documents/json/data-ptime-en.json,official,active,,,2026-09-25T01:18:44.823Z
ca-refugee-private-refugee-side--bm,ircc-ptime,CA,refugee,backward,ca-refugee-private-refugee-side,Privately sponsored refugee: refugee processing,BM,Bermuda,Not enough data,,,insufficient_data,2026-09-22,2026-09-25T00:45:26.696Z,https://www.canada.ca/content/dam/ircc/documents/json/data-ptime-en.json,official,active,,,2026-09-25T01:18:44.823Z
ca-refugee-private-refugee-side--bn,ircc-ptime,CA,refugee,backward,ca-refugee-private-refugee-side,Privately sponsored refugee: refugee processing,BN,Brunei,Not enough data,,,insufficient_data,2026-09-22,2026-09-25T00:45:26.696Z,https://www.canada.ca/content/dam/ircc/documents/json/data-ptime-en.json,official,active,,,2026-09-25T01:18:44.823Z
ca-refugee-private-refugee-side--bo,ircc-ptime,CA,refugee,backward,ca-refugee-private-refugee-side,Privately sponsored refugee: refugee processing,BO,Bolivia,Not enough data,,,insufficient_data,2026-09-22,2026-09-25T00:45:26.696Z,https://www.canada.ca/content/dam/ircc/documents/json/data-ptime-en.json,official,active,,,2026-09-25T01:18:44.823Z
ca-refugee-private-refugee-side--bq,ircc-ptime,CA,refugee,backward,ca-refugee-private-refugee-side,Privately sponsored refugee: refugee processing,BQ,Caribbean Netherlands,Not enough data,,,insufficient_data,2026-09-22,2026-09-25T00:45:26.696Z,https://www.canada.ca/content/dam/ircc/documents/json/data-ptime-en.json,official,active,,,2026-09-25T01:18:44.823Z
ca-refugee-private-refugee-side--br,ircc-ptime,CA,refugee,backward,ca-refugee-private-refugee-side,Privately sponsored refugee: refugee processing,BR,Brazil,Not enough data,,,insufficient_data,2026-09-22,2026-09-25T00:45:26.696Z,https://www.canada.ca/content/dam/ircc/documents/json/data-ptime-en.json,official,active,,,2026-09-25T01:18:44.823Z
ca-refugee-private-refugee-side--bs,ircc-ptime,CA,refugee,backward,ca-refugee-private-refugee-side,Privately sponsored refugee: refugee processing,BS,Bahamas,Not enough data,,,insufficient_data,2026-09-22,2026-09-25T00:45:26.696Z,https://www.canada.ca/content/dam/ircc/documents/json/data-ptime-en.json,official,active,,,2026-09-25T01:18:44.823Z
ca-refugee-private-refugee-side--bt,ircc-ptime,CA,refugee,backward,ca-refugee-private-refugee-side,Privately sponsored refugee: refugee processing,BT,Bhutan,Not enough data,,,insufficient_data,2026-09-22,2026-09-25T00:45:26.696Z,https://www.canada.ca/content/dam/ircc/documents/json/data-ptime-en.json,official,active,,,2026-09-25T01:18:44.823Z
ca-refugee-private-refugee-side--bw,ircc-ptime,CA,refugee,backward,ca-refugee-private-refugee-side,Privately sponsored refugee: refugee processing,BW,Botswana,Not enough data,,,insufficient_data,2026-09-22,2026-09-25T00:45:26.696Z,https://www.canada.ca/content/dam/ircc/documents/json/data-ptime-en.json,official,active,,,2026-09-25T01:18:44.823Z
ca-refugee-private-refugee-side--by,ircc-ptime,CA,refugee,backward,ca-refugee-private-refugee-side,Privately sponsored refugee: refugee processing,BY,Belarus,Not enough data,,,insufficient_data,2026-09-22,2026-09-25T00:45:26.696Z,https://www.canada.ca/content/dam/ircc/documents/json/data-ptime-en.json,official,active,,,2026-09-25T01:18:44.823Z
ca-refugee-private-refugee-side--bz,ircc-ptime,CA,refugee,backward,ca-refugee-private-refugee-side,Privately sponsored refugee: refugee processing,BZ,Belize,Not enough data,,,insufficient_data,2026-09-22,2026-09-25T00:45:26.696Z,https://www.canada.ca/content/dam/ircc/documents/json/data-ptime-en.json,official,active,,,2026-09-25T01:18:44.823Z
ca-refugee-private-refugee-side--ca,ircc-ptime,CA,refugee,backward,ca-refugee-private-refugee-side,Privately sponsored refugee: refugee processing,CA,Canada,Not enough data,,,insufficient_data,2026-09-22,2026-09-25T00:45:26.696Z,https://www.canada.ca/content/dam/ircc/documents/json/data-ptime-en.json,official,active,,,2026-09-25T01:18:44.823Z
ca-refugee-private-refugee-side--cd,ircc-ptime,CA,refugee,backward,ca-refugee-private-refugee-side,Privately sponsored refugee: refugee processing,CD,Congo - Kinshasa,Not enough data,,,insufficient_data,2026-09-22,2026-09-25T00:45:26.696Z,https://www.canada.ca/content/dam/ircc/documents/json/data-ptime-en.json,official,active,,,2026-09-25T01:18:44.823Z
ca-refugee-private-refugee-side--cf,ircc-ptime,CA,refugee,backward,ca-refugee-private-refugee-side,Privately sponsored refugee: refugee processing,CF,Central African Republic,Not enough data,,,insufficient_data,2026-09-22,2026-09-25T00:45:26.696Z,https://www.canada.ca/content/dam/ircc/documents/json/data-ptime-en.json,official,active,,,2026-09-25T01:18:44.823Z
ca-refugee-private-refugee-side--cg,ircc-ptime,CA,refugee,backward,ca-refugee-private-refugee-side,Privately sponsored refugee: refugee processing,CG,Congo - Brazzaville,Not enough data,,,insufficient_data,2026-09-22,2026-09-25T00:45:26.696Z,https://www.canada.ca/content/dam/ircc/documents/json/data-ptime-en.json,official,active,,,2026-09-25T01:18:44.823Z
ca-refugee-private-refugee-side--ch,ircc-ptime,CA,refugee,backward,ca-refugee-private-refugee-side,Privately sponsored refugee: refugee processing,CH,Switzerland,Not enough data,,,insufficient_data,2026-09-22,2026-09-25T00:45:26.696Z,https://www.canada.ca/content/dam/ircc/documents/json/data-ptime-en.json,official,active,,,2026-09-25T01:18:44.823Z
ca-refugee-private-refugee-side--ci,ircc-ptime,CA,refugee,backward,ca-refugee-private-refugee-side,Privately sponsored refugee: refugee processing,CI,Côte d’Ivoire,Not enough data,,,insufficient_data,2026-09-22,2026-09-25T00:45:26.696Z,https://www.canada.ca/content/dam/ircc/documents/json/data-ptime-en.json,official,active,,,2026-09-25T01:18:44.823Z
ca-refugee-private-refugee-side--cl,ircc-ptime,CA,refugee,backward,ca-refugee-private-refugee-side,Privately sponsored refugee: refugee processing,CL,Chile,Not enough data,,,insufficient_data,2026-09-22,2026-09-25T00:45:26.696Z,https://www.canada.ca/content/dam/ircc/documents/json/data-ptime-en.json,official,active,,,2026-09-25T01:18:44.823Z
ca-refugee-private-refugee-side--cm,ircc-ptime,CA,refugee,backward,ca-refugee-private-refugee-side,Privately sponsored refugee: refugee processing,CM,Cameroon,Not enough data,,,insufficient_data,2026-09-22,2026-09-25T00:45:26.696Z,https://www.canada.ca/content/dam/ircc/documents/json/data-ptime-en.json,official,active,,,2026-09-25T01:18:44.823Z
ca-refugee-private-refugee-side--cn,ircc-ptime,CA,refugee,backward,ca-refugee-private-refugee-side,Privately sponsored refugee: refugee processing,CN,China,Not enough data,,,insufficient_data,2026-09-22,2026-09-25T00:45:26.696Z,https://www.canada.ca/content/dam/ircc/documents/json/data-ptime-en.json,official,active,,,2026-09-25T01:18:44.823Z
ca-refugee-private-refugee-side--co,ircc-ptime,CA,refugee,backward,ca-refugee-private-refugee-side,Privately sponsored refugee: refugee processing,CO,Colombia,Not enough data,,,insufficient_data,2026-09-22,2026-09-25T00:45:26.696Z,https://www.canada.ca/content/dam/ircc/documents/json/data-ptime-en.json,official,active,,,2026-09-25T01:18:44.823Z
ca-refugee-private-refugee-side--cr,ircc-ptime,CA,refugee,backward,ca-refugee-private-refugee-side,Privately sponsored refugee: refugee processing,CR,Costa Rica,Not enough data,,,insufficient_data,2026-09-22,2026-09-25T00:45:26.696Z,https://www.canada.ca/content/dam/ircc/documents/json/data-ptime-en.json,official,active,,,2026-09-25T01:18:44.823Z
ca-refugee-private-refugee-side--cu,ircc-ptime,CA,refugee,backward,ca-refugee-private-refugee-side,Privately sponsored refugee: refugee processing,CU,Cuba,Not enough data,,,insufficient_data,2026-09-22,2026-09-25T00:45:26.696Z,https://www.canada.ca/content/dam/ircc/documents/json/data-ptime-en.json,official,active,,,2026-09-25T01:18:44.823Z
ca-refugee-private-refugee-side--cv,ircc-ptime,CA,refugee,backward,ca-refugee-private-refugee-side,Privately sponsored refugee: refugee processing,CV,Cape Verde,Not enough data,,,insufficient_data,2026-09-22,2026-09-25T00:45:26.696Z,https://www.canada.ca/content/dam/ircc/documents/json/data-ptime-en.json,official,active,,,2026-09-25T01:18:44.823Z
ca-refugee-private-refugee-side--cy,ircc-ptime,CA,refugee,backward,ca-refugee-private-refugee-side,Privately sponsored refugee: refugee processing,CY,Cyprus,Not enough data,,,insufficient_data,2026-09-22,2026-09-25T00:45:26.696Z,https://www.canada.ca/content/dam/ircc/documents/json/data-ptime-en.json,official,active,,,2026-09-25T01:18:44.823Z
ca-refugee-private-refugee-side--cz,ircc-ptime,CA,refugee,backward,ca-refugee-private-refugee-side,Privately sponsored refugee: refugee processing,CZ,Czechia,Not enough data,,,insufficient_data,2026-09-22,2026-09-25T00:45:26.696Z,https://www.canada.ca/content/dam/ircc/documents/json/data-ptime-en.json,official,active,,,2026-09-25T01:18:44.823Z
ca-refugee-private-refugee-side--de,ircc-ptime,CA,refugee,backward,ca-refugee-private-refugee-side,Privately sponsored refugee: refugee processing,DE,Germany,Not enough data,,,insufficient_data,2026-09-22,2026-09-25T00:45:26.696Z,https://www.canada.ca/content/dam/ircc/documents/json/data-ptime-en.json,official,active,,,2026-09-25T01:18:44.823Z
ca-refugee-private-refugee-side--dj,ircc-ptime,CA,refugee,backward,ca-refugee-private-refugee-side,Privately sponsored refugee: refugee processing,DJ,Djibouti,38 months,1156.72,months,ok,2026-09-22,2026-09-25T00:45:26.696Z,https://www.canada.ca/content/dam/ircc/documents/json/data-ptime-en.json,official,active,,,2026-09-25T01:18:44.823Z
ca-refugee-private-refugee-side--dk,ircc-ptime,CA,refugee,backward,ca-refugee-private-refugee-side,Privately sponsored refugee: refugee processing,DK,Denmark,Not enough data,,,insufficient_data,2026-09-22,2026-09-25T00:45:26.696Z,https://www.canada.ca/content/dam/ircc/documents/json/data-ptime-en.json,official,active,,,2026-09-25T01:18:44.823Z
ca-refugee-private-refugee-side--dm,ircc-ptime,CA,refugee,backward,ca-refugee-private-refugee-side,Privately sponsored refugee: refugee processing,DM,Dominica,Not enough data,,,insufficient_data,2026-09-22,2026-09-25T00:45:26.696Z,https://www.canada.ca/content/dam/ircc/documents/json/data-ptime-en.json,official,active,,,2026-09-25T01:18:44.823Z
ca-refugee-private-refugee-side--do,ircc-ptime,CA,refugee,backward,ca-refugee-private-refugee-side,Privately sponsored refugee: refugee processing,DO,Dominican Republic,Not enough data,,,insufficient_data,2026-09-22,2026-09-25T00:45:26.696Z,https://www.canada.ca/content/dam/ircc/documents/json/data-ptime-en.json,official,active,,,2026-09-25T01:18:44.823Z
ca-refugee-private-refugee-side--dz,ircc-ptime,CA,refugee,backward,ca-refugee-private-refugee-side,Privately sponsored refugee: refugee processing,DZ,Algeria,Not enough data,,,insufficient_data,2026-09-22,2026-09-25T00:45:26.696Z,https://www.canada.ca/content/dam/ircc/documents/json/data-ptime-en.json,official,active,,,2026-09-25T01:18:44.823Z
ca-refugee-private-refugee-side--ec,ircc-ptime,CA,refugee,backward,ca-refugee-private-refugee-side,Privately sponsored refugee: refugee processing,EC,Ecuador,Not enough data,,,insufficient_data,2026-09-22,2026-09-25T00:45:26.696Z,https://www.canada.ca/content/dam/ircc/documents/json/data-ptime-en.json,official,active,,,2026-09-25T01:18:44.823Z
ca-refugee-private-refugee-side--ee,ircc-ptime,CA,refugee,backward,ca-refugee-private-refugee-side,Privately sponsored refugee: refugee processing,EE,Estonia,Not enough data,,,insufficient_data,2026-09-22,2026-09-25T00:45:26.696Z,https://www.canada.ca/content/dam/ircc/documents/json/data-ptime-en.json,official,active,,,2026-09-25T01:18:44.823Z
ca-refugee-private-refugee-side--eg,ircc-ptime,CA,refugee,backward,ca-refugee-private-refugee-side,Privately sponsored refugee: refugee processing,EG,Egypt,26 months,791.44,months,ok,2026-09-22,2026-09-25T00:45:26.696Z,https://www.canada.ca/content/dam/ircc/documents/json/data-ptime-en.json,official,active,,,2026-09-25T01:18:44.823Z
ca-refugee-private-refugee-side--er,ircc-ptime,CA,refugee,backward,ca-refugee-private-refugee-side,Privately sponsored refugee: refugee processing,ER,Eritrea,Not enough data,,,insufficient_data,2026-09-22,2026-09-25T00:45:26.696Z,https://www.canada.ca/content/dam/ircc/documents/json/data-ptime-en.json,official,active,,,2026-09-25T01:18:44.823Z
ca-refugee-private-refugee-side--es,ircc-ptime,CA,refugee,backward,ca-refugee-private-refugee-side,Privately sponsored refugee: refugee processing,ES,Spain,Not enough data,,,insufficient_data,2026-09-22,2026-09-25T00:45:26.696Z,https://www.canada.ca/content/dam/ircc/documents/json/data-ptime-en.json,official,active,,,2026-09-25T01:18:44.823Z
ca-refugee-private-refugee-side--et,ircc-ptime,CA,refugee,backward,ca-refugee-private-refugee-side,Privately sponsored refugee: refugee processing,ET,Ethiopia,25 months,761,months,ok,2026-09-22,2026-09-25T00:45:26.696Z,https://www.canada.ca/content/dam/ircc/documents/json/data-ptime-en.json,official,active,,,2026-09-25T01:18:44.823Z
ca-refugee-private-refugee-side--fi,ircc-ptime,CA,refugee,backward,ca-refugee-private-refugee-side,Privately sponsored refugee: refugee processing,FI,Finland,Not enough data,,,insufficient_data,2026-09-22,2026-09-25T00:45:26.696Z,https://www.canada.ca/content/dam/ircc/documents/json/data-ptime-en.json,official,active,,,2026-09-25T01:18:44.823Z
ca-refugee-private-refugee-side--fj,ircc-ptime,CA,refugee,backward,ca-refugee-private-refugee-side,Privately sponsored refugee: refugee processing,FJ,Fiji,Not enough data,,,insufficient_data,2026-09-22,2026-09-25T00:45:26.696Z,https://www.canada.ca/content/dam/ircc/documents/json/data-ptime-en.json,official,active,,,2026-09-25T01:18:44.823Z
ca-refugee-private-refugee-side--fm,ircc-ptime,CA,refugee,backward,ca-refugee-private-refugee-side,Privately sponsored refugee: refugee processing,FM,Micronesia,Not enough data,,,insufficient_data,2026-09-22,2026-09-25T00:45:26.696Z,https://www.canada.ca/content/dam/ircc/documents/json/data-ptime-en.json,official,active,,,2026-09-25T01:18:44.823Z
ca-refugee-private-refugee-side--fr,ircc-ptime,CA,refugee,backward,ca-refugee-private-refugee-side,Privately sponsored refugee: refugee processing,FR,France,Not enough data,,,insufficient_data,2026-09-22,2026-09-25T00:45:26.696Z,https://www.canada.ca/content/dam/ircc/documents/json/data-ptime-en.json,official,active,,,2026-09-25T01:18:44.823Z
ca-refugee-private-refugee-side--ga,ircc-ptime,CA,refugee,backward,ca-refugee-private-refugee-side,Privately sponsored refugee: refugee processing,GA,Gabon,Not enough data,,,insufficient_data,2026-09-22,2026-09-25T00:45:26.696Z,https://www.canada.ca/content/dam/ircc/documents/json/data-ptime-en.json,official,active,,,2026-09-25T01:18:44.823Z
ca-refugee-private-refugee-side--gb,ircc-ptime,CA,refugee,backward,ca-refugee-private-refugee-side,Privately sponsored refugee: refugee processing,GB,United Kingdom,Not enough data,,,insufficient_data,2026-09-22,2026-09-25T00:45:26.696Z,https://www.canada.ca/content/dam/ircc/documents/json/data-ptime-en.json,official,active,,,2026-09-25T01:18:44.823Z
ca-refugee-private-refugee-side--gd,ircc-ptime,CA,refugee,backward,ca-refugee-private-refugee-side,Privately sponsored refugee: refugee processing,GD,Grenada,Not enough data,,,insufficient_data,2026-09-22,2026-09-25T00:45:26.696Z,https://www.canada.ca/content/dam/ircc/documents/json/data-ptime-en.json,official,active,,,2026-09-25T01:18:44.823Z
ca-refugee-private-refugee-side--ge,ircc-ptime,CA,refugee,backward,ca-refugee-private-refugee-side,Privately sponsored refugee: refugee processing,GE,Georgia,Not enough data,,,insufficient_data,2026-09-22,2026-09-25T00:45:26.696Z,https://www.canada.ca/content/dam/ircc/documents/json/data-ptime-en.json,official,active,,,2026-09-25T01:18:44.823Z
ca-refugee-private-refugee-side--gh,ircc-ptime,CA,refugee,backward,ca-refugee-private-refugee-side,Privately sponsored refugee: refugee processing,GH,Ghana,Not enough data,,,insufficient_data,2026-09-22,2026-09-25T00:45:26.696Z,https://www.canada.ca/content/dam/ircc/documents/json/data-ptime-en.json,official,active,,,2026-09-25T01:18:44.823Z
ca-refugee-private-refugee-side--gl,ircc-ptime,CA,refugee,backward,ca-refugee-private-refugee-side,Privately sponsored refugee: refugee processing,GL,Greenland,Not enough data,,,insufficient_data,2026-09-22,2026-09-25T00:45:26.696Z,https://www.canada.ca/content/dam/ircc/documents/json/data-ptime-en.json,official,active,,,2026-09-25T01:18:44.823Z
ca-refugee-private-refugee-side--gm,ircc-ptime,CA,refugee,backward,ca-refugee-private-refugee-side,Privately sponsored refugee: refugee processing,GM,Gambia,Not enough data,,,insufficient_data,2026-09-22,2026-09-25T00:45:26.696Z,https://www.canada.ca/content/dam/ircc/documents/json/data-ptime-en.json,official,active,,,2026-09-25T01:18:44.823Z
ca-refugee-private-refugee-side--gn,ircc-ptime,CA,refugee,backward,ca-refugee-private-refugee-side,Privately sponsored refugee: refugee processing,GN,Guinea,Not enough data,,,insufficient_data,2026-09-22,2026-09-25T00:45:26.696Z,https://www.canada.ca/content/dam/ircc/documents/json/data-ptime-en.json,official,active,,,2026-09-25T01:18:44.823Z
ca-refugee-private-refugee-side--gq,ircc-ptime,CA,refugee,backward,ca-refugee-private-refugee-side,Privately sponsored refugee: refugee processing,GQ,Equatorial Guinea,Not enough data,,,insufficient_data,2026-09-22,2026-09-25T00:45:26.696Z,https://www.canada.ca/content/dam/ircc/documents/json/data-ptime-en.json,official,active,,,2026-09-25T01:18:44.823Z
ca-refugee-private-refugee-side--gr,ircc-ptime,CA,refugee,backward,ca-refugee-private-refugee-side,Privately sponsored refugee: refugee processing,GR,Greece,Not enough data,,,insufficient_data,2026-09-22,2026-09-25T00:45:26.696Z,https://www.canada.ca/content/dam/ircc/documents/json/data-ptime-en.json,official,active,,,2026-09-25T01:18:44.823Z
ca-refugee-private-refugee-side--gt,ircc-ptime,CA,refugee,backward,ca-refugee-private-refugee-side,Privately sponsored refugee: refugee processing,GT,Guatemala,Not enough data,,,insufficient_data,2026-09-22,2026-09-25T00:45:26.696Z,https://www.canada.ca/content/dam/ircc/documents/json/data-ptime-en.json,official,active,,,2026-09-25T01:18:44.823Z
ca-refugee-private-refugee-side--gw,ircc-ptime,CA,refugee,backward,ca-refugee-private-refugee-side,Privately sponsored refugee: refugee processing,GW,Guinea-Bissau,Not enough data,,,insufficient_data,2026-09-22,2026-09-25T00:45:26.696Z,https://www.canada.ca/content/dam/ircc/documents/json/data-ptime-en.json,official,active,,,2026-09-25T01:18:44.823Z
ca-refugee-private-refugee-side--gy,ircc-ptime,CA,refugee,backward,ca-refugee-private-refugee-side,Privately sponsored refugee: refugee processing,GY,Guyana,Not enough data,,,insufficient_data,2026-09-22,2026-09-25T00:45:26.696Z,https://www.canada.ca/content/dam/ircc/documents/json/data-ptime-en.json,official,active,,,2026-09-25T01:18:44.823Z
ca-refugee-private-refugee-side--hk,ircc-ptime,CA,refugee,backward,ca-refugee-private-refugee-side,Privately sponsored refugee: refugee processing,HK,Hong Kong SAR China,Not enough data,,,insufficient_data,2026-09-22,2026-09-25T00:45:26.696Z,https://www.canada.ca/content/dam/ircc/documents/json/data-ptime-en.json,official,active,,,2026-09-25T01:18:44.823Z
ca-refugee-private-refugee-side--hn,ircc-ptime,CA,refugee,backward,ca-refugee-private-refugee-side,Privately sponsored refugee: refugee processing,HN,Honduras,Not enough data,,,insufficient_data,2026-09-22,2026-09-25T00:45:26.696Z,https://www.canada.ca/content/dam/ircc/documents/json/data-ptime-en.json,official,active,,,2026-09-25T01:18:44.823Z
ca-refugee-private-refugee-side--hr,ircc-ptime,CA,refugee,backward,ca-refugee-private-refugee-side,Privately sponsored refugee: refugee processing,HR,Croatia,Not enough data,,,insufficient_data,2026-09-22,2026-09-25T00:45:26.696Z,https://www.canada.ca/content/dam/ircc/documents/json/data-ptime-en.json,official,active,,,2026-09-25T01:18:44.823Z
ca-refugee-private-refugee-side--ht,ircc-ptime,CA,refugee,backward,ca-refugee-private-refugee-side,Privately sponsored refugee: refugee processing,HT,Haiti,Not enough data,,,insufficient_data,2026-09-22,2026-09-25T00:45:26.696Z,https://www.canada.ca/content/dam/ircc/documents/json/data-ptime-en.json,official,active,,,2026-09-25T01:18:44.823Z
ca-refugee-private-refugee-side--hu,ircc-ptime,CA,refugee,backward,ca-refugee-private-refugee-side,Privately sponsored refugee: refugee processing,HU,Hungary,Not enough data,,,insufficient_data,2026-09-22,2026-09-25T00:45:26.696Z,https://www.canada.ca/content/dam/ircc/documents/json/data-ptime-en.json,official,active,,,2026-09-25T01:18:44.823Z
ca-refugee-private-refugee-side--id,ircc-ptime,CA,refugee,backward,ca-refugee-private-refugee-side,Privately sponsored refugee: refugee processing,ID,Indonesia,30 months,913.2,months,ok,2026-09-22,2026-09-25T00:45:26.696Z,https://www.canada.ca/content/dam/ircc/documents/json/data-ptime-en.json,official,active,,,2026-09-25T01:18:44.823Z
ca-refugee-private-refugee-side--ie,ircc-ptime,CA,refugee,backward,ca-refugee-private-refugee-side,Privately sponsored refugee: refugee processing,IE,Ireland,Not enough data,,,insufficient_data,2026-09-22,2026-09-25T00:45:26.696Z,https://www.canada.ca/content/dam/ircc/documents/json/data-ptime-en.json,official,active,,,2026-09-25T01:18:44.823Z
ca-refugee-private-refugee-side--il,ircc-ptime,CA,refugee,backward,ca-refugee-private-refugee-side,Privately sponsored refugee: refugee processing,IL,Israel,35 months,1065.4,months,ok,2026-09-22,2026-09-25T00:45:26.696Z,https://www.canada.ca/content/dam/ircc/documents/json/data-ptime-en.json,official,active,,,2026-09-25T01:18:44.823Z
ca-refugee-private-refugee-side--in,ircc-ptime,CA,refugee,backward,ca-refugee-private-refugee-side,Privately sponsored refugee: refugee processing,IN,India,19 months,578.36,months,ok,2026-09-22,2026-09-25T00:45:26.696Z,https://www.canada.ca/content/dam/ircc/documents/json/data-ptime-en.json,official,active,,,2026-09-25T01:18:44.823Z
ca-refugee-private-refugee-side--io,ircc-ptime,CA,refugee,backward,ca-refugee-private-refugee-side,Privately sponsored refugee: refugee processing,IO,British Indian Ocean Territory,Not enough data,,,insufficient_data,2026-09-22,2026-09-25T00:45:26.696Z,https://www.canada.ca/content/dam/ircc/documents/json/data-ptime-en.json,official,active,,,2026-09-25T01:18:44.823Z
ca-refugee-private-refugee-side--iq,ircc-ptime,CA,refugee,backward,ca-refugee-private-refugee-side,Privately sponsored refugee: refugee processing,IQ,Iraq,Not enough data,,,insufficient_data,2026-09-22,2026-09-25T00:45:26.696Z,https://www.canada.ca/content/dam/ircc/documents/json/data-ptime-en.json,official,active,,,2026-09-25T01:18:44.823Z
ca-refugee-private-refugee-side--ir,ircc-ptime,CA,refugee,backward,ca-refugee-private-refugee-side,Privately sponsored refugee: refugee processing,IR,Iran,Not enough data,,,insufficient_data,2026-09-22,2026-09-25T00:45:26.696Z,https://www.canada.ca/content/dam/ircc/documents/json/data-ptime-en.json,official,active,,,2026-09-25T01:18:44.823Z
ca-refugee-private-refugee-side--is,ircc-ptime,CA,refugee,backward,ca-refugee-private-refugee-side,Privately sponsored refugee: refugee processing,IS,Iceland,Not enough data,,,insufficient_data,2026-09-22,2026-09-25T00:45:26.696Z,https://www.canada.ca/content/dam/ircc/documents/json/data-ptime-en.json,official,active,,,2026-09-25T01:18:44.823Z
ca-refugee-private-refugee-side--it,ircc-ptime,CA,refugee,backward,ca-refugee-private-refugee-side,Privately sponsored refugee: refugee processing,IT,Italy,Not enough data,,,insufficient_data,2026-09-22,2026-09-25T00:45:26.696Z,https://www.canada.ca/content/dam/ircc/documents/json/data-ptime-en.json,official,active,,,2026-09-25T01:18:44.823Z
ca-refugee-private-refugee-side--jm,ircc-ptime,CA,refugee,backward,ca-refugee-private-refugee-side,Privately sponsored refugee: refugee processing,JM,Jamaica,Not enough data,,,insufficient_data,2026-09-22,2026-09-25T00:45:26.696Z,https://www.canada.ca/content/dam/ircc/documents/json/data-ptime-en.json,official,active,,,2026-09-25T01:18:44.823Z
ca-refugee-private-refugee-side--jo,ircc-ptime,CA,refugee,backward,ca-refugee-private-refugee-side,Privately sponsored refugee: refugee processing,JO,Jordan,32 months,974.08,months,ok,2026-09-22,2026-09-25T00:45:26.696Z,https://www.canada.ca/content/dam/ircc/documents/json/data-ptime-en.json,official,active,,,2026-09-25T01:18:44.823Z
ca-refugee-private-refugee-side--jp,ircc-ptime,CA,refugee,backward,ca-refugee-private-refugee-side,Privately sponsored refugee: refugee processing,JP,Japan,Not enough data,,,insufficient_data,2026-09-22,2026-09-25T00:45:26.696Z,https://www.canada.ca/content/dam/ircc/documents/json/data-ptime-en.json,official,active,,,2026-09-25T01:18:44.823Z
ca-refugee-private-refugee-side--ke,ircc-ptime,CA,refugee,backward,ca-refugee-private-refugee-side,Privately sponsored refugee: refugee processing,KE,Kenya,16 months,487.04,months,ok,2026-09-22,2026-09-25T00:45:26.696Z,https://www.canada.ca/content/dam/ircc/documents/json/data-ptime-en.json,official,active,,,2026-09-25T01:18:44.823Z
ca-refugee-private-refugee-side--kg,ircc-ptime,CA,refugee,backward,ca-refugee-private-refugee-side,Privately sponsored refugee: refugee processing,KG,Kyrgyzstan,Not enough data,,,insufficient_data,2026-09-22,2026-09-25T00:45:26.696Z,https://www.canada.ca/content/dam/ircc/documents/json/data-ptime-en.json,official,active,,,2026-09-25T01:18:44.823Z
ca-refugee-private-refugee-side--kh,ircc-ptime,CA,refugee,backward,ca-refugee-private-refugee-side,Privately sponsored refugee: refugee processing,KH,Cambodia,Not enough data,,,insufficient_data,2026-09-22,2026-09-25T00:45:26.696Z,https://www.canada.ca/content/dam/ircc/documents/json/data-ptime-en.json,official,active,,,2026-09-25T01:18:44.823Z
ca-refugee-private-refugee-side--ki,ircc-ptime,CA,refugee,backward,ca-refugee-private-refugee-side,Privately sponsored refugee: refugee processing,KI,Kiribati,Not enough data,,,insufficient_data,2026-09-22,2026-09-25T00:45:26.696Z,https://www.canada.ca/content/dam/ircc/documents/json/data-ptime-en.json,official,active,,,2026-09-25T01:18:44.823Z
ca-refugee-private-refugee-side--km,ircc-ptime,CA,refugee,backward,ca-refugee-private-refugee-side,Privately sponsored refugee: refugee processing,KM,Comoros,Not enough data,,,insufficient_data,2026-09-22,2026-09-25T00:45:26.696Z,https://www.canada.ca/content/dam/ircc/documents/json/data-ptime-en.json,official,active,,,2026-09-25T01:18:44.823Z
ca-refugee-private-refugee-side--kn,ircc-ptime,CA,refugee,backward,ca-refugee-private-refugee-side,Privately sponsored refugee: refugee processing,KN,St. Kitts & Nevis,Not enough data,,,insufficient_data,2026-09-22,2026-09-25T00:45:26.696Z,https://www.canada.ca/content/dam/ircc/documents/json/data-ptime-en.json,official,active,,,2026-09-25T01:18:44.823Z
ca-refugee-private-refugee-side--kp,ircc-ptime,CA,refugee,backward,ca-refugee-private-refugee-side,Privately sponsored refugee: refugee processing,KP,North Korea,Not enough data,,,insufficient_data,2026-09-22,2026-09-25T00:45:26.696Z,https://www.canada.ca/content/dam/ircc/documents/json/data-ptime-en.json,official,active,,,2026-09-25T01:18:44.823Z
ca-refugee-private-refugee-side--kr,ircc-ptime,CA,refugee,backward,ca-refugee-private-refugee-side,Privately sponsored refugee: refugee processing,KR,South Korea,Not enough data,,,insufficient_data,2026-09-22,2026-09-25T00:45:26.696Z,https://www.canada.ca/content/dam/ircc/documents/json/data-ptime-en.json,official,active,,,2026-09-25T01:18:44.823Z
ca-refugee-private-refugee-side--kw,ircc-ptime,CA,refugee,backward,ca-refugee-private-refugee-side,Privately sponsored refugee: refugee processing,KW,Kuwait,Not enough data,,,insufficient_data,2026-09-22,2026-09-25T00:45:26.696Z,https://www.canada.ca/content/dam/ircc/documents/json/data-ptime-en.json,official,active,,,2026-09-25T01:18:44.823Z
ca-refugee-private-refugee-side--ky,ircc-ptime,CA,refugee,backward,ca-refugee-private-refugee-side,Privately sponsored refugee: refugee processing,KY,Cayman Islands,Not enough data,,,insufficient_data,2026-09-22,2026-09-25T00:45:26.696Z,https://www.canada.ca/content/dam/ircc/documents/json/data-ptime-en.json,official,active,,,2026-09-25T01:18:44.823Z
ca-refugee-private-refugee-side--kz,ircc-ptime,CA,refugee,backward,ca-refugee-private-refugee-side,Privately sponsored refugee: refugee processing,KZ,Kazakhstan,Not enough data,,,insufficient_data,2026-09-22,2026-09-25T00:45:26.696Z,https://www.canada.ca/content/dam/ircc/documents/json/data-ptime-en.json,official,active,,,2026-09-25T01:18:44.823Z
ca-refugee-private-refugee-side--la,ircc-ptime,CA,refugee,backward,ca-refugee-private-refugee-side,Privately sponsored refugee: refugee processing,LA,Laos,Not enough data,,,insufficient_data,2026-09-22,2026-09-25T00:45:26.696Z,https://www.canada.ca/content/dam/ircc/documents/json/data-ptime-en.json,official,active,,,2026-09-25T01:18:44.823Z
ca-refugee-private-refugee-side--lb,ircc-ptime,CA,refugee,backward,ca-refugee-private-refugee-side,Privately sponsored refugee: refugee processing,LB,Lebanon,29 months,882.76,months,ok,2026-09-22,2026-09-25T00:45:26.696Z,https://www.canada.ca/content/dam/ircc/documents/json/data-ptime-en.json,official,active,,,2026-09-25T01:18:44.823Z
ca-refugee-private-refugee-side--lc,ircc-ptime,CA,refugee,backward,ca-refugee-private-refugee-side,Privately sponsored refugee: refugee processing,LC,St. Lucia,Not enough data,,,insufficient_data,2026-09-22,2026-09-25T00:45:26.696Z,https://www.canada.ca/content/dam/ircc/documents/json/data-ptime-en.json,official,active,,,2026-09-25T01:18:44.823Z
ca-refugee-private-refugee-side--li,ircc-ptime,CA,refugee,backward,ca-refugee-private-refugee-side,Privately sponsored refugee: refugee processing,LI,Liechtenstein,Not enough data,,,insufficient_data,2026-09-22,2026-09-25T00:45:26.696Z,https://www.canada.ca/content/dam/ircc/documents/json/data-ptime-en.json,official,active,,,2026-09-25T01:18:44.823Z
ca-refugee-private-refugee-side--lk,ircc-ptime,CA,refugee,backward,ca-refugee-private-refugee-side,Privately sponsored refugee: refugee processing,LK,Sri Lanka,Not enough data,,,insufficient_data,2026-09-22,2026-09-25T00:45:26.696Z,https://www.canada.ca/content/dam/ircc/documents/json/data-ptime-en.json,official,active,,,2026-09-25T01:18:44.823Z
ca-refugee-private-refugee-side--lr,ircc-ptime,CA,refugee,backward,ca-refugee-private-refugee-side,Privately sponsored refugee: refugee processing,LR,Liberia,Not enough data,,,insufficient_data,2026-09-22,2026-09-25T00:45:26.696Z,https://www.canada.ca/content/dam/ircc/documents/json/data-ptime-en.json,official,active,,,2026-09-25T01:18:44.823Z
ca-refugee-private-refugee-side--ls,ircc-ptime,CA,refugee,backward,ca-refugee-private-refugee-side,Privately sponsored refugee: refugee processing,LS,Lesotho,Not enough data,,,insufficient_data,2026-09-22,2026-09-25T00:45:26.696Z,https://www.canada.ca/content/dam/ircc/documents/json/data-ptime-en.json,official,active,,,2026-09-25T01:18:44.823Z
ca-refugee-private-refugee-side--lt,ircc-ptime,CA,refugee,backward,ca-refugee-private-refugee-side,Privately sponsored refugee: refugee processing,LT,Lithuania,Not enough data,,,insufficient_data,2026-09-22,2026-09-25T00:45:26.696Z,https://www.canada.ca/content/dam/ircc/documents/json/data-ptime-en.json,official,active,,,2026-09-25T01:18:44.823Z
ca-refugee-private-refugee-side--lu,ircc-ptime,CA,refugee,backward,ca-refugee-private-refugee-side,Privately sponsored refugee: refugee processing,LU,Luxembourg,Not enough data,,,insufficient_data,2026-09-22,2026-09-25T00:45:26.696Z,https://www.canada.ca/content/dam/ircc/documents/json/data-ptime-en.json,official,active,,,2026-09-25T01:18:44.823Z
ca-refugee-private-refugee-side--lv,ircc-ptime,CA,refugee,backward,ca-refugee-private-refugee-side,Privately sponsored refugee: refugee processing,LV,Latvia,Not enough data,,,insufficient_data,2026-09-22,2026-09-25T00:45:26.696Z,https://www.canada.ca/content/dam/ircc/documents/json/data-ptime-en.json,official,active,,,2026-09-25T01:18:44.823Z
ca-refugee-private-refugee-side--ly,ircc-ptime,CA,refugee,backward,ca-refugee-private-refugee-side,Privately sponsored refugee: refugee processing,LY,Libya,Not enough data,,,insufficient_data,2026-09-22,2026-09-25T00:45:26.696Z,https://www.canada.ca/content/dam/ircc/documents/json/data-ptime-en.json,official,active,,,2026-09-25T01:18:44.823Z
ca-refugee-private-refugee-side--ma,ircc-ptime,CA,refugee,backward,ca-refugee-private-refugee-side,Privately sponsored refugee: refugee processing,MA,Morocco,Not enough data,,,insufficient_data,2026-09-22,2026-09-25T00:45:26.696Z,https://www.canada.ca/content/dam/ircc/documents/json/data-ptime-en.json,official,active,,,2026-09-25T01:18:44.823Z
ca-refugee-private-refugee-side--mc,ircc-ptime,CA,refugee,backward,ca-refugee-private-refugee-side,Privately sponsored refugee: refugee processing,MC,Monaco,Not enough data,,,insufficient_data,2026-09-22,2026-09-25T00:45:26.696Z,https://www.canada.ca/content/dam/ircc/documents/json/data-ptime-en.json,official,active,,,2026-09-25T01:18:44.823Z
ca-refugee-private-refugee-side--md,ircc-ptime,CA,refugee,backward,ca-refugee-private-refugee-side,Privately sponsored refugee: refugee processing,MD,Moldova,Not enough data,,,insufficient_data,2026-09-22,2026-09-25T00:45:26.696Z,https://www.canada.ca/content/dam/ircc/documents/json/data-ptime-en.json,official,active,,,2026-09-25T01:18:44.823Z
ca-refugee-private-refugee-side--me,ircc-ptime,CA,refugee,backward,ca-refugee-private-refugee-side,Privately sponsored refugee: refugee processing,ME,Montenegro,Not enough data,,,insufficient_data,2026-09-22,2026-09-25T00:45:26.696Z,https://www.canada.ca/content/dam/ircc/documents/json/data-ptime-en.json,official,active,,,2026-09-25T01:18:44.823Z
ca-refugee-private-refugee-side--mg,ircc-ptime,CA,refugee,backward,ca-refugee-private-refugee-side,Privately sponsored refugee: refugee processing,MG,Madagascar,Not enough data,,,insufficient_data,2026-09-22,2026-09-25T00:45:26.696Z,https://www.canada.ca/content/dam/ircc/documents/json/data-ptime-en.json,official,active,,,2026-09-25T01:18:44.823Z
ca-refugee-private-refugee-side--mh,ircc-ptime,CA,refugee,backward,ca-refugee-private-refugee-side,Privately sponsored refugee: refugee processing,MH,Marshall Islands,Not enough data,,,insufficient_data,2026-09-22,2026-09-25T00:45:26.696Z,https://www.canada.ca/content/dam/ircc/documents/json/data-ptime-en.json,official,active,,,2026-09-25T01:18:44.823Z
ca-refugee-private-refugee-side--mk,ircc-ptime,CA,refugee,backward,ca-refugee-private-refugee-side,Privately sponsored refugee: refugee processing,MK,North Macedonia,Not enough data,,,insufficient_data,2026-09-22,2026-09-25T00:45:26.696Z,https://www.canada.ca/content/dam/ircc/documents/json/data-ptime-en.json,official,active,,,2026-09-25T01:18:44.823Z
ca-refugee-private-refugee-side--ml,ircc-ptime,CA,refugee,backward,ca-refugee-private-refugee-side,Privately sponsored refugee: refugee processing,ML,Mali,Not enough data,,,insufficient_data,2026-09-22,2026-09-25T00:45:26.696Z,https://www.canada.ca/content/dam/ircc/documents/json/data-ptime-en.json,official,active,,,2026-09-25T01:18:44.823Z
ca-refugee-private-refugee-side--mm,ircc-ptime,CA,refugee,backward,ca-refugee-private-refugee-side,Privately sponsored refugee: refugee processing,MM,Myanmar (Burma),Not enough data,,,insufficient_data,2026-09-22,2026-09-25T00:45:26.696Z,https://www.canada.ca/content/dam/ircc/documents/json/data-ptime-en.json,official,active,,,2026-09-25T01:18:44.823Z
ca-refugee-private-refugee-side--mn,ircc-ptime,CA,refugee,backward,ca-refugee-private-refugee-side,Privately sponsored refugee: refugee processing,MN,Mongolia,Not enough data,,,insufficient_data,2026-09-22,2026-09-25T00:45:26.696Z,https://www.canada.ca/content/dam/ircc/documents/json/data-ptime-en.json,official,active,,,2026-09-25T01:18:44.823Z
ca-refugee-private-refugee-side--mo,ircc-ptime,CA,refugee,backward,ca-refugee-private-refugee-side,Privately sponsored refugee: refugee processing,MO,Macao SAR China,Not enough data,,,insufficient_data,2026-09-22,2026-09-25T00:45:26.696Z,https://www.canada.ca/content/dam/ircc/documents/json/data-ptime-en.json,official,active,,,2026-09-25T01:18:44.823Z
ca-refugee-private-refugee-side--mq,ircc-ptime,CA,refugee,backward,ca-refugee-private-refugee-side,Privately sponsored refugee: refugee processing,MQ,Martinique,Not enough data,,,insufficient_data,2026-09-22,2026-09-25T00:45:26.696Z,https://www.canada.ca/content/dam/ircc/documents/json/data-ptime-en.json,official,active,,,2026-09-25T01:18:44.823Z
ca-refugee-private-refugee-side--mr,ircc-ptime,CA,refugee,backward,ca-refugee-private-refugee-side,Privately sponsored refugee: refugee processing,MR,Mauritania,Not enough data,,,insufficient_data,2026-09-22,2026-09-25T00:45:26.696Z,https://www.canada.ca/content/dam/ircc/documents/json/data-ptime-en.json,official,active,,,2026-09-25T01:18:44.823Z
ca-refugee-private-refugee-side--mt,ircc-ptime,CA,refugee,backward,ca-refugee-private-refugee-side,Privately sponsored refugee: refugee processing,MT,Malta,Not enough data,,,insufficient_data,2026-09-22,2026-09-25T00:45:26.696Z,https://www.canada.ca/content/dam/ircc/documents/json/data-ptime-en.json,official,active,,,2026-09-25T01:18:44.823Z
ca-refugee-private-refugee-side--mu,ircc-ptime,CA,refugee,backward,ca-refugee-private-refugee-side,Privately sponsored refugee: refugee processing,MU,Mauritius,Not enough data,,,insufficient_data,2026-09-22,2026-09-25T00:45:26.696Z,https://www.canada.ca/content/dam/ircc/documents/json/data-ptime-en.json,official,active,,,2026-09-25T01:18:44.823Z
ca-refugee-private-refugee-side--mv,ircc-ptime,CA,refugee,backward,ca-refugee-private-refugee-side,Privately sponsored refugee: refugee processing,MV,Maldives,Not enough data,,,insufficient_data,2026-09-22,2026-09-25T00:45:26.696Z,https://www.canada.ca/content/dam/ircc/documents/json/data-ptime-en.json,official,active,,,2026-09-25T01:18:44.823Z
ca-refugee-private-refugee-side--mw,ircc-ptime,CA,refugee,backward,ca-refugee-private-refugee-side,Privately sponsored refugee: refugee processing,MW,Malawi,Not enough data,,,insufficient_data,2026-09-22,2026-09-25T00:45:26.696Z,https://www.canada.ca/content/dam/ircc/documents/json/data-ptime-en.json,official,active,,,2026-09-25T01:18:44.823Z
ca-refugee-private-refugee-side--mx,ircc-ptime,CA,refugee,backward,ca-refugee-private-refugee-side,Privately sponsored refugee: refugee processing,MX,Mexico,Not enough data,,,insufficient_data,2026-09-22,2026-09-25T00:45:26.696Z,https://www.canada.ca/content/dam/ircc/documents/json/data-ptime-en.json,official,active,,,2026-09-25T01:18:44.823Z
ca-refugee-private-refugee-side--my,ircc-ptime,CA,refugee,backward,ca-refugee-private-refugee-side,Privately sponsored refugee: refugee processing,MY,Malaysia,29 months,882.76,months,ok,2026-09-22,2026-09-25T00:45:26.696Z,https://www.canada.ca/content/dam/ircc/documents/json/data-ptime-en.json,official,active,,,2026-09-25T01:18:44.823Z
ca-refugee-private-refugee-side--mz,ircc-ptime,CA,refugee,backward,ca-refugee-private-refugee-side,Privately sponsored refugee: refugee processing,MZ,Mozambique,Not enough data,,,insufficient_data,2026-09-22,2026-09-25T00:45:26.696Z,https://www.canada.ca/content/dam/ircc/documents/json/data-ptime-en.json,official,active,,,2026-09-25T01:18:44.823Z
ca-refugee-private-refugee-side--na,ircc-ptime,CA,refugee,backward,ca-refugee-private-refugee-side,Privately sponsored refugee: refugee processing,NA,Namibia,Not enough data,,,insufficient_data,2026-09-22,2026-09-25T00:45:26.696Z,https://www.canada.ca/content/dam/ircc/documents/json/data-ptime-en.json,official,active,,,2026-09-25T01:18:44.823Z
ca-refugee-private-refugee-side--nc,ircc-ptime,CA,refugee,backward,ca-refugee-private-refugee-side,Privately sponsored refugee: refugee processing,NC,New Caledonia,Not enough data,,,insufficient_data,2026-09-22,2026-09-25T00:45:26.696Z,https://www.canada.ca/content/dam/ircc/documents/json/data-ptime-en.json,official,active,,,2026-09-25T01:18:44.823Z
ca-refugee-private-refugee-side--ne,ircc-ptime,CA,refugee,backward,ca-refugee-private-refugee-side,Privately sponsored refugee: refugee processing,NE,Niger,Not enough data,,,insufficient_data,2026-09-22,2026-09-25T00:45:26.696Z,https://www.canada.ca/content/dam/ircc/documents/json/data-ptime-en.json,official,active,,,2026-09-25T01:18:44.823Z
ca-refugee-private-refugee-side--ng,ircc-ptime,CA,refugee,backward,ca-refugee-private-refugee-side,Privately sponsored refugee: refugee processing,NG,Nigeria,Not enough data,,,insufficient_data,2026-09-22,2026-09-25T00:45:26.696Z,https://www.canada.ca/content/dam/ircc/documents/json/data-ptime-en.json,official,active,,,2026-09-25T01:18:44.823Z
ca-refugee-private-refugee-side--ni,ircc-ptime,CA,refugee,backward,ca-refugee-private-refugee-side,Privately sponsored refugee: refugee processing,NI,Nicaragua,Not enough data,,,insufficient_data,2026-09-22,2026-09-25T00:45:26.696Z,https://www.canada.ca/content/dam/ircc/documents/json/data-ptime-en.json,official,active,,,2026-09-25T01:18:44.823Z
ca-refugee-private-refugee-side--nl,ircc-ptime,CA,refugee,backward,ca-refugee-private-refugee-side,Privately sponsored refugee: refugee processing,NL,Netherlands,Not enough data,,,insufficient_data,2026-09-22,2026-09-25T00:45:26.696Z,https://www.canada.ca/content/dam/ircc/documents/json/data-ptime-en.json,official,active,,,2026-09-25T01:18:44.823Z
ca-refugee-private-refugee-side--no,ircc-ptime,CA,refugee,backward,ca-refugee-private-refugee-side,Privately sponsored refugee: refugee processing,NO,Norway,Not enough data,,,insufficient_data,2026-09-22,2026-09-25T00:45:26.696Z,https://www.canada.ca/content/dam/ircc/documents/json/data-ptime-en.json,official,active,,,2026-09-25T01:18:44.823Z
ca-refugee-private-refugee-side--np,ircc-ptime,CA,refugee,backward,ca-refugee-private-refugee-side,Privately sponsored refugee: refugee processing,NP,Nepal,Not enough data,,,insufficient_data,2026-09-22,2026-09-25T00:45:26.696Z,https://www.canada.ca/content/dam/ircc/documents/json/data-ptime-en.json,official,active,,,2026-09-25T01:18:44.823Z
ca-refugee-private-refugee-side--nr,ircc-ptime,CA,refugee,backward,ca-refugee-private-refugee-side,Privately sponsored refugee: refugee processing,NR,Nauru,Not enough data,,,insufficient_data,2026-09-22,2026-09-25T00:45:26.696Z,https://www.canada.ca/content/dam/ircc/documents/json/data-ptime-en.json,official,active,,,2026-09-25T01:18:44.823Z
ca-refugee-private-refugee-side--nz,ircc-ptime,CA,refugee,backward,ca-refugee-private-refugee-side,Privately sponsored refugee: refugee processing,NZ,New Zealand,Not enough data,,,insufficient_data,2026-09-22,2026-09-25T00:45:26.696Z,https://www.canada.ca/content/dam/ircc/documents/json/data-ptime-en.json,official,active,,,2026-09-25T01:18:44.823Z
ca-refugee-private-refugee-side--om,ircc-ptime,CA,refugee,backward,ca-refugee-private-refugee-side,Privately sponsored refugee: refugee processing,OM,Oman,Not enough data,,,insufficient_data,2026-09-22,2026-09-25T00:45:26.696Z,https://www.canada.ca/content/dam/ircc/documents/json/data-ptime-en.json,official,active,,,2026-09-25T01:18:44.823Z
ca-refugee-private-refugee-side--pa,ircc-ptime,CA,refugee,backward,ca-refugee-private-refugee-side,Privately sponsored refugee: refugee processing,PA,Panama,Not enough data,,,insufficient_data,2026-09-22,2026-09-25T00:45:26.696Z,https://www.canada.ca/content/dam/ircc/documents/json/data-ptime-en.json,official,active,,,2026-09-25T01:18:44.823Z
ca-refugee-private-refugee-side--pe,ircc-ptime,CA,refugee,backward,ca-refugee-private-refugee-side,Privately sponsored refugee: refugee processing,PE,Peru,Not enough data,,,insufficient_data,2026-09-22,2026-09-25T00:45:26.696Z,https://www.canada.ca/content/dam/ircc/documents/json/data-ptime-en.json,official,active,,,2026-09-25T01:18:44.823Z
ca-refugee-private-refugee-side--pf,ircc-ptime,CA,refugee,backward,ca-refugee-private-refugee-side,Privately sponsored refugee: refugee processing,PF,French Polynesia,Not enough data,,,insufficient_data,2026-09-22,2026-09-25T00:45:26.696Z,https://www.canada.ca/content/dam/ircc/documents/json/data-ptime-en.json,official,active,,,2026-09-25T01:18:44.823Z
ca-refugee-private-refugee-side--pg,ircc-ptime,CA,refugee,backward,ca-refugee-private-refugee-side,Privately sponsored refugee: refugee processing,PG,Papua New Guinea,Not enough data,,,insufficient_data,2026-09-22,2026-09-25T00:45:26.696Z,https://www.canada.ca/content/dam/ircc/documents/json/data-ptime-en.json,official,active,,,2026-09-25T01:18:44.823Z
ca-refugee-private-refugee-side--ph,ircc-ptime,CA,refugee,backward,ca-refugee-private-refugee-side,Privately sponsored refugee: refugee processing,PH,Philippines,Not enough data,,,insufficient_data,2026-09-22,2026-09-25T00:45:26.696Z,https://www.canada.ca/content/dam/ircc/documents/json/data-ptime-en.json,official,active,,,2026-09-25T01:18:44.823Z
ca-refugee-private-refugee-side--pk,ircc-ptime,CA,refugee,backward,ca-refugee-private-refugee-side,Privately sponsored refugee: refugee processing,PK,Pakistan,14 months,426.16,months,ok,2026-09-22,2026-09-25T00:45:26.696Z,https://www.canada.ca/content/dam/ircc/documents/json/data-ptime-en.json,official,active,,,2026-09-25T01:18:44.823Z
ca-refugee-private-refugee-side--pl,ircc-ptime,CA,refugee,backward,ca-refugee-private-refugee-side,Privately sponsored refugee: refugee processing,PL,Poland,Not enough data,,,insufficient_data,2026-09-22,2026-09-25T00:45:26.696Z,https://www.canada.ca/content/dam/ircc/documents/json/data-ptime-en.json,official,active,,,2026-09-25T01:18:44.823Z
ca-refugee-private-refugee-side--pr,ircc-ptime,CA,refugee,backward,ca-refugee-private-refugee-side,Privately sponsored refugee: refugee processing,PR,Puerto Rico,Not enough data,,,insufficient_data,2026-09-22,2026-09-25T00:45:26.696Z,https://www.canada.ca/content/dam/ircc/documents/json/data-ptime-en.json,official,active,,,2026-09-25T01:18:44.823Z
ca-refugee-private-refugee-side--ps,ircc-ptime,CA,refugee,backward,ca-refugee-private-refugee-side,Privately sponsored refugee: refugee processing,PS,Palestinian Territories,Not enough data,,,insufficient_data,2026-09-22,2026-09-25T00:45:26.696Z,https://www.canada.ca/content/dam/ircc/documents/json/data-ptime-en.json,official,active,,,2026-09-25T01:18:44.823Z
ca-refugee-private-refugee-side--pt,ircc-ptime,CA,refugee,backward,ca-refugee-private-refugee-side,Privately sponsored refugee: refugee processing,PT,Portugal,Not enough data,,,insufficient_data,2026-09-22,2026-09-25T00:45:26.696Z,https://www.canada.ca/content/dam/ircc/documents/json/data-ptime-en.json,official,active,,,2026-09-25T01:18:44.823Z
ca-refugee-private-refugee-side--py,ircc-ptime,CA,refugee,backward,ca-refugee-private-refugee-side,Privately sponsored refugee: refugee processing,PY,Paraguay,Not enough data,,,insufficient_data,2026-09-22,2026-09-25T00:45:26.696Z,https://www.canada.ca/content/dam/ircc/documents/json/data-ptime-en.json,official,active,,,2026-09-25T01:18:44.823Z
ca-refugee-private-refugee-side--qa,ircc-ptime,CA,refugee,backward,ca-refugee-private-refugee-side,Privately sponsored refugee: refugee processing,QA,Qatar,Not enough data,,,insufficient_data,2026-09-22,2026-09-25T00:45:26.696Z,https://www.canada.ca/content/dam/ircc/documents/json/data-ptime-en.json,official,active,,,2026-09-25T01:18:44.823Z
ca-refugee-private-refugee-side--ro,ircc-ptime,CA,refugee,backward,ca-refugee-private-refugee-side,Privately sponsored refugee: refugee processing,RO,Romania,Not enough data,,,insufficient_data,2026-09-22,2026-09-25T00:45:26.696Z,https://www.canada.ca/content/dam/ircc/documents/json/data-ptime-en.json,official,active,,,2026-09-25T01:18:44.823Z
ca-refugee-private-refugee-side--rs,ircc-ptime,CA,refugee,backward,ca-refugee-private-refugee-side,Privately sponsored refugee: refugee processing,RS,Serbia,Not enough data,,,insufficient_data,2026-09-22,2026-09-25T00:45:26.696Z,https://www.canada.ca/content/dam/ircc/documents/json/data-ptime-en.json,official,active,,,2026-09-25T01:18:44.823Z
ca-refugee-private-refugee-side--ru,ircc-ptime,CA,refugee,backward,ca-refugee-private-refugee-side,Privately sponsored refugee: refugee processing,RU,Russia,Not enough data,,,insufficient_data,2026-09-22,2026-09-25T00:45:26.696Z,https://www.canada.ca/content/dam/ircc/documents/json/data-ptime-en.json,official,active,,,2026-09-25T01:18:44.823Z
ca-refugee-private-refugee-side--rw,ircc-ptime,CA,refugee,backward,ca-refugee-private-refugee-side,Privately sponsored refugee: refugee processing,RW,Rwanda,Not enough data,,,insufficient_data,2026-09-22,2026-09-25T00:45:26.696Z,https://www.canada.ca/content/dam/ircc/documents/json/data-ptime-en.json,official,active,,,2026-09-25T01:18:44.823Z
ca-refugee-private-refugee-side--sa,ircc-ptime,CA,refugee,backward,ca-refugee-private-refugee-side,Privately sponsored refugee: refugee processing,SA,Saudi Arabia,21 months,639.24,months,ok,2026-09-22,2026-09-25T00:45:26.696Z,https://www.canada.ca/content/dam/ircc/documents/json/data-ptime-en.json,official,active,,,2026-09-25T01:18:44.823Z
ca-refugee-private-refugee-side--sb,ircc-ptime,CA,refugee,backward,ca-refugee-private-refugee-side,Privately sponsored refugee: refugee processing,SB,Solomon Islands,Not enough data,,,insufficient_data,2026-09-22,2026-09-25T00:45:26.696Z,https://www.canada.ca/content/dam/ircc/documents/json/data-ptime-en.json,official,active,,,2026-09-25T01:18:44.823Z
ca-refugee-private-refugee-side--sc,ircc-ptime,CA,refugee,backward,ca-refugee-private-refugee-side,Privately sponsored refugee: refugee processing,SC,Seychelles,Not enough data,,,insufficient_data,2026-09-22,2026-09-25T00:45:26.696Z,https://www.canada.ca/content/dam/ircc/documents/json/data-ptime-en.json,official,active,,,2026-09-25T01:18:44.823Z
ca-refugee-private-refugee-side--sd,ircc-ptime,CA,refugee,backward,ca-refugee-private-refugee-side,Privately sponsored refugee: refugee processing,SD,Sudan,19 months,578.36,months,ok,2026-09-22,2026-09-25T00:45:26.696Z,https://www.canada.ca/content/dam/ircc/documents/json/data-ptime-en.json,official,active,,,2026-09-25T01:18:44.823Z
ca-refugee-private-refugee-side--se,ircc-ptime,CA,refugee,backward,ca-refugee-private-refugee-side,Privately sponsored refugee: refugee processing,SE,Sweden,Not enough data,,,insufficient_data,2026-09-22,2026-09-25T00:45:26.696Z,https://www.canada.ca/content/dam/ircc/documents/json/data-ptime-en.json,official,active,,,2026-09-25T01:18:44.823Z
ca-refugee-private-refugee-side--sg,ircc-ptime,CA,refugee,backward,ca-refugee-private-refugee-side,Privately sponsored refugee: refugee processing,SG,Singapore,Not enough data,,,insufficient_data,2026-09-22,2026-09-25T00:45:26.696Z,https://www.canada.ca/content/dam/ircc/documents/json/data-ptime-en.json,official,active,,,2026-09-25T01:18:44.823Z
ca-refugee-private-refugee-side--si,ircc-ptime,CA,refugee,backward,ca-refugee-private-refugee-side,Privately sponsored refugee: refugee processing,SI,Slovenia,Not enough data,,,insufficient_data,2026-09-22,2026-09-25T00:45:26.696Z,https://www.canada.ca/content/dam/ircc/documents/json/data-ptime-en.json,official,active,,,2026-09-25T01:18:44.823Z
ca-refugee-private-refugee-side--sk,ircc-ptime,CA,refugee,backward,ca-refugee-private-refugee-side,Privately sponsored refugee: refugee processing,SK,Slovakia,Not enough data,,,insufficient_data,2026-09-22,2026-09-25T00:45:26.696Z,https://www.canada.ca/content/dam/ircc/documents/json/data-ptime-en.json,official,active,,,2026-09-25T01:18:44.823Z
ca-refugee-private-refugee-side--sl,ircc-ptime,CA,refugee,backward,ca-refugee-private-refugee-side,Privately sponsored refugee: refugee processing,SL,Sierra Leone,Not enough data,,,insufficient_data,2026-09-22,2026-09-25T00:45:26.696Z,https://www.canada.ca/content/dam/ircc/documents/json/data-ptime-en.json,official,active,,,2026-09-25T01:18:44.823Z
ca-refugee-private-refugee-side--sm,ircc-ptime,CA,refugee,backward,ca-refugee-private-refugee-side,Privately sponsored refugee: refugee processing,SM,San Marino,Not enough data,,,insufficient_data,2026-09-22,2026-09-25T00:45:26.696Z,https://www.canada.ca/content/dam/ircc/documents/json/data-ptime-en.json,official,active,,,2026-09-25T01:18:44.823Z
ca-refugee-private-refugee-side--sn,ircc-ptime,CA,refugee,backward,ca-refugee-private-refugee-side,Privately sponsored refugee: refugee processing,SN,Senegal,Not enough data,,,insufficient_data,2026-09-22,2026-09-25T00:45:26.696Z,https://www.canada.ca/content/dam/ircc/documents/json/data-ptime-en.json,official,active,,,2026-09-25T01:18:44.823Z
ca-refugee-private-refugee-side--so,ircc-ptime,CA,refugee,backward,ca-refugee-private-refugee-side,Privately sponsored refugee: refugee processing,SO,Somalia,Not enough data,,,insufficient_data,2026-09-22,2026-09-25T00:45:26.696Z,https://www.canada.ca/content/dam/ircc/documents/json/data-ptime-en.json,official,active,,,2026-09-25T01:18:44.823Z
ca-refugee-private-refugee-side--sr,ircc-ptime,CA,refugee,backward,ca-refugee-private-refugee-side,Privately sponsored refugee: refugee processing,SR,Suriname,Not enough data,,,insufficient_data,2026-09-22,2026-09-25T00:45:26.696Z,https://www.canada.ca/content/dam/ircc/documents/json/data-ptime-en.json,official,active,,,2026-09-25T01:18:44.823Z
ca-refugee-private-refugee-side--ss,ircc-ptime,CA,refugee,backward,ca-refugee-private-refugee-side,Privately sponsored refugee: refugee processing,SS,South Sudan,Not enough data,,,insufficient_data,2026-09-22,2026-09-25T00:45:26.696Z,https://www.canada.ca/content/dam/ircc/documents/json/data-ptime-en.json,official,active,,,2026-09-25T01:18:44.823Z
ca-refugee-private-refugee-side--st,ircc-ptime,CA,refugee,backward,ca-refugee-private-refugee-side,Privately sponsored refugee: refugee processing,ST,São Tomé & Príncipe,Not enough data,,,insufficient_data,2026-09-22,2026-09-25T00:45:26.696Z,https://www.canada.ca/content/dam/ircc/documents/json/data-ptime-en.json,official,active,,,2026-09-25T01:18:44.823Z
ca-refugee-private-refugee-side--sv,ircc-ptime,CA,refugee,backward,ca-refugee-private-refugee-side,Privately sponsored refugee: refugee processing,SV,El Salvador,Not enough data,,,insufficient_data,2026-09-22,2026-09-25T00:45:26.696Z,https://www.canada.ca/content/dam/ircc/documents/json/data-ptime-en.json,official,active,,,2026-09-25T01:18:44.823Z
ca-refugee-private-refugee-side--sy,ircc-ptime,CA,refugee,backward,ca-refugee-private-refugee-side,Privately sponsored refugee: refugee processing,SY,Syria,Not enough data,,,insufficient_data,2026-09-22,2026-09-25T00:45:26.696Z,https://www.canada.ca/content/dam/ircc/documents/json/data-ptime-en.json,official,active,,,2026-09-25T01:18:44.823Z
ca-refugee-private-refugee-side--sz,ircc-ptime,CA,refugee,backward,ca-refugee-private-refugee-side,Privately sponsored refugee: refugee processing,SZ,Eswatini,Not enough data,,,insufficient_data,2026-09-22,2026-09-25T00:45:26.696Z,https://www.canada.ca/content/dam/ircc/documents/json/data-ptime-en.json,official,active,,,2026-09-25T01:18:44.823Z
ca-refugee-private-refugee-side--tc,ircc-ptime,CA,refugee,backward,ca-refugee-private-refugee-side,Privately sponsored refugee: refugee processing,TC,Turks & Caicos Islands,Not enough data,,,insufficient_data,2026-09-22,2026-09-25T00:45:26.696Z,https://www.canada.ca/content/dam/ircc/documents/json/data-ptime-en.json,official,active,,,2026-09-25T01:18:44.823Z
ca-refugee-private-refugee-side--td,ircc-ptime,CA,refugee,backward,ca-refugee-private-refugee-side,Privately sponsored refugee: refugee processing,TD,Chad,Not enough data,,,insufficient_data,2026-09-22,2026-09-25T00:45:26.696Z,https://www.canada.ca/content/dam/ircc/documents/json/data-ptime-en.json,official,active,,,2026-09-25T01:18:44.823Z
ca-refugee-private-refugee-side--tg,ircc-ptime,CA,refugee,backward,ca-refugee-private-refugee-side,Privately sponsored refugee: refugee processing,TG,Togo,Not enough data,,,insufficient_data,2026-09-22,2026-09-25T00:45:26.696Z,https://www.canada.ca/content/dam/ircc/documents/json/data-ptime-en.json,official,active,,,2026-09-25T01:18:44.823Z
ca-refugee-private-refugee-side--th,ircc-ptime,CA,refugee,backward,ca-refugee-private-refugee-side,Privately sponsored refugee: refugee processing,TH,Thailand,Not enough data,,,insufficient_data,2026-09-22,2026-09-25T00:45:26.696Z,https://www.canada.ca/content/dam/ircc/documents/json/data-ptime-en.json,official,active,,,2026-09-25T01:18:44.823Z
ca-refugee-private-refugee-side--tj,ircc-ptime,CA,refugee,backward,ca-refugee-private-refugee-side,Privately sponsored refugee: refugee processing,TJ,Tajikistan,20 months,608.8,months,ok,2026-09-22,2026-09-25T00:45:26.696Z,https://www.canada.ca/content/dam/ircc/documents/json/data-ptime-en.json,official,active,,,2026-09-25T01:18:44.823Z
ca-refugee-private-refugee-side--tl,ircc-ptime,CA,refugee,backward,ca-refugee-private-refugee-side,Privately sponsored refugee: refugee processing,TL,Timor-Leste,Not enough data,,,insufficient_data,2026-09-22,2026-09-25T00:45:26.696Z,https://www.canada.ca/content/dam/ircc/documents/json/data-ptime-en.json,official,active,,,2026-09-25T01:18:44.823Z
ca-refugee-private-refugee-side--tm,ircc-ptime,CA,refugee,backward,ca-refugee-private-refugee-side,Privately sponsored refugee: refugee processing,TM,Turkmenistan,Not enough data,,,insufficient_data,2026-09-22,2026-09-25T00:45:26.696Z,https://www.canada.ca/content/dam/ircc/documents/json/data-ptime-en.json,official,active,,,2026-09-25T01:18:44.823Z
ca-refugee-private-refugee-side--tn,ircc-ptime,CA,refugee,backward,ca-refugee-private-refugee-side,Privately sponsored refugee: refugee processing,TN,Tunisia,Not enough data,,,insufficient_data,2026-09-22,2026-09-25T00:45:26.696Z,https://www.canada.ca/content/dam/ircc/documents/json/data-ptime-en.json,official,active,,,2026-09-25T01:18:44.823Z
ca-refugee-private-refugee-side--to,ircc-ptime,CA,refugee,backward,ca-refugee-private-refugee-side,Privately sponsored refugee: refugee processing,TO,Tonga,Not enough data,,,insufficient_data,2026-09-22,2026-09-25T00:45:26.696Z,https://www.canada.ca/content/dam/ircc/documents/json/data-ptime-en.json,official,active,,,2026-09-25T01:18:44.823Z
ca-refugee-private-refugee-side--tr,ircc-ptime,CA,refugee,backward,ca-refugee-private-refugee-side,Privately sponsored refugee: refugee processing,TR,Türkiye,28 months,852.32,months,ok,2026-09-22,2026-09-25T00:45:26.696Z,https://www.canada.ca/content/dam/ircc/documents/json/data-ptime-en.json,official,active,,,2026-09-25T01:18:44.823Z
ca-refugee-private-refugee-side--tt,ircc-ptime,CA,refugee,backward,ca-refugee-private-refugee-side,Privately sponsored refugee: refugee processing,TT,Trinidad & Tobago,Not enough data,,,insufficient_data,2026-09-22,2026-09-25T00:45:26.696Z,https://www.canada.ca/content/dam/ircc/documents/json/data-ptime-en.json,official,active,,,2026-09-25T01:18:44.823Z
ca-refugee-private-refugee-side--tv,ircc-ptime,CA,refugee,backward,ca-refugee-private-refugee-side,Privately sponsored refugee: refugee processing,TV,Tuvalu,Not enough data,,,insufficient_data,2026-09-22,2026-09-25T00:45:26.696Z,https://www.canada.ca/content/dam/ircc/documents/json/data-ptime-en.json,official,active,,,2026-09-25T01:18:44.823Z
ca-refugee-private-refugee-side--tw,ircc-ptime,CA,refugee,backward,ca-refugee-private-refugee-side,Privately sponsored refugee: refugee processing,TW,Taiwan,Not enough data,,,insufficient_data,2026-09-22,2026-09-25T00:45:26.696Z,https://www.canada.ca/content/dam/ircc/documents/json/data-ptime-en.json,official,active,,,2026-09-25T01:18:44.823Z
ca-refugee-private-refugee-side--tz,ircc-ptime,CA,refugee,backward,ca-refugee-private-refugee-side,Privately sponsored refugee: refugee processing,TZ,Tanzania,Not enough data,,,insufficient_data,2026-09-22,2026-09-25T00:45:26.696Z,https://www.canada.ca/content/dam/ircc/documents/json/data-ptime-en.json,official,active,,,2026-09-25T01:18:44.823Z
ca-refugee-private-refugee-side--ua,ircc-ptime,CA,refugee,backward,ca-refugee-private-refugee-side,Privately sponsored refugee: refugee processing,UA,Ukraine,Not enough data,,,insufficient_data,2026-09-22,2026-09-25T00:45:26.696Z,https://www.canada.ca/content/dam/ircc/documents/json/data-ptime-en.json,official,active,,,2026-09-25T01:18:44.823Z
ca-refugee-private-refugee-side--ug,ircc-ptime,CA,refugee,backward,ca-refugee-private-refugee-side,Privately sponsored refugee: refugee processing,UG,Uganda,31 months,943.64,months,ok,2026-09-22,2026-09-25T00:45:26.696Z,https://www.canada.ca/content/dam/ircc/documents/json/data-ptime-en.json,official,active,,,2026-09-25T01:18:44.823Z
ca-refugee-private-refugee-side--us,ircc-ptime,CA,refugee,backward,ca-refugee-private-refugee-side,Privately sponsored refugee: refugee processing,US,United States,Not enough data,,,insufficient_data,2026-09-22,2026-09-25T00:45:26.696Z,https://www.canada.ca/content/dam/ircc/documents/json/data-ptime-en.json,official,active,,,2026-09-25T01:18:44.823Z
ca-refugee-private-refugee-side--uy,ircc-ptime,CA,refugee,backward,ca-refugee-private-refugee-side,Privately sponsored refugee: refugee processing,UY,Uruguay,Not enough data,,,insufficient_data,2026-09-22,2026-09-25T00:45:26.696Z,https://www.canada.ca/content/dam/ircc/documents/json/data-ptime-en.json,official,active,,,2026-09-25T01:18:44.823Z
ca-refugee-private-refugee-side--uz,ircc-ptime,CA,refugee,backward,ca-refugee-private-refugee-side,Privately sponsored refugee: refugee processing,UZ,Uzbekistan,Not enough data,,,insufficient_data,2026-09-22,2026-09-25T00:45:26.696Z,https://www.canada.ca/content/dam/ircc/documents/json/data-ptime-en.json,official,active,,,2026-09-25T01:18:44.823Z
ca-refugee-private-refugee-side--va,ircc-ptime,CA,refugee,backward,ca-refugee-private-refugee-side,Privately sponsored refugee: refugee processing,VA,Vatican City,Not enough data,,,insufficient_data,2026-09-22,2026-09-25T00:45:26.696Z,https://www.canada.ca/content/dam/ircc/documents/json/data-ptime-en.json,official,active,,,2026-09-25T01:18:44.823Z
ca-refugee-private-refugee-side--vc,ircc-ptime,CA,refugee,backward,ca-refugee-private-refugee-side,Privately sponsored refugee: refugee processing,VC,St. Vincent & Grenadines,Not enough data,,,insufficient_data,2026-09-22,2026-09-25T00:45:26.696Z,https://www.canada.ca/content/dam/ircc/documents/json/data-ptime-en.json,official,active,,,2026-09-25T01:18:44.823Z
ca-refugee-private-refugee-side--ve,ircc-ptime,CA,refugee,backward,ca-refugee-private-refugee-side,Privately sponsored refugee: refugee processing,VE,Venezuela,Not enough data,,,insufficient_data,2026-09-22,2026-09-25T00:45:26.696Z,https://www.canada.ca/content/dam/ircc/documents/json/data-ptime-en.json,official,active,,,2026-09-25T01:18:44.823Z
ca-refugee-private-refugee-side--vi,ircc-ptime,CA,refugee,backward,ca-refugee-private-refugee-side,Privately sponsored refugee: refugee processing,VI,U.S. Virgin Islands,Not enough data,,,insufficient_data,2026-09-22,2026-09-25T00:45:26.696Z,https://www.canada.ca/content/dam/ircc/documents/json/data-ptime-en.json,official,active,,,2026-09-25T01:18:44.823Z
ca-refugee-private-refugee-side--vn,ircc-ptime,CA,refugee,backward,ca-refugee-private-refugee-side,Privately sponsored refugee: refugee processing,VN,Vietnam,Not enough data,,,insufficient_data,2026-09-22,2026-09-25T00:45:26.696Z,https://www.canada.ca/content/dam/ircc/documents/json/data-ptime-en.json,official,active,,,2026-09-25T01:18:44.823Z
ca-refugee-private-refugee-side--vu,ircc-ptime,CA,refugee,backward,ca-refugee-private-refugee-side,Privately sponsored refugee: refugee processing,VU,Vanuatu,Not enough data,,,insufficient_data,2026-09-22,2026-09-25T00:45:26.696Z,https://www.canada.ca/content/dam/ircc/documents/json/data-ptime-en.json,official,active,,,2026-09-25T01:18:44.823Z
ca-refugee-private-refugee-side--wb,ircc-ptime,CA,refugee,backward,ca-refugee-private-refugee-side,Privately sponsored refugee: refugee processing,WB,WB,Not enough data,,,insufficient_data,2026-09-22,2026-09-25T00:45:26.696Z,https://www.canada.ca/content/dam/ircc/documents/json/data-ptime-en.json,official,active,,,2026-09-25T01:18:44.823Z
ca-refugee-private-refugee-side--ws,ircc-ptime,CA,refugee,backward,ca-refugee-private-refugee-side,Privately sponsored refugee: refugee processing,WS,Samoa,Not enough data,,,insufficient_data,2026-09-22,2026-09-25T00:45:26.696Z,https://www.canada.ca/content/dam/ircc/documents/json/data-ptime-en.json,official,active,,,2026-09-25T01:18:44.823Z
ca-refugee-private-refugee-side--xk,ircc-ptime,CA,refugee,backward,ca-refugee-private-refugee-side,Privately sponsored refugee: refugee processing,XK,Kosovo,Not enough data,,,insufficient_data,2026-09-22,2026-09-25T00:45:26.696Z,https://www.canada.ca/content/dam/ircc/documents/json/data-ptime-en.json,official,active,,,2026-09-25T01:18:44.823Z
ca-refugee-private-refugee-side--ye,ircc-ptime,CA,refugee,backward,ca-refugee-private-refugee-side,Privately sponsored refugee: refugee processing,YE,Yemen,Not enough data,,,insufficient_data,2026-09-22,2026-09-25T00:45:26.696Z,https://www.canada.ca/content/dam/ircc/documents/json/data-ptime-en.json,official,active,,,2026-09-25T01:18:44.823Z
ca-refugee-private-refugee-side--za,ircc-ptime,CA,refugee,backward,ca-refugee-private-refugee-side,Privately sponsored refugee: refugee processing,ZA,South Africa,34 months,1034.96,months,ok,2026-09-22,2026-09-25T00:45:26.696Z,https://www.canada.ca/content/dam/ircc/documents/json/data-ptime-en.json,official,active,,,2026-09-25T01:18:44.823Z
ca-refugee-private-refugee-side--zm,ircc-ptime,CA,refugee,backward,ca-refugee-private-refugee-side,Privately sponsored refugee: refugee processing,ZM,Zambia,Not enough data,,,insufficient_data,2026-09-22,2026-09-25T00:45:26.696Z,https://www.canada.ca/content/dam/ircc/documents/json/data-ptime-en.json,official,active,,,2026-09-25T01:18:44.823Z
ca-refugee-private-refugee-side--zw,ircc-ptime,CA,refugee,backward,ca-refugee-private-refugee-side,Privately sponsored refugee: refugee processing,ZW,Zimbabwe,Not enough data,,,insufficient_data,2026-09-22,2026-09-25T00:45:26.696Z,https://www.canada.ca/content/dam/ircc/documents/json/data-ptime-en.json,official,active,,,2026-09-25T01:18:44.823Z
ca-refugee-private-sponsor-side--ad,ircc-ptime,CA,refugee,backward,ca-refugee-private-sponsor-side,Privately sponsored refugee: sponsor processing,AD,Andorra,Not enough data,,,insufficient_data,2026-09-22,2026-09-25T00:45:26.696Z,https://www.canada.ca/content/dam/ircc/documents/json/data-ptime-en.json,official,active,,,2026-09-25T01:18:44.823Z
ca-refugee-private-sponsor-side--ae,ircc-ptime,CA,refugee,backward,ca-refugee-private-sponsor-side,Privately sponsored refugee: sponsor processing,AE,United Arab Emirates,1 month,30.44,months,ok,2026-09-22,2026-09-25T00:45:26.696Z,https://www.canada.ca/content/dam/ircc/documents/json/data-ptime-en.json,official,active,,,2026-09-25T01:18:44.823Z
ca-refugee-private-sponsor-side--af,ircc-ptime,CA,refugee,backward,ca-refugee-private-sponsor-side,Privately sponsored refugee: sponsor processing,AF,Afghanistan,Not enough data,,,insufficient_data,2026-09-22,2026-09-25T00:45:26.696Z,https://www.canada.ca/content/dam/ircc/documents/json/data-ptime-en.json,official,active,,,2026-09-25T01:18:44.823Z
ca-refugee-private-sponsor-side--ag,ircc-ptime,CA,refugee,backward,ca-refugee-private-sponsor-side,Privately sponsored refugee: sponsor processing,AG,Antigua & Barbuda,Not enough data,,,insufficient_data,2026-09-22,2026-09-25T00:45:26.696Z,https://www.canada.ca/content/dam/ircc/documents/json/data-ptime-en.json,official,active,,,2026-09-25T01:18:44.823Z
ca-refugee-private-sponsor-side--ai,ircc-ptime,CA,refugee,backward,ca-refugee-private-sponsor-side,Privately sponsored refugee: sponsor processing,AI,Anguilla,Not enough data,,,insufficient_data,2026-09-22,2026-09-25T00:45:26.696Z,https://www.canada.ca/content/dam/ircc/documents/json/data-ptime-en.json,official,active,,,2026-09-25T01:18:44.823Z
ca-refugee-private-sponsor-side--al,ircc-ptime,CA,refugee,backward,ca-refugee-private-sponsor-side,Privately sponsored refugee: sponsor processing,AL,Albania,Not enough data,,,insufficient_data,2026-09-22,2026-09-25T00:45:26.696Z,https://www.canada.ca/content/dam/ircc/documents/json/data-ptime-en.json,official,active,,,2026-09-25T01:18:44.823Z
ca-refugee-private-sponsor-side--am,ircc-ptime,CA,refugee,backward,ca-refugee-private-sponsor-side,Privately sponsored refugee: sponsor processing,AM,Armenia,Not enough data,,,insufficient_data,2026-09-22,2026-09-25T00:45:26.696Z,https://www.canada.ca/content/dam/ircc/documents/json/data-ptime-en.json,official,active,,,2026-09-25T01:18:44.823Z
ca-refugee-private-sponsor-side--ao,ircc-ptime,CA,refugee,backward,ca-refugee-private-sponsor-side,Privately sponsored refugee: sponsor processing,AO,Angola,Not enough data,,,insufficient_data,2026-09-22,2026-09-25T00:45:26.696Z,https://www.canada.ca/content/dam/ircc/documents/json/data-ptime-en.json,official,active,,,2026-09-25T01:18:44.823Z
ca-refugee-private-sponsor-side--ar,ircc-ptime,CA,refugee,backward,ca-refugee-private-sponsor-side,Privately sponsored refugee: sponsor processing,AR,Argentina,Not enough data,,,insufficient_data,2026-09-22,2026-09-25T00:45:26.696Z,https://www.canada.ca/content/dam/ircc/documents/json/data-ptime-en.json,official,active,,,2026-09-25T01:18:44.823Z
ca-refugee-private-sponsor-side--at,ircc-ptime,CA,refugee,backward,ca-refugee-private-sponsor-side,Privately sponsored refugee: sponsor processing,AT,Austria,Not enough data,,,insufficient_data,2026-09-22,2026-09-25T00:45:26.696Z,https://www.canada.ca/content/dam/ircc/documents/json/data-ptime-en.json,official,active,,,2026-09-25T01:18:44.823Z
ca-refugee-private-sponsor-side--au,ircc-ptime,CA,refugee,backward,ca-refugee-private-sponsor-side,Privately sponsored refugee: sponsor processing,AU,Australia,Not enough data,,,insufficient_data,2026-09-22,2026-09-25T00:45:26.696Z,https://www.canada.ca/content/dam/ircc/documents/json/data-ptime-en.json,official,active,,,2026-09-25T01:18:44.823Z
ca-refugee-private-sponsor-side--aw,ircc-ptime,CA,refugee,backward,ca-refugee-private-sponsor-side,Privately sponsored refugee: sponsor processing,AW,Aruba,Not enough data,,,insufficient_data,2026-09-22,2026-09-25T00:45:26.696Z,https://www.canada.ca/content/dam/ircc/documents/json/data-ptime-en.json,official,active,,,2026-09-25T01:18:44.823Z
ca-refugee-private-sponsor-side--az,ircc-ptime,CA,refugee,backward,ca-refugee-private-sponsor-side,Privately sponsored refugee: sponsor processing,AZ,Azerbaijan,Not enough data,,,insufficient_data,2026-09-22,2026-09-25T00:45:26.696Z,https://www.canada.ca/content/dam/ircc/documents/json/data-ptime-en.json,official,active,,,2026-09-25T01:18:44.823Z
ca-refugee-private-sponsor-side--ba,ircc-ptime,CA,refugee,backward,ca-refugee-private-sponsor-side,Privately sponsored refugee: sponsor processing,BA,Bosnia & Herzegovina,Not enough data,,,insufficient_data,2026-09-22,2026-09-25T00:45:26.696Z,https://www.canada.ca/content/dam/ircc/documents/json/data-ptime-en.json,official,active,,,2026-09-25T01:18:44.823Z
ca-refugee-private-sponsor-side--bb,ircc-ptime,CA,refugee,backward,ca-refugee-private-sponsor-side,Privately sponsored refugee: sponsor processing,BB,Barbados,Not enough data,,,insufficient_data,2026-09-22,2026-09-25T00:45:26.696Z,https://www.canada.ca/content/dam/ircc/documents/json/data-ptime-en.json,official,active,,,2026-09-25T01:18:44.823Z
ca-refugee-private-sponsor-side--bd,ircc-ptime,CA,refugee,backward,ca-refugee-private-sponsor-side,Privately sponsored refugee: sponsor processing,BD,Bangladesh,Not enough data,,,insufficient_data,2026-09-22,2026-09-25T00:45:26.696Z,https://www.canada.ca/content/dam/ircc/documents/json/data-ptime-en.json,official,active,,,2026-09-25T01:18:44.823Z
ca-refugee-private-sponsor-side--be,ircc-ptime,CA,refugee,backward,ca-refugee-private-sponsor-side,Privately sponsored refugee: sponsor processing,BE,Belgium,Not enough data,,,insufficient_data,2026-09-22,2026-09-25T00:45:26.696Z,https://www.canada.ca/content/dam/ircc/documents/json/data-ptime-en.json,official,active,,,2026-09-25T01:18:44.823Z
ca-refugee-private-sponsor-side--bf,ircc-ptime,CA,refugee,backward,ca-refugee-private-sponsor-side,Privately sponsored refugee: sponsor processing,BF,Burkina Faso,Not enough data,,,insufficient_data,2026-09-22,2026-09-25T00:45:26.696Z,https://www.canada.ca/content/dam/ircc/documents/json/data-ptime-en.json,official,active,,,2026-09-25T01:18:44.823Z
ca-refugee-private-sponsor-side--bg,ircc-ptime,CA,refugee,backward,ca-refugee-private-sponsor-side,Privately sponsored refugee: sponsor processing,BG,Bulgaria,Not enough data,,,insufficient_data,2026-09-22,2026-09-25T00:45:26.696Z,https://www.canada.ca/content/dam/ircc/documents/json/data-ptime-en.json,official,active,,,2026-09-25T01:18:44.823Z
ca-refugee-private-sponsor-side--bh,ircc-ptime,CA,refugee,backward,ca-refugee-private-sponsor-side,Privately sponsored refugee: sponsor processing,BH,Bahrain,Not enough data,,,insufficient_data,2026-09-22,2026-09-25T00:45:26.696Z,https://www.canada.ca/content/dam/ircc/documents/json/data-ptime-en.json,official,active,,,2026-09-25T01:18:44.823Z
ca-refugee-private-sponsor-side--bi,ircc-ptime,CA,refugee,backward,ca-refugee-private-sponsor-side,Privately sponsored refugee: sponsor processing,BI,Burundi,Not enough data,,,insufficient_data,2026-09-22,2026-09-25T00:45:26.696Z,https://www.canada.ca/content/dam/ircc/documents/json/data-ptime-en.json,official,active,,,2026-09-25T01:18:44.823Z
ca-refugee-private-sponsor-side--bj,ircc-ptime,CA,refugee,backward,ca-refugee-private-sponsor-side,Privately sponsored refugee: sponsor processing,BJ,Benin,Not enough data,,,insufficient_data,2026-09-22,2026-09-25T00:45:26.696Z,https://www.canada.ca/content/dam/ircc/documents/json/data-ptime-en.json,official,active,,,2026-09-25T01:18:44.823Z
ca-refugee-private-sponsor-side--bm,ircc-ptime,CA,refugee,backward,ca-refugee-private-sponsor-side,Privately sponsored refugee: sponsor processing,BM,Bermuda,Not enough data,,,insufficient_data,2026-09-22,2026-09-25T00:45:26.696Z,https://www.canada.ca/content/dam/ircc/documents/json/data-ptime-en.json,official,active,,,2026-09-25T01:18:44.823Z
ca-refugee-private-sponsor-side--bn,ircc-ptime,CA,refugee,backward,ca-refugee-private-sponsor-side,Privately sponsored refugee: sponsor processing,BN,Brunei,Not enough data,,,insufficient_data,2026-09-22,2026-09-25T00:45:26.696Z,https://www.canada.ca/content/dam/ircc/documents/json/data-ptime-en.json,official,active,,,2026-09-25T01:18:44.823Z
ca-refugee-private-sponsor-side--bo,ircc-ptime,CA,refugee,backward,ca-refugee-private-sponsor-side,Privately sponsored refugee: sponsor processing,BO,Bolivia,Not enough data,,,insufficient_data,2026-09-22,2026-09-25T00:45:26.696Z,https://www.canada.ca/content/dam/ircc/documents/json/data-ptime-en.json,official,active,,,2026-09-25T01:18:44.823Z
ca-refugee-private-sponsor-side--bq,ircc-ptime,CA,refugee,backward,ca-refugee-private-sponsor-side,Privately sponsored refugee: sponsor processing,BQ,Caribbean Netherlands,Not enough data,,,insufficient_data,2026-09-22,2026-09-25T00:45:26.696Z,https://www.canada.ca/content/dam/ircc/documents/json/data-ptime-en.json,official,active,,,2026-09-25T01:18:44.823Z
ca-refugee-private-sponsor-side--br,ircc-ptime,CA,refugee,backward,ca-refugee-private-sponsor-side,Privately sponsored refugee: sponsor processing,BR,Brazil,Not enough data,,,insufficient_data,2026-09-22,2026-09-25T00:45:26.696Z,https://www.canada.ca/content/dam/ircc/documents/json/data-ptime-en.json,official,active,,,2026-09-25T01:18:44.823Z
ca-refugee-private-sponsor-side--bs,ircc-ptime,CA,refugee,backward,ca-refugee-private-sponsor-side,Privately sponsored refugee: sponsor processing,BS,Bahamas,Not enough data,,,insufficient_data,2026-09-22,2026-09-25T00:45:26.696Z,https://www.canada.ca/content/dam/ircc/documents/json/data-ptime-en.json,official,active,,,2026-09-25T01:18:44.823Z
ca-refugee-private-sponsor-side--bt,ircc-ptime,CA,refugee,backward,ca-refugee-private-sponsor-side,Privately sponsored refugee: sponsor processing,BT,Bhutan,Not enough data,,,insufficient_data,2026-09-22,2026-09-25T00:45:26.696Z,https://www.canada.ca/content/dam/ircc/documents/json/data-ptime-en.json,official,active,,,2026-09-25T01:18:44.823Z
ca-refugee-private-sponsor-side--bw,ircc-ptime,CA,refugee,backward,ca-refugee-private-sponsor-side,Privately sponsored refugee: sponsor processing,BW,Botswana,Not enough data,,,insufficient_data,2026-09-22,2026-09-25T00:45:26.696Z,https://www.canada.ca/content/dam/ircc/documents/json/data-ptime-en.json,official,active,,,2026-09-25T01:18:44.823Z
ca-refugee-private-sponsor-side--by,ircc-ptime,CA,refugee,backward,ca-refugee-private-sponsor-side,Privately sponsored refugee: sponsor processing,BY,Belarus,Not enough data,,,insufficient_data,2026-09-22,2026-09-25T00:45:26.696Z,https://www.canada.ca/content/dam/ircc/documents/json/data-ptime-en.json,official,active,,,2026-09-25T01:18:44.823Z
ca-refugee-private-sponsor-side--bz,ircc-ptime,CA,refugee,backward,ca-refugee-private-sponsor-side,Privately sponsored refugee: sponsor processing,BZ,Belize,Not enough data,,,insufficient_data,2026-09-22,2026-09-25T00:45:26.696Z,https://www.canada.ca/content/dam/ircc/documents/json/data-ptime-en.json,official,active,,,2026-09-25T01:18:44.823Z
ca-refugee-private-sponsor-side--ca,ircc-ptime,CA,refugee,backward,ca-refugee-private-sponsor-side,Privately sponsored refugee: sponsor processing,CA,Canada,Not enough data,,,insufficient_data,2026-09-22,2026-09-25T00:45:26.696Z,https://www.canada.ca/content/dam/ircc/documents/json/data-ptime-en.json,official,active,,,2026-09-25T01:18:44.823Z
ca-refugee-private-sponsor-side--cd,ircc-ptime,CA,refugee,backward,ca-refugee-private-sponsor-side,Privately sponsored refugee: sponsor processing,CD,Congo - Kinshasa,Not enough data,,,insufficient_data,2026-09-22,2026-09-25T00:45:26.696Z,https://www.canada.ca/content/dam/ircc/documents/json/data-ptime-en.json,official,active,,,2026-09-25T01:18:44.823Z
ca-refugee-private-sponsor-side--cf,ircc-ptime,CA,refugee,backward,ca-refugee-private-sponsor-side,Privately sponsored refugee: sponsor processing,CF,Central African Republic,Not enough data,,,insufficient_data,2026-09-22,2026-09-25T00:45:26.696Z,https://www.canada.ca/content/dam/ircc/documents/json/data-ptime-en.json,official,active,,,2026-09-25T01:18:44.823Z
ca-refugee-private-sponsor-side--cg,ircc-ptime,CA,refugee,backward,ca-refugee-private-sponsor-side,Privately sponsored refugee: sponsor processing,CG,Congo - Brazzaville,Not enough data,,,insufficient_data,2026-09-22,2026-09-25T00:45:26.696Z,https://www.canada.ca/content/dam/ircc/documents/json/data-ptime-en.json,official,active,,,2026-09-25T01:18:44.823Z
ca-refugee-private-sponsor-side--ch,ircc-ptime,CA,refugee,backward,ca-refugee-private-sponsor-side,Privately sponsored refugee: sponsor processing,CH,Switzerland,Not enough data,,,insufficient_data,2026-09-22,2026-09-25T00:45:26.696Z,https://www.canada.ca/content/dam/ircc/documents/json/data-ptime-en.json,official,active,,,2026-09-25T01:18:44.823Z
ca-refugee-private-sponsor-side--ci,ircc-ptime,CA,refugee,backward,ca-refugee-private-sponsor-side,Privately sponsored refugee: sponsor processing,CI,Côte d’Ivoire,Not enough data,,,insufficient_data,2026-09-22,2026-09-25T00:45:26.696Z,https://www.canada.ca/content/dam/ircc/documents/json/data-ptime-en.json,official,active,,,2026-09-25T01:18:44.823Z
ca-refugee-private-sponsor-side--cl,ircc-ptime,CA,refugee,backward,ca-refugee-private-sponsor-side,Privately sponsored refugee: sponsor processing,CL,Chile,Not enough data,,,insufficient_data,2026-09-22,2026-09-25T00:45:26.696Z,https://www.canada.ca/content/dam/ircc/documents/json/data-ptime-en.json,official,active,,,2026-09-25T01:18:44.823Z
ca-refugee-private-sponsor-side--cm,ircc-ptime,CA,refugee,backward,ca-refugee-private-sponsor-side,Privately sponsored refugee: sponsor processing,CM,Cameroon,Not enough data,,,insufficient_data,2026-09-22,2026-09-25T00:45:26.696Z,https://www.canada.ca/content/dam/ircc/documents/json/data-ptime-en.json,official,active,,,2026-09-25T01:18:44.823Z
ca-refugee-private-sponsor-side--cn,ircc-ptime,CA,refugee,backward,ca-refugee-private-sponsor-side,Privately sponsored refugee: sponsor processing,CN,China,Not enough data,,,insufficient_data,2026-09-22,2026-09-25T00:45:26.696Z,https://www.canada.ca/content/dam/ircc/documents/json/data-ptime-en.json,official,active,,,2026-09-25T01:18:44.823Z
ca-refugee-private-sponsor-side--co,ircc-ptime,CA,refugee,backward,ca-refugee-private-sponsor-side,Privately sponsored refugee: sponsor processing,CO,Colombia,Not enough data,,,insufficient_data,2026-09-22,2026-09-25T00:45:26.696Z,https://www.canada.ca/content/dam/ircc/documents/json/data-ptime-en.json,official,active,,,2026-09-25T01:18:44.823Z
ca-refugee-private-sponsor-side--cr,ircc-ptime,CA,refugee,backward,ca-refugee-private-sponsor-side,Privately sponsored refugee: sponsor processing,CR,Costa Rica,Not enough data,,,insufficient_data,2026-09-22,2026-09-25T00:45:26.696Z,https://www.canada.ca/content/dam/ircc/documents/json/data-ptime-en.json,official,active,,,2026-09-25T01:18:44.823Z
ca-refugee-private-sponsor-side--cu,ircc-ptime,CA,refugee,backward,ca-refugee-private-sponsor-side,Privately sponsored refugee: sponsor processing,CU,Cuba,Not enough data,,,insufficient_data,2026-09-22,2026-09-25T00:45:26.696Z,https://www.canada.ca/content/dam/ircc/documents/json/data-ptime-en.json,official,active,,,2026-09-25T01:18:44.823Z
ca-refugee-private-sponsor-side--cv,ircc-ptime,CA,refugee,backward,ca-refugee-private-sponsor-side,Privately sponsored refugee: sponsor processing,CV,Cape Verde,Not enough data,,,insufficient_data,2026-09-22,2026-09-25T00:45:26.696Z,https://www.canada.ca/content/dam/ircc/documents/json/data-ptime-en.json,official,active,,,2026-09-25T01:18:44.823Z
ca-refugee-private-sponsor-side--cy,ircc-ptime,CA,refugee,backward,ca-refugee-private-sponsor-side,Privately sponsored refugee: sponsor processing,CY,Cyprus,Not enough data,,,insufficient_data,2026-09-22,2026-09-25T00:45:26.696Z,https://www.canada.ca/content/dam/ircc/documents/json/data-ptime-en.json,official,active,,,2026-09-25T01:18:44.823Z
ca-refugee-private-sponsor-side--cz,ircc-ptime,CA,refugee,backward,ca-refugee-private-sponsor-side,Privately sponsored refugee: sponsor processing,CZ,Czechia,Not enough data,,,insufficient_data,2026-09-22,2026-09-25T00:45:26.696Z,https://www.canada.ca/content/dam/ircc/documents/json/data-ptime-en.json,official,active,,,2026-09-25T01:18:44.823Z
ca-refugee-private-sponsor-side--de,ircc-ptime,CA,refugee,backward,ca-refugee-private-sponsor-side,Privately sponsored refugee: sponsor processing,DE,Germany,Not enough data,,,insufficient_data,2026-09-22,2026-09-25T00:45:26.696Z,https://www.canada.ca/content/dam/ircc/documents/json/data-ptime-en.json,official,active,,,2026-09-25T01:18:44.823Z
ca-refugee-private-sponsor-side--dj,ircc-ptime,CA,refugee,backward,ca-refugee-private-sponsor-side,Privately sponsored refugee: sponsor processing,DJ,Djibouti,Not enough data,,,insufficient_data,2026-09-22,2026-09-25T00:45:26.696Z,https://www.canada.ca/content/dam/ircc/documents/json/data-ptime-en.json,official,active,,,2026-09-25T01:18:44.823Z
ca-refugee-private-sponsor-side--dk,ircc-ptime,CA,refugee,backward,ca-refugee-private-sponsor-side,Privately sponsored refugee: sponsor processing,DK,Denmark,Not enough data,,,insufficient_data,2026-09-22,2026-09-25T00:45:26.696Z,https://www.canada.ca/content/dam/ircc/documents/json/data-ptime-en.json,official,active,,,2026-09-25T01:18:44.823Z
ca-refugee-private-sponsor-side--dm,ircc-ptime,CA,refugee,backward,ca-refugee-private-sponsor-side,Privately sponsored refugee: sponsor processing,DM,Dominica,Not enough data,,,insufficient_data,2026-09-22,2026-09-25T00:45:26.696Z,https://www.canada.ca/content/dam/ircc/documents/json/data-ptime-en.json,official,active,,,2026-09-25T01:18:44.823Z
ca-refugee-private-sponsor-side--do,ircc-ptime,CA,refugee,backward,ca-refugee-private-sponsor-side,Privately sponsored refugee: sponsor processing,DO,Dominican Republic,Not enough data,,,insufficient_data,2026-09-22,2026-09-25T00:45:26.696Z,https://www.canada.ca/content/dam/ircc/documents/json/data-ptime-en.json,official,active,,,2026-09-25T01:18:44.823Z
ca-refugee-private-sponsor-side--dz,ircc-ptime,CA,refugee,backward,ca-refugee-private-sponsor-side,Privately sponsored refugee: sponsor processing,DZ,Algeria,Not enough data,,,insufficient_data,2026-09-22,2026-09-25T00:45:26.696Z,https://www.canada.ca/content/dam/ircc/documents/json/data-ptime-en.json,official,active,,,2026-09-25T01:18:44.823Z
ca-refugee-private-sponsor-side--ec,ircc-ptime,CA,refugee,backward,ca-refugee-private-sponsor-side,Privately sponsored refugee: sponsor processing,EC,Ecuador,Not enough data,,,insufficient_data,2026-09-22,2026-09-25T00:45:26.696Z,https://www.canada.ca/content/dam/ircc/documents/json/data-ptime-en.json,official,active,,,2026-09-25T01:18:44.823Z
ca-refugee-private-sponsor-side--ee,ircc-ptime,CA,refugee,backward,ca-refugee-private-sponsor-side,Privately sponsored refugee: sponsor processing,EE,Estonia,Not enough data,,,insufficient_data,2026-09-22,2026-09-25T00:45:26.696Z,https://www.canada.ca/content/dam/ircc/documents/json/data-ptime-en.json,official,active,,,2026-09-25T01:18:44.823Z
ca-refugee-private-sponsor-side--eg,ircc-ptime,CA,refugee,backward,ca-refugee-private-sponsor-side,Privately sponsored refugee: sponsor processing,EG,Egypt,27 months,821.88,months,ok,2026-09-22,2026-09-25T00:45:26.696Z,https://www.canada.ca/content/dam/ircc/documents/json/data-ptime-en.json,official,active,,,2026-09-25T01:18:44.823Z
ca-refugee-private-sponsor-side--er,ircc-ptime,CA,refugee,backward,ca-refugee-private-sponsor-side,Privately sponsored refugee: sponsor processing,ER,Eritrea,Not enough data,,,insufficient_data,2026-09-22,2026-09-25T00:45:26.696Z,https://www.canada.ca/content/dam/ircc/documents/json/data-ptime-en.json,official,active,,,2026-09-25T01:18:44.823Z
ca-refugee-private-sponsor-side--es,ircc-ptime,CA,refugee,backward,ca-refugee-private-sponsor-side,Privately sponsored refugee: sponsor processing,ES,Spain,Not enough data,,,insufficient_data,2026-09-22,2026-09-25T00:45:26.696Z,https://www.canada.ca/content/dam/ircc/documents/json/data-ptime-en.json,official,active,,,2026-09-25T01:18:44.823Z
ca-refugee-private-sponsor-side--et,ircc-ptime,CA,refugee,backward,ca-refugee-private-sponsor-side,Privately sponsored refugee: sponsor processing,ET,Ethiopia,27 months,821.88,months,ok,2026-09-22,2026-09-25T00:45:26.696Z,https://www.canada.ca/content/dam/ircc/documents/json/data-ptime-en.json,official,active,,,2026-09-25T01:18:44.823Z
ca-refugee-private-sponsor-side--fi,ircc-ptime,CA,refugee,backward,ca-refugee-private-sponsor-side,Privately sponsored refugee: sponsor processing,FI,Finland,Not enough data,,,insufficient_data,2026-09-22,2026-09-25T00:45:26.696Z,https://www.canada.ca/content/dam/ircc/documents/json/data-ptime-en.json,official,active,,,2026-09-25T01:18:44.823Z
ca-refugee-private-sponsor-side--fj,ircc-ptime,CA,refugee,backward,ca-refugee-private-sponsor-side,Privately sponsored refugee: sponsor processing,FJ,Fiji,Not enough data,,,insufficient_data,2026-09-22,2026-09-25T00:45:26.696Z,https://www.canada.ca/content/dam/ircc/documents/json/data-ptime-en.json,official,active,,,2026-09-25T01:18:44.823Z
ca-refugee-private-sponsor-side--fm,ircc-ptime,CA,refugee,backward,ca-refugee-private-sponsor-side,Privately sponsored refugee: sponsor processing,FM,Micronesia,Not enough data,,,insufficient_data,2026-09-22,2026-09-25T00:45:26.696Z,https://www.canada.ca/content/dam/ircc/documents/json/data-ptime-en.json,official,active,,,2026-09-25T01:18:44.823Z
ca-refugee-private-sponsor-side--fr,ircc-ptime,CA,refugee,backward,ca-refugee-private-sponsor-side,Privately sponsored refugee: sponsor processing,FR,France,Not enough data,,,insufficient_data,2026-09-22,2026-09-25T00:45:26.696Z,https://www.canada.ca/content/dam/ircc/documents/json/data-ptime-en.json,official,active,,,2026-09-25T01:18:44.823Z
ca-refugee-private-sponsor-side--ga,ircc-ptime,CA,refugee,backward,ca-refugee-private-sponsor-side,Privately sponsored refugee: sponsor processing,GA,Gabon,Not enough data,,,insufficient_data,2026-09-22,2026-09-25T00:45:26.696Z,https://www.canada.ca/content/dam/ircc/documents/json/data-ptime-en.json,official,active,,,2026-09-25T01:18:44.823Z
ca-refugee-private-sponsor-side--gb,ircc-ptime,CA,refugee,backward,ca-refugee-private-sponsor-side,Privately sponsored refugee: sponsor processing,GB,United Kingdom,Not enough data,,,insufficient_data,2026-09-22,2026-09-25T00:45:26.696Z,https://www.canada.ca/content/dam/ircc/documents/json/data-ptime-en.json,official,active,,,2026-09-25T01:18:44.823Z
ca-refugee-private-sponsor-side--gd,ircc-ptime,CA,refugee,backward,ca-refugee-private-sponsor-side,Privately sponsored refugee: sponsor processing,GD,Grenada,Not enough data,,,insufficient_data,2026-09-22,2026-09-25T00:45:26.696Z,https://www.canada.ca/content/dam/ircc/documents/json/data-ptime-en.json,official,active,,,2026-09-25T01:18:44.823Z
ca-refugee-private-sponsor-side--ge,ircc-ptime,CA,refugee,backward,ca-refugee-private-sponsor-side,Privately sponsored refugee: sponsor processing,GE,Georgia,Not enough data,,,insufficient_data,2026-09-22,2026-09-25T00:45:26.696Z,https://www.canada.ca/content/dam/ircc/documents/json/data-ptime-en.json,official,active,,,2026-09-25T01:18:44.823Z
ca-refugee-private-sponsor-side--gh,ircc-ptime,CA,refugee,backward,ca-refugee-private-sponsor-side,Privately sponsored refugee: sponsor processing,GH,Ghana,Not enough data,,,insufficient_data,2026-09-22,2026-09-25T00:45:26.696Z,https://www.canada.ca/content/dam/ircc/documents/json/data-ptime-en.json,official,active,,,2026-09-25T01:18:44.823Z
ca-refugee-private-sponsor-side--gl,ircc-ptime,CA,refugee,backward,ca-refugee-private-sponsor-side,Privately sponsored refugee: sponsor processing,GL,Greenland,Not enough data,,,insufficient_data,2026-09-22,2026-09-25T00:45:26.696Z,https://www.canada.ca/content/dam/ircc/documents/json/data-ptime-en.json,official,active,,,2026-09-25T01:18:44.823Z
ca-refugee-private-sponsor-side--gm,ircc-ptime,CA,refugee,backward,ca-refugee-private-sponsor-side,Privately sponsored refugee: sponsor processing,GM,Gambia,Not enough data,,,insufficient_data,2026-09-22,2026-09-25T00:45:26.696Z,https://www.canada.ca/content/dam/ircc/documents/json/data-ptime-en.json,official,active,,,2026-09-25T01:18:44.823Z
ca-refugee-private-sponsor-side--gn,ircc-ptime,CA,refugee,backward,ca-refugee-private-sponsor-side,Privately sponsored refugee: sponsor processing,GN,Guinea,Not enough data,,,insufficient_data,2026-09-22,2026-09-25T00:45:26.696Z,https://www.canada.ca/content/dam/ircc/documents/json/data-ptime-en.json,official,active,,,2026-09-25T01:18:44.823Z
ca-refugee-private-sponsor-side--gq,ircc-ptime,CA,refugee,backward,ca-refugee-private-sponsor-side,Privately sponsored refugee: sponsor processing,GQ,Equatorial Guinea,Not enough data,,,insufficient_data,2026-09-22,2026-09-25T00:45:26.696Z,https://www.canada.ca/content/dam/ircc/documents/json/data-ptime-en.json,official,active,,,2026-09-25T01:18:44.823Z
ca-refugee-private-sponsor-side--gr,ircc-ptime,CA,refugee,backward,ca-refugee-private-sponsor-side,Privately sponsored refugee: sponsor processing,GR,Greece,Not enough data,,,insufficient_data,2026-09-22,2026-09-25T00:45:26.696Z,https://www.canada.ca/content/dam/ircc/documents/json/data-ptime-en.json,official,active,,,2026-09-25T01:18:44.823Z
ca-refugee-private-sponsor-side--gt,ircc-ptime,CA,refugee,backward,ca-refugee-private-sponsor-side,Privately sponsored refugee: sponsor processing,GT,Guatemala,Not enough data,,,insufficient_data,2026-09-22,2026-09-25T00:45:26.696Z,https://www.canada.ca/content/dam/ircc/documents/json/data-ptime-en.json,official,active,,,2026-09-25T01:18:44.823Z
ca-refugee-private-sponsor-side--gw,ircc-ptime,CA,refugee,backward,ca-refugee-private-sponsor-side,Privately sponsored refugee: sponsor processing,GW,Guinea-Bissau,Not enough data,,,insufficient_data,2026-09-22,2026-09-25T00:45:26.696Z,https://www.canada.ca/content/dam/ircc/documents/json/data-ptime-en.json,official,active,,,2026-09-25T01:18:44.823Z
ca-refugee-private-sponsor-side--gy,ircc-ptime,CA,refugee,backward,ca-refugee-private-sponsor-side,Privately sponsored refugee: sponsor processing,GY,Guyana,Not enough data,,,insufficient_data,2026-09-22,2026-09-25T00:45:26.696Z,https://www.canada.ca/content/dam/ircc/documents/json/data-ptime-en.json,official,active,,,2026-09-25T01:18:44.823Z
ca-refugee-private-sponsor-side--hk,ircc-ptime,CA,refugee,backward,ca-refugee-private-sponsor-side,Privately sponsored refugee: sponsor processing,HK,Hong Kong SAR China,Not enough data,,,insufficient_data,2026-09-22,2026-09-25T00:45:26.696Z,https://www.canada.ca/content/dam/ircc/documents/json/data-ptime-en.json,official,active,,,2026-09-25T01:18:44.823Z
ca-refugee-private-sponsor-side--hn,ircc-ptime,CA,refugee,backward,ca-refugee-private-sponsor-side,Privately sponsored refugee: sponsor processing,HN,Honduras,Not enough data,,,insufficient_data,2026-09-22,2026-09-25T00:45:26.696Z,https://www.canada.ca/content/dam/ircc/documents/json/data-ptime-en.json,official,active,,,2026-09-25T01:18:44.823Z
ca-refugee-private-sponsor-side--hr,ircc-ptime,CA,refugee,backward,ca-refugee-private-sponsor-side,Privately sponsored refugee: sponsor processing,HR,Croatia,Not enough data,,,insufficient_data,2026-09-22,2026-09-25T00:45:26.696Z,https://www.canada.ca/content/dam/ircc/documents/json/data-ptime-en.json,official,active,,,2026-09-25T01:18:44.823Z
ca-refugee-private-sponsor-side--ht,ircc-ptime,CA,refugee,backward,ca-refugee-private-sponsor-side,Privately sponsored refugee: sponsor processing,HT,Haiti,Not enough data,,,insufficient_data,2026-09-22,2026-09-25T00:45:26.696Z,https://www.canada.ca/content/dam/ircc/documents/json/data-ptime-en.json,official,active,,,2026-09-25T01:18:44.823Z
ca-refugee-private-sponsor-side--hu,ircc-ptime,CA,refugee,backward,ca-refugee-private-sponsor-side,Privately sponsored refugee: sponsor processing,HU,Hungary,Not enough data,,,insufficient_data,2026-09-22,2026-09-25T00:45:26.696Z,https://www.canada.ca/content/dam/ircc/documents/json/data-ptime-en.json,official,active,,,2026-09-25T01:18:44.823Z
ca-refugee-private-sponsor-side--id,ircc-ptime,CA,refugee,backward,ca-refugee-private-sponsor-side,Privately sponsored refugee: sponsor processing,ID,Indonesia,27 months,821.88,months,ok,2026-09-22,2026-09-25T00:45:26.696Z,https://www.canada.ca/content/dam/ircc/documents/json/data-ptime-en.json,official,active,,,2026-09-25T01:18:44.823Z
ca-refugee-private-sponsor-side--ie,ircc-ptime,CA,refugee,backward,ca-refugee-private-sponsor-side,Privately sponsored refugee: sponsor processing,IE,Ireland,Not enough data,,,insufficient_data,2026-09-22,2026-09-25T00:45:26.696Z,https://www.canada.ca/content/dam/ircc/documents/json/data-ptime-en.json,official,active,,,2026-09-25T01:18:44.823Z
ca-refugee-private-sponsor-side--il,ircc-ptime,CA,refugee,backward,ca-refugee-private-sponsor-side,Privately sponsored refugee: sponsor processing,IL,Israel,26 months,791.44,months,ok,2026-09-22,2026-09-25T00:45:26.696Z,https://www.canada.ca/content/dam/ircc/documents/json/data-ptime-en.json,official,active,,,2026-09-25T01:18:44.823Z
ca-refugee-private-sponsor-side--in,ircc-ptime,CA,refugee,backward,ca-refugee-private-sponsor-side,Privately sponsored refugee: sponsor processing,IN,India,27 months,821.88,months,ok,2026-09-22,2026-09-25T00:45:26.696Z,https://www.canada.ca/content/dam/ircc/documents/json/data-ptime-en.json,official,active,,,2026-09-25T01:18:44.823Z
ca-refugee-private-sponsor-side--io,ircc-ptime,CA,refugee,backward,ca-refugee-private-sponsor-side,Privately sponsored refugee: sponsor processing,IO,British Indian Ocean Territory,Not enough data,,,insufficient_data,2026-09-22,2026-09-25T00:45:26.696Z,https://www.canada.ca/content/dam/ircc/documents/json/data-ptime-en.json,official,active,,,2026-09-25T01:18:44.823Z
ca-refugee-private-sponsor-side--iq,ircc-ptime,CA,refugee,backward,ca-refugee-private-sponsor-side,Privately sponsored refugee: sponsor processing,IQ,Iraq,Not enough data,,,insufficient_data,2026-09-22,2026-09-25T00:45:26.696Z,https://www.canada.ca/content/dam/ircc/documents/json/data-ptime-en.json,official,active,,,2026-09-25T01:18:44.823Z
ca-refugee-private-sponsor-side--ir,ircc-ptime,CA,refugee,backward,ca-refugee-private-sponsor-side,Privately sponsored refugee: sponsor processing,IR,Iran,Not enough data,,,insufficient_data,2026-09-22,2026-09-25T00:45:26.696Z,https://www.canada.ca/content/dam/ircc/documents/json/data-ptime-en.json,official,active,,,2026-09-25T01:18:44.823Z
ca-refugee-private-sponsor-side--is,ircc-ptime,CA,refugee,backward,ca-refugee-private-sponsor-side,Privately sponsored refugee: sponsor processing,IS,Iceland,Not enough data,,,insufficient_data,2026-09-22,2026-09-25T00:45:26.696Z,https://www.canada.ca/content/dam/ircc/documents/json/data-ptime-en.json,official,active,,,2026-09-25T01:18:44.823Z
ca-refugee-private-sponsor-side--it,ircc-ptime,CA,refugee,backward,ca-refugee-private-sponsor-side,Privately sponsored refugee: sponsor processing,IT,Italy,Not enough data,,,insufficient_data,2026-09-22,2026-09-25T00:45:26.696Z,https://www.canada.ca/content/dam/ircc/documents/json/data-ptime-en.json,official,active,,,2026-09-25T01:18:44.823Z
ca-refugee-private-sponsor-side--jm,ircc-ptime,CA,refugee,backward,ca-refugee-private-sponsor-side,Privately sponsored refugee: sponsor processing,JM,Jamaica,Not enough data,,,insufficient_data,2026-09-22,2026-09-25T00:45:26.696Z,https://www.canada.ca/content/dam/ircc/documents/json/data-ptime-en.json,official,active,,,2026-09-25T01:18:44.823Z
ca-refugee-private-sponsor-side--jo,ircc-ptime,CA,refugee,backward,ca-refugee-private-sponsor-side,Privately sponsored refugee: sponsor processing,JO,Jordan,26 months,791.44,months,ok,2026-09-22,2026-09-25T00:45:26.696Z,https://www.canada.ca/content/dam/ircc/documents/json/data-ptime-en.json,official,active,,,2026-09-25T01:18:44.823Z
ca-refugee-private-sponsor-side--jp,ircc-ptime,CA,refugee,backward,ca-refugee-private-sponsor-side,Privately sponsored refugee: sponsor processing,JP,Japan,Not enough data,,,insufficient_data,2026-09-22,2026-09-25T00:45:26.696Z,https://www.canada.ca/content/dam/ircc/documents/json/data-ptime-en.json,official,active,,,2026-09-25T01:18:44.823Z
ca-refugee-private-sponsor-side--ke,ircc-ptime,CA,refugee,backward,ca-refugee-private-sponsor-side,Privately sponsored refugee: sponsor processing,KE,Kenya,26 months,791.44,months,ok,2026-09-22,2026-09-25T00:45:26.696Z,https://www.canada.ca/content/dam/ircc/documents/json/data-ptime-en.json,official,active,,,2026-09-25T01:18:44.823Z
ca-refugee-private-sponsor-side--kg,ircc-ptime,CA,refugee,backward,ca-refugee-private-sponsor-side,Privately sponsored refugee: sponsor processing,KG,Kyrgyzstan,Not enough data,,,insufficient_data,2026-09-22,2026-09-25T00:45:26.696Z,https://www.canada.ca/content/dam/ircc/documents/json/data-ptime-en.json,official,active,,,2026-09-25T01:18:44.823Z
ca-refugee-private-sponsor-side--kh,ircc-ptime,CA,refugee,backward,ca-refugee-private-sponsor-side,Privately sponsored refugee: sponsor processing,KH,Cambodia,Not enough data,,,insufficient_data,2026-09-22,2026-09-25T00:45:26.696Z,https://www.canada.ca/content/dam/ircc/documents/json/data-ptime-en.json,official,active,,,2026-09-25T01:18:44.823Z
ca-refugee-private-sponsor-side--ki,ircc-ptime,CA,refugee,backward,ca-refugee-private-sponsor-side,Privately sponsored refugee: sponsor processing,KI,Kiribati,Not enough data,,,insufficient_data,2026-09-22,2026-09-25T00:45:26.696Z,https://www.canada.ca/content/dam/ircc/documents/json/data-ptime-en.json,official,active,,,2026-09-25T01:18:44.823Z
ca-refugee-private-sponsor-side--km,ircc-ptime,CA,refugee,backward,ca-refugee-private-sponsor-side,Privately sponsored refugee: sponsor processing,KM,Comoros,Not enough data,,,insufficient_data,2026-09-22,2026-09-25T00:45:26.696Z,https://www.canada.ca/content/dam/ircc/documents/json/data-ptime-en.json,official,active,,,2026-09-25T01:18:44.823Z
ca-refugee-private-sponsor-side--kn,ircc-ptime,CA,refugee,backward,ca-refugee-private-sponsor-side,Privately sponsored refugee: sponsor processing,KN,St. Kitts & Nevis,Not enough data,,,insufficient_data,2026-09-22,2026-09-25T00:45:26.696Z,https://www.canada.ca/content/dam/ircc/documents/json/data-ptime-en.json,official,active,,,2026-09-25T01:18:44.823Z
ca-refugee-private-sponsor-side--kp,ircc-ptime,CA,refugee,backward,ca-refugee-private-sponsor-side,Privately sponsored refugee: sponsor processing,KP,North Korea,Not enough data,,,insufficient_data,2026-09-22,2026-09-25T00:45:26.696Z,https://www.canada.ca/content/dam/ircc/documents/json/data-ptime-en.json,official,active,,,2026-09-25T01:18:44.823Z
ca-refugee-private-sponsor-side--kr,ircc-ptime,CA,refugee,backward,ca-refugee-private-sponsor-side,Privately sponsored refugee: sponsor processing,KR,South Korea,Not enough data,,,insufficient_data,2026-09-22,2026-09-25T00:45:26.696Z,https://www.canada.ca/content/dam/ircc/documents/json/data-ptime-en.json,official,active,,,2026-09-25T01:18:44.823Z
ca-refugee-private-sponsor-side--kw,ircc-ptime,CA,refugee,backward,ca-refugee-private-sponsor-side,Privately sponsored refugee: sponsor processing,KW,Kuwait,Not enough data,,,insufficient_data,2026-09-22,2026-09-25T00:45:26.696Z,https://www.canada.ca/content/dam/ircc/documents/json/data-ptime-en.json,official,active,,,2026-09-25T01:18:44.823Z
ca-refugee-private-sponsor-side--ky,ircc-ptime,CA,refugee,backward,ca-refugee-private-sponsor-side,Privately sponsored refugee: sponsor processing,KY,Cayman Islands,Not enough data,,,insufficient_data,2026-09-22,2026-09-25T00:45:26.696Z,https://www.canada.ca/content/dam/ircc/documents/json/data-ptime-en.json,official,active,,,2026-09-25T01:18:44.823Z
ca-refugee-private-sponsor-side--kz,ircc-ptime,CA,refugee,backward,ca-refugee-private-sponsor-side,Privately sponsored refugee: sponsor processing,KZ,Kazakhstan,Not enough data,,,insufficient_data,2026-09-22,2026-09-25T00:45:26.696Z,https://www.canada.ca/content/dam/ircc/documents/json/data-ptime-en.json,official,active,,,2026-09-25T01:18:44.823Z
ca-refugee-private-sponsor-side--la,ircc-ptime,CA,refugee,backward,ca-refugee-private-sponsor-side,Privately sponsored refugee: sponsor processing,LA,Laos,Not enough data,,,insufficient_data,2026-09-22,2026-09-25T00:45:26.696Z,https://www.canada.ca/content/dam/ircc/documents/json/data-ptime-en.json,official,active,,,2026-09-25T01:18:44.823Z
ca-refugee-private-sponsor-side--lb,ircc-ptime,CA,refugee,backward,ca-refugee-private-sponsor-side,Privately sponsored refugee: sponsor processing,LB,Lebanon,1 month,30.44,months,ok,2026-09-22,2026-09-25T00:45:26.696Z,https://www.canada.ca/content/dam/ircc/documents/json/data-ptime-en.json,official,active,,,2026-09-25T01:18:44.823Z
ca-refugee-private-sponsor-side--lc,ircc-ptime,CA,refugee,backward,ca-refugee-private-sponsor-side,Privately sponsored refugee: sponsor processing,LC,St. Lucia,Not enough data,,,insufficient_data,2026-09-22,2026-09-25T00:45:26.696Z,https://www.canada.ca/content/dam/ircc/documents/json/data-ptime-en.json,official,active,,,2026-09-25T01:18:44.823Z
ca-refugee-private-sponsor-side--li,ircc-ptime,CA,refugee,backward,ca-refugee-private-sponsor-side,Privately sponsored refugee: sponsor processing,LI,Liechtenstein,Not enough data,,,insufficient_data,2026-09-22,2026-09-25T00:45:26.696Z,https://www.canada.ca/content/dam/ircc/documents/json/data-ptime-en.json,official,active,,,2026-09-25T01:18:44.823Z
ca-refugee-private-sponsor-side--lk,ircc-ptime,CA,refugee,backward,ca-refugee-private-sponsor-side,Privately sponsored refugee: sponsor processing,LK,Sri Lanka,Not enough data,,,insufficient_data,2026-09-22,2026-09-25T00:45:26.696Z,https://www.canada.ca/content/dam/ircc/documents/json/data-ptime-en.json,official,active,,,2026-09-25T01:18:44.823Z
ca-refugee-private-sponsor-side--lr,ircc-ptime,CA,refugee,backward,ca-refugee-private-sponsor-side,Privately sponsored refugee: sponsor processing,LR,Liberia,Not enough data,,,insufficient_data,2026-09-22,2026-09-25T00:45:26.696Z,https://www.canada.ca/content/dam/ircc/documents/json/data-ptime-en.json,official,active,,,2026-09-25T01:18:44.823Z
ca-refugee-private-sponsor-side--ls,ircc-ptime,CA,refugee,backward,ca-refugee-private-sponsor-side,Privately sponsored refugee: sponsor processing,LS,Lesotho,Not enough data,,,insufficient_data,2026-09-22,2026-09-25T00:45:26.696Z,https://www.canada.ca/content/dam/ircc/documents/json/data-ptime-en.json,official,active,,,2026-09-25T01:18:44.823Z
ca-refugee-private-sponsor-side--lt,ircc-ptime,CA,refugee,backward,ca-refugee-private-sponsor-side,Privately sponsored refugee: sponsor processing,LT,Lithuania,Not enough data,,,insufficient_data,2026-09-22,2026-09-25T00:45:26.696Z,https://www.canada.ca/content/dam/ircc/documents/json/data-ptime-en.json,official,active,,,2026-09-25T01:18:44.823Z
ca-refugee-private-sponsor-side--lu,ircc-ptime,CA,refugee,backward,ca-refugee-private-sponsor-side,Privately sponsored refugee: sponsor processing,LU,Luxembourg,Not enough data,,,insufficient_data,2026-09-22,2026-09-25T00:45:26.696Z,https://www.canada.ca/content/dam/ircc/documents/json/data-ptime-en.json,official,active,,,2026-09-25T01:18:44.823Z
ca-refugee-private-sponsor-side--lv,ircc-ptime,CA,refugee,backward,ca-refugee-private-sponsor-side,Privately sponsored refugee: sponsor processing,LV,Latvia,Not enough data,,,insufficient_data,2026-09-22,2026-09-25T00:45:26.696Z,https://www.canada.ca/content/dam/ircc/documents/json/data-ptime-en.json,official,active,,,2026-09-25T01:18:44.823Z
ca-refugee-private-sponsor-side--ly,ircc-ptime,CA,refugee,backward,ca-refugee-private-sponsor-side,Privately sponsored refugee: sponsor processing,LY,Libya,Not enough data,,,insufficient_data,2026-09-22,2026-09-25T00:45:26.696Z,https://www.canada.ca/content/dam/ircc/documents/json/data-ptime-en.json,official,active,,,2026-09-25T01:18:44.823Z
ca-refugee-private-sponsor-side--ma,ircc-ptime,CA,refugee,backward,ca-refugee-private-sponsor-side,Privately sponsored refugee: sponsor processing,MA,Morocco,Not enough data,,,insufficient_data,2026-09-22,2026-09-25T00:45:26.696Z,https://www.canada.ca/content/dam/ircc/documents/json/data-ptime-en.json,official,active,,,2026-09-25T01:18:44.823Z
ca-refugee-private-sponsor-side--mc,ircc-ptime,CA,refugee,backward,ca-refugee-private-sponsor-side,Privately sponsored refugee: sponsor processing,MC,Monaco,Not enough data,,,insufficient_data,2026-09-22,2026-09-25T00:45:26.696Z,https://www.canada.ca/content/dam/ircc/documents/json/data-ptime-en.json,official,active,,,2026-09-25T01:18:44.823Z
ca-refugee-private-sponsor-side--md,ircc-ptime,CA,refugee,backward,ca-refugee-private-sponsor-side,Privately sponsored refugee: sponsor processing,MD,Moldova,Not enough data,,,insufficient_data,2026-09-22,2026-09-25T00:45:26.696Z,https://www.canada.ca/content/dam/ircc/documents/json/data-ptime-en.json,official,active,,,2026-09-25T01:18:44.823Z
ca-refugee-private-sponsor-side--me,ircc-ptime,CA,refugee,backward,ca-refugee-private-sponsor-side,Privately sponsored refugee: sponsor processing,ME,Montenegro,Not enough data,,,insufficient_data,2026-09-22,2026-09-25T00:45:26.696Z,https://www.canada.ca/content/dam/ircc/documents/json/data-ptime-en.json,official,active,,,2026-09-25T01:18:44.823Z
ca-refugee-private-sponsor-side--mg,ircc-ptime,CA,refugee,backward,ca-refugee-private-sponsor-side,Privately sponsored refugee: sponsor processing,MG,Madagascar,Not enough data,,,insufficient_data,2026-09-22,2026-09-25T00:45:26.696Z,https://www.canada.ca/content/dam/ircc/documents/json/data-ptime-en.json,official,active,,,2026-09-25T01:18:44.823Z
ca-refugee-private-sponsor-side--mh,ircc-ptime,CA,refugee,backward,ca-refugee-private-sponsor-side,Privately sponsored refugee: sponsor processing,MH,Marshall Islands,Not enough data,,,insufficient_data,2026-09-22,2026-09-25T00:45:26.696Z,https://www.canada.ca/content/dam/ircc/documents/json/data-ptime-en.json,official,active,,,2026-09-25T01:18:44.823Z
ca-refugee-private-sponsor-side--mk,ircc-ptime,CA,refugee,backward,ca-refugee-private-sponsor-side,Privately sponsored refugee: sponsor processing,MK,North Macedonia,Not enough data,,,insufficient_data,2026-09-22,2026-09-25T00:45:26.696Z,https://www.canada.ca/content/dam/ircc/documents/json/data-ptime-en.json,official,active,,,2026-09-25T01:18:44.823Z
ca-refugee-private-sponsor-side--ml,ircc-ptime,CA,refugee,backward,ca-refugee-private-sponsor-side,Privately sponsored refugee: sponsor processing,ML,Mali,Not enough data,,,insufficient_data,2026-09-22,2026-09-25T00:45:26.696Z,https://www.canada.ca/content/dam/ircc/documents/json/data-ptime-en.json,official,active,,,2026-09-25T01:18:44.823Z
ca-refugee-private-sponsor-side--mm,ircc-ptime,CA,refugee,backward,ca-refugee-private-sponsor-side,Privately sponsored refugee: sponsor processing,MM,Myanmar (Burma),Not enough data,,,insufficient_data,2026-09-22,2026-09-25T00:45:26.696Z,https://www.canada.ca/content/dam/ircc/documents/json/data-ptime-en.json,official,active,,,2026-09-25T01:18:44.823Z
ca-refugee-private-sponsor-side--mn,ircc-ptime,CA,refugee,backward,ca-refugee-private-sponsor-side,Privately sponsored refugee: sponsor processing,MN,Mongolia,Not enough data,,,insufficient_data,2026-09-22,2026-09-25T00:45:26.696Z,https://www.canada.ca/content/dam/ircc/documents/json/data-ptime-en.json,official,active,,,2026-09-25T01:18:44.823Z
ca-refugee-private-sponsor-side--mo,ircc-ptime,CA,refugee,backward,ca-refugee-private-sponsor-side,Privately sponsored refugee: sponsor processing,MO,Macao SAR China,Not enough data,,,insufficient_data,2026-09-22,2026-09-25T00:45:26.696Z,https://www.canada.ca/content/dam/ircc/documents/json/data-ptime-en.json,official,active,,,2026-09-25T01:18:44.823Z
ca-refugee-private-sponsor-side--mq,ircc-ptime,CA,refugee,backward,ca-refugee-private-sponsor-side,Privately sponsored refugee: sponsor processing,MQ,Martinique,Not enough data,,,insufficient_data,2026-09-22,2026-09-25T00:45:26.696Z,https://www.canada.ca/content/dam/ircc/documents/json/data-ptime-en.json,official,active,,,2026-09-25T01:18:44.823Z
ca-refugee-private-sponsor-side--mr,ircc-ptime,CA,refugee,backward,ca-refugee-private-sponsor-side,Privately sponsored refugee: sponsor processing,MR,Mauritania,Not enough data,,,insufficient_data,2026-09-22,2026-09-25T00:45:26.696Z,https://www.canada.ca/content/dam/ircc/documents/json/data-ptime-en.json,official,active,,,2026-09-25T01:18:44.823Z
ca-refugee-private-sponsor-side--mt,ircc-ptime,CA,refugee,backward,ca-refugee-private-sponsor-side,Privately sponsored refugee: sponsor processing,MT,Malta,Not enough data,,,insufficient_data,2026-09-22,2026-09-25T00:45:26.696Z,https://www.canada.ca/content/dam/ircc/documents/json/data-ptime-en.json,official,active,,,2026-09-25T01:18:44.823Z
ca-refugee-private-sponsor-side--mu,ircc-ptime,CA,refugee,backward,ca-refugee-private-sponsor-side,Privately sponsored refugee: sponsor processing,MU,Mauritius,Not enough data,,,insufficient_data,2026-09-22,2026-09-25T00:45:26.696Z,https://www.canada.ca/content/dam/ircc/documents/json/data-ptime-en.json,official,active,,,2026-09-25T01:18:44.823Z
ca-refugee-private-sponsor-side--mv,ircc-ptime,CA,refugee,backward,ca-refugee-private-sponsor-side,Privately sponsored refugee: sponsor processing,MV,Maldives,Not enough data,,,insufficient_data,2026-09-22,2026-09-25T00:45:26.696Z,https://www.canada.ca/content/dam/ircc/documents/json/data-ptime-en.json,official,active,,,2026-09-25T01:18:44.823Z
ca-refugee-private-sponsor-side--mw,ircc-ptime,CA,refugee,backward,ca-refugee-private-sponsor-side,Privately sponsored refugee: sponsor processing,MW,Malawi,Not enough data,,,insufficient_data,2026-09-22,2026-09-25T00:45:26.696Z,https://www.canada.ca/content/dam/ircc/documents/json/data-ptime-en.json,official,active,,,2026-09-25T01:18:44.823Z
ca-refugee-private-sponsor-side--mx,ircc-ptime,CA,refugee,backward,ca-refugee-private-sponsor-side,Privately sponsored refugee: sponsor processing,MX,Mexico,Not enough data,,,insufficient_data,2026-09-22,2026-09-25T00:45:26.696Z,https://www.canada.ca/content/dam/ircc/documents/json/data-ptime-en.json,official,active,,,2026-09-25T01:18:44.823Z
ca-refugee-private-sponsor-side--my,ircc-ptime,CA,refugee,backward,ca-refugee-private-sponsor-side,Privately sponsored refugee: sponsor processing,MY,Malaysia,28 months,852.32,months,ok,2026-09-22,2026-09-25T00:45:26.696Z,https://www.canada.ca/content/dam/ircc/documents/json/data-ptime-en.json,official,active,,,2026-09-25T01:18:44.823Z
ca-refugee-private-sponsor-side--mz,ircc-ptime,CA,refugee,backward,ca-refugee-private-sponsor-side,Privately sponsored refugee: sponsor processing,MZ,Mozambique,Not enough data,,,insufficient_data,2026-09-22,2026-09-25T00:45:26.696Z,https://www.canada.ca/content/dam/ircc/documents/json/data-ptime-en.json,official,active,,,2026-09-25T01:18:44.823Z
ca-refugee-private-sponsor-side--na,ircc-ptime,CA,refugee,backward,ca-refugee-private-sponsor-side,Privately sponsored refugee: sponsor processing,NA,Namibia,Not enough data,,,insufficient_data,2026-09-22,2026-09-25T00:45:26.696Z,https://www.canada.ca/content/dam/ircc/documents/json/data-ptime-en.json,official,active,,,2026-09-25T01:18:44.823Z
ca-refugee-private-sponsor-side--nc,ircc-ptime,CA,refugee,backward,ca-refugee-private-sponsor-side,Privately sponsored refugee: sponsor processing,NC,New Caledonia,Not enough data,,,insufficient_data,2026-09-22,2026-09-25T00:45:26.696Z,https://www.canada.ca/content/dam/ircc/documents/json/data-ptime-en.json,official,active,,,2026-09-25T01:18:44.823Z
ca-refugee-private-sponsor-side--ne,ircc-ptime,CA,refugee,backward,ca-refugee-private-sponsor-side,Privately sponsored refugee: sponsor processing,NE,Niger,Not enough data,,,insufficient_data,2026-09-22,2026-09-25T00:45:26.696Z,https://www.canada.ca/content/dam/ircc/documents/json/data-ptime-en.json,official,active,,,2026-09-25T01:18:44.823Z
ca-refugee-private-sponsor-side--ng,ircc-ptime,CA,refugee,backward,ca-refugee-private-sponsor-side,Privately sponsored refugee: sponsor processing,NG,Nigeria,Not enough data,,,insufficient_data,2026-09-22,2026-09-25T00:45:26.696Z,https://www.canada.ca/content/dam/ircc/documents/json/data-ptime-en.json,official,active,,,2026-09-25T01:18:44.823Z
ca-refugee-private-sponsor-side--ni,ircc-ptime,CA,refugee,backward,ca-refugee-private-sponsor-side,Privately sponsored refugee: sponsor processing,NI,Nicaragua,Not enough data,,,insufficient_data,2026-09-22,2026-09-25T00:45:26.696Z,https://www.canada.ca/content/dam/ircc/documents/json/data-ptime-en.json,official,active,,,2026-09-25T01:18:44.823Z
ca-refugee-private-sponsor-side--nl,ircc-ptime,CA,refugee,backward,ca-refugee-private-sponsor-side,Privately sponsored refugee: sponsor processing,NL,Netherlands,Not enough data,,,insufficient_data,2026-09-22,2026-09-25T00:45:26.696Z,https://www.canada.ca/content/dam/ircc/documents/json/data-ptime-en.json,official,active,,,2026-09-25T01:18:44.823Z
ca-refugee-private-sponsor-side--no,ircc-ptime,CA,refugee,backward,ca-refugee-private-sponsor-side,Privately sponsored refugee: sponsor processing,NO,Norway,Not enough data,,,insufficient_data,2026-09-22,2026-09-25T00:45:26.696Z,https://www.canada.ca/content/dam/ircc/documents/json/data-ptime-en.json,official,active,,,2026-09-25T01:18:44.823Z
ca-refugee-private-sponsor-side--np,ircc-ptime,CA,refugee,backward,ca-refugee-private-sponsor-side,Privately sponsored refugee: sponsor processing,NP,Nepal,Not enough data,,,insufficient_data,2026-09-22,2026-09-25T00:45:26.696Z,https://www.canada.ca/content/dam/ircc/documents/json/data-ptime-en.json,official,active,,,2026-09-25T01:18:44.823Z
ca-refugee-private-sponsor-side--nr,ircc-ptime,CA,refugee,backward,ca-refugee-private-sponsor-side,Privately sponsored refugee: sponsor processing,NR,Nauru,Not enough data,,,insufficient_data,2026-09-22,2026-09-25T00:45:26.696Z,https://www.canada.ca/content/dam/ircc/documents/json/data-ptime-en.json,official,active,,,2026-09-25T01:18:44.823Z
ca-refugee-private-sponsor-side--nz,ircc-ptime,CA,refugee,backward,ca-refugee-private-sponsor-side,Privately sponsored refugee: sponsor processing,NZ,New Zealand,Not enough data,,,insufficient_data,2026-09-22,2026-09-25T00:45:26.696Z,https://www.canada.ca/content/dam/ircc/documents/json/data-ptime-en.json,official,active,,,2026-09-25T01:18:44.823Z
ca-refugee-private-sponsor-side--om,ircc-ptime,CA,refugee,backward,ca-refugee-private-sponsor-side,Privately sponsored refugee: sponsor processing,OM,Oman,Not enough data,,,insufficient_data,2026-09-22,2026-09-25T00:45:26.696Z,https://www.canada.ca/content/dam/ircc/documents/json/data-ptime-en.json,official,active,,,2026-09-25T01:18:44.823Z
ca-refugee-private-sponsor-side--pa,ircc-ptime,CA,refugee,backward,ca-refugee-private-sponsor-side,Privately sponsored refugee: sponsor processing,PA,Panama,Not enough data,,,insufficient_data,2026-09-22,2026-09-25T00:45:26.696Z,https://www.canada.ca/content/dam/ircc/documents/json/data-ptime-en.json,official,active,,,2026-09-25T01:18:44.823Z
ca-refugee-private-sponsor-side--pe,ircc-ptime,CA,refugee,backward,ca-refugee-private-sponsor-side,Privately sponsored refugee: sponsor processing,PE,Peru,Not enough data,,,insufficient_data,2026-09-22,2026-09-25T00:45:26.696Z,https://www.canada.ca/content/dam/ircc/documents/json/data-ptime-en.json,official,active,,,2026-09-25T01:18:44.823Z
ca-refugee-private-sponsor-side--pf,ircc-ptime,CA,refugee,backward,ca-refugee-private-sponsor-side,Privately sponsored refugee: sponsor processing,PF,French Polynesia,Not enough data,,,insufficient_data,2026-09-22,2026-09-25T00:45:26.696Z,https://www.canada.ca/content/dam/ircc/documents/json/data-ptime-en.json,official,active,,,2026-09-25T01:18:44.823Z
ca-refugee-private-sponsor-side--pg,ircc-ptime,CA,refugee,backward,ca-refugee-private-sponsor-side,Privately sponsored refugee: sponsor processing,PG,Papua New Guinea,Not enough data,,,insufficient_data,2026-09-22,2026-09-25T00:45:26.696Z,https://www.canada.ca/content/dam/ircc/documents/json/data-ptime-en.json,official,active,,,2026-09-25T01:18:44.823Z
ca-refugee-private-sponsor-side--ph,ircc-ptime,CA,refugee,backward,ca-refugee-private-sponsor-side,Privately sponsored refugee: sponsor processing,PH,Philippines,Not enough data,,,insufficient_data,2026-09-22,2026-09-25T00:45:26.696Z,https://www.canada.ca/content/dam/ircc/documents/json/data-ptime-en.json,official,active,,,2026-09-25T01:18:44.823Z
ca-refugee-private-sponsor-side--pk,ircc-ptime,CA,refugee,backward,ca-refugee-private-sponsor-side,Privately sponsored refugee: sponsor processing,PK,Pakistan,1 month,30.44,months,ok,2026-09-22,2026-09-25T00:45:26.696Z,https://www.canada.ca/content/dam/ircc/documents/json/data-ptime-en.json,official,active,,,2026-09-25T01:18:44.823Z
ca-refugee-private-sponsor-side--pl,ircc-ptime,CA,refugee,backward,ca-refugee-private-sponsor-side,Privately sponsored refugee: sponsor processing,PL,Poland,Not enough data,,,insufficient_data,2026-09-22,2026-09-25T00:45:26.696Z,https://www.canada.ca/content/dam/ircc/documents/json/data-ptime-en.json,official,active,,,2026-09-25T01:18:44.823Z
ca-refugee-private-sponsor-side--pr,ircc-ptime,CA,refugee,backward,ca-refugee-private-sponsor-side,Privately sponsored refugee: sponsor processing,PR,Puerto Rico,Not enough data,,,insufficient_data,2026-09-22,2026-09-25T00:45:26.696Z,https://www.canada.ca/content/dam/ircc/documents/json/data-ptime-en.json,official,active,,,2026-09-25T01:18:44.823Z
ca-refugee-private-sponsor-side--ps,ircc-ptime,CA,refugee,backward,ca-refugee-private-sponsor-side,Privately sponsored refugee: sponsor processing,PS,Palestinian Territories,Not enough data,,,insufficient_data,2026-09-22,2026-09-25T00:45:26.696Z,https://www.canada.ca/content/dam/ircc/documents/json/data-ptime-en.json,official,active,,,2026-09-25T01:18:44.823Z
ca-refugee-private-sponsor-side--pt,ircc-ptime,CA,refugee,backward,ca-refugee-private-sponsor-side,Privately sponsored refugee: sponsor processing,PT,Portugal,Not enough data,,,insufficient_data,2026-09-22,2026-09-25T00:45:26.696Z,https://www.canada.ca/content/dam/ircc/documents/json/data-ptime-en.json,official,active,,,2026-09-25T01:18:44.823Z
ca-refugee-private-sponsor-side--py,ircc-ptime,CA,refugee,backward,ca-refugee-private-sponsor-side,Privately sponsored refugee: sponsor processing,PY,Paraguay,Not enough data,,,insufficient_data,2026-09-22,2026-09-25T00:45:26.696Z,https://www.canada.ca/content/dam/ircc/documents/json/data-ptime-en.json,official,active,,,2026-09-25T01:18:44.823Z
ca-refugee-private-sponsor-side--qa,ircc-ptime,CA,refugee,backward,ca-refugee-private-sponsor-side,Privately sponsored refugee: sponsor processing,QA,Qatar,Not enough data,,,insufficient_data,2026-09-22,2026-09-25T00:45:26.696Z,https://www.canada.ca/content/dam/ircc/documents/json/data-ptime-en.json,official,active,,,2026-09-25T01:18:44.823Z
ca-refugee-private-sponsor-side--ro,ircc-ptime,CA,refugee,backward,ca-refugee-private-sponsor-side,Privately sponsored refugee: sponsor processing,RO,Romania,Not enough data,,,insufficient_data,2026-09-22,2026-09-25T00:45:26.696Z,https://www.canada.ca/content/dam/ircc/documents/json/data-ptime-en.json,official,active,,,2026-09-25T01:18:44.823Z
ca-refugee-private-sponsor-side--rs,ircc-ptime,CA,refugee,backward,ca-refugee-private-sponsor-side,Privately sponsored refugee: sponsor processing,RS,Serbia,Not enough data,,,insufficient_data,2026-09-22,2026-09-25T00:45:26.696Z,https://www.canada.ca/content/dam/ircc/documents/json/data-ptime-en.json,official,active,,,2026-09-25T01:18:44.823Z
ca-refugee-private-sponsor-side--ru,ircc-ptime,CA,refugee,backward,ca-refugee-private-sponsor-side,Privately sponsored refugee: sponsor processing,RU,Russia,Not enough data,,,insufficient_data,2026-09-22,2026-09-25T00:45:26.696Z,https://www.canada.ca/content/dam/ircc/documents/json/data-ptime-en.json,official,active,,,2026-09-25T01:18:44.823Z
ca-refugee-private-sponsor-side--rw,ircc-ptime,CA,refugee,backward,ca-refugee-private-sponsor-side,Privately sponsored refugee: sponsor processing,RW,Rwanda,Not enough data,,,insufficient_data,2026-09-22,2026-09-25T00:45:26.696Z,https://www.canada.ca/content/dam/ircc/documents/json/data-ptime-en.json,official,active,,,2026-09-25T01:18:44.823Z
ca-refugee-private-sponsor-side--sa,ircc-ptime,CA,refugee,backward,ca-refugee-private-sponsor-side,Privately sponsored refugee: sponsor processing,SA,Saudi Arabia,Not enough data,,,insufficient_data,2026-09-22,2026-09-25T00:45:26.696Z,https://www.canada.ca/content/dam/ircc/documents/json/data-ptime-en.json,official,active,,,2026-09-25T01:18:44.823Z
ca-refugee-private-sponsor-side--sb,ircc-ptime,CA,refugee,backward,ca-refugee-private-sponsor-side,Privately sponsored refugee: sponsor processing,SB,Solomon Islands,Not enough data,,,insufficient_data,2026-09-22,2026-09-25T00:45:26.696Z,https://www.canada.ca/content/dam/ircc/documents/json/data-ptime-en.json,official,active,,,2026-09-25T01:18:44.823Z
ca-refugee-private-sponsor-side--sc,ircc-ptime,CA,refugee,backward,ca-refugee-private-sponsor-side,Privately sponsored refugee: sponsor processing,SC,Seychelles,Not enough data,,,insufficient_data,2026-09-22,2026-09-25T00:45:26.696Z,https://www.canada.ca/content/dam/ircc/documents/json/data-ptime-en.json,official,active,,,2026-09-25T01:18:44.823Z
ca-refugee-private-sponsor-side--sd,ircc-ptime,CA,refugee,backward,ca-refugee-private-sponsor-side,Privately sponsored refugee: sponsor processing,SD,Sudan,Not enough data,,,insufficient_data,2026-09-22,2026-09-25T00:45:26.696Z,https://www.canada.ca/content/dam/ircc/documents/json/data-ptime-en.json,official,active,,,2026-09-25T01:18:44.823Z
ca-refugee-private-sponsor-side--se,ircc-ptime,CA,refugee,backward,ca-refugee-private-sponsor-side,Privately sponsored refugee: sponsor processing,SE,Sweden,Not enough data,,,insufficient_data,2026-09-22,2026-09-25T00:45:26.696Z,https://www.canada.ca/content/dam/ircc/documents/json/data-ptime-en.json,official,active,,,2026-09-25T01:18:44.823Z
ca-refugee-private-sponsor-side--sg,ircc-ptime,CA,refugee,backward,ca-refugee-private-sponsor-side,Privately sponsored refugee: sponsor processing,SG,Singapore,Not enough data,,,insufficient_data,2026-09-22,2026-09-25T00:45:26.696Z,https://www.canada.ca/content/dam/ircc/documents/json/data-ptime-en.json,official,active,,,2026-09-25T01:18:44.823Z
ca-refugee-private-sponsor-side--si,ircc-ptime,CA,refugee,backward,ca-refugee-private-sponsor-side,Privately sponsored refugee: sponsor processing,SI,Slovenia,Not enough data,,,insufficient_data,2026-09-22,2026-09-25T00:45:26.696Z,https://www.canada.ca/content/dam/ircc/documents/json/data-ptime-en.json,official,active,,,2026-09-25T01:18:44.823Z
ca-refugee-private-sponsor-side--sk,ircc-ptime,CA,refugee,backward,ca-refugee-private-sponsor-side,Privately sponsored refugee: sponsor processing,SK,Slovakia,Not enough data,,,insufficient_data,2026-09-22,2026-09-25T00:45:26.696Z,https://www.canada.ca/content/dam/ircc/documents/json/data-ptime-en.json,official,active,,,2026-09-25T01:18:44.823Z
ca-refugee-private-sponsor-side--sl,ircc-ptime,CA,refugee,backward,ca-refugee-private-sponsor-side,Privately sponsored refugee: sponsor processing,SL,Sierra Leone,Not enough data,,,insufficient_data,2026-09-22,2026-09-25T00:45:26.696Z,https://www.canada.ca/content/dam/ircc/documents/json/data-ptime-en.json,official,active,,,2026-09-25T01:18:44.823Z
ca-refugee-private-sponsor-side--sm,ircc-ptime,CA,refugee,backward,ca-refugee-private-sponsor-side,Privately sponsored refugee: sponsor processing,SM,San Marino,Not enough data,,,insufficient_data,2026-09-22,2026-09-25T00:45:26.696Z,https://www.canada.ca/content/dam/ircc/documents/json/data-ptime-en.json,official,active,,,2026-09-25T01:18:44.823Z
ca-refugee-private-sponsor-side--sn,ircc-ptime,CA,refugee,backward,ca-refugee-private-sponsor-side,Privately sponsored refugee: sponsor processing,SN,Senegal,Not enough data,,,insufficient_data,2026-09-22,2026-09-25T00:45:26.696Z,https://www.canada.ca/content/dam/ircc/documents/json/data-ptime-en.json,official,active,,,2026-09-25T01:18:44.823Z
ca-refugee-private-sponsor-side--so,ircc-ptime,CA,refugee,backward,ca-refugee-private-sponsor-side,Privately sponsored refugee: sponsor processing,SO,Somalia,Not enough data,,,insufficient_data,2026-09-22,2026-09-25T00:45:26.696Z,https://www.canada.ca/content/dam/ircc/documents/json/data-ptime-en.json,official,active,,,2026-09-25T01:18:44.823Z
ca-refugee-private-sponsor-side--sr,ircc-ptime,CA,refugee,backward,ca-refugee-private-sponsor-side,Privately sponsored refugee: sponsor processing,SR,Suriname,Not enough data,,,insufficient_data,2026-09-22,2026-09-25T00:45:26.696Z,https://www.canada.ca/content/dam/ircc/documents/json/data-ptime-en.json,official,active,,,2026-09-25T01:18:44.823Z
ca-refugee-private-sponsor-side--ss,ircc-ptime,CA,refugee,backward,ca-refugee-private-sponsor-side,Privately sponsored refugee: sponsor processing,SS,South Sudan,Not enough data,,,insufficient_data,2026-09-22,2026-09-25T00:45:26.696Z,https://www.canada.ca/content/dam/ircc/documents/json/data-ptime-en.json,official,active,,,2026-09-25T01:18:44.823Z
ca-refugee-private-sponsor-side--st,ircc-ptime,CA,refugee,backward,ca-refugee-private-sponsor-side,Privately sponsored refugee: sponsor processing,ST,São Tomé & Príncipe,Not enough data,,,insufficient_data,2026-09-22,2026-09-25T00:45:26.696Z,https://www.canada.ca/content/dam/ircc/documents/json/data-ptime-en.json,official,active,,,2026-09-25T01:18:44.823Z
ca-refugee-private-sponsor-side--sv,ircc-ptime,CA,refugee,backward,ca-refugee-private-sponsor-side,Privately sponsored refugee: sponsor processing,SV,El Salvador,Not enough data,,,insufficient_data,2026-09-22,2026-09-25T00:45:26.696Z,https://www.canada.ca/content/dam/ircc/documents/json/data-ptime-en.json,official,active,,,2026-09-25T01:18:44.823Z
ca-refugee-private-sponsor-side--sy,ircc-ptime,CA,refugee,backward,ca-refugee-private-sponsor-side,Privately sponsored refugee: sponsor processing,SY,Syria,Not enough data,,,insufficient_data,2026-09-22,2026-09-25T00:45:26.696Z,https://www.canada.ca/content/dam/ircc/documents/json/data-ptime-en.json,official,active,,,2026-09-25T01:18:44.823Z
ca-refugee-private-sponsor-side--sz,ircc-ptime,CA,refugee,backward,ca-refugee-private-sponsor-side,Privately sponsored refugee: sponsor processing,SZ,Eswatini,Not enough data,,,insufficient_data,2026-09-22,2026-09-25T00:45:26.696Z,https://www.canada.ca/content/dam/ircc/documents/json/data-ptime-en.json,official,active,,,2026-09-25T01:18:44.823Z
ca-refugee-private-sponsor-side--tc,ircc-ptime,CA,refugee,backward,ca-refugee-private-sponsor-side,Privately sponsored refugee: sponsor processing,TC,Turks & Caicos Islands,Not enough data,,,insufficient_data,2026-09-22,2026-09-25T00:45:26.696Z,https://www.canada.ca/content/dam/ircc/documents/json/data-ptime-en.json,official,active,,,2026-09-25T01:18:44.823Z
ca-refugee-private-sponsor-side--td,ircc-ptime,CA,refugee,backward,ca-refugee-private-sponsor-side,Privately sponsored refugee: sponsor processing,TD,Chad,Not enough data,,,insufficient_data,2026-09-22,2026-09-25T00:45:26.696Z,https://www.canada.ca/content/dam/ircc/documents/json/data-ptime-en.json,official,active,,,2026-09-25T01:18:44.823Z
ca-refugee-private-sponsor-side--tg,ircc-ptime,CA,refugee,backward,ca-refugee-private-sponsor-side,Privately sponsored refugee: sponsor processing,TG,Togo,Not enough data,,,insufficient_data,2026-09-22,2026-09-25T00:45:26.696Z,https://www.canada.ca/content/dam/ircc/documents/json/data-ptime-en.json,official,active,,,2026-09-25T01:18:44.823Z
ca-refugee-private-sponsor-side--th,ircc-ptime,CA,refugee,backward,ca-refugee-private-sponsor-side,Privately sponsored refugee: sponsor processing,TH,Thailand,Not enough data,,,insufficient_data,2026-09-22,2026-09-25T00:45:26.696Z,https://www.canada.ca/content/dam/ircc/documents/json/data-ptime-en.json,official,active,,,2026-09-25T01:18:44.823Z
ca-refugee-private-sponsor-side--tj,ircc-ptime,CA,refugee,backward,ca-refugee-private-sponsor-side,Privately sponsored refugee: sponsor processing,TJ,Tajikistan,26 months,791.44,months,ok,2026-09-22,2026-09-25T00:45:26.696Z,https://www.canada.ca/content/dam/ircc/documents/json/data-ptime-en.json,official,active,,,2026-09-25T01:18:44.823Z
ca-refugee-private-sponsor-side--tl,ircc-ptime,CA,refugee,backward,ca-refugee-private-sponsor-side,Privately sponsored refugee: sponsor processing,TL,Timor-Leste,Not enough data,,,insufficient_data,2026-09-22,2026-09-25T00:45:26.696Z,https://www.canada.ca/content/dam/ircc/documents/json/data-ptime-en.json,official,active,,,2026-09-25T01:18:44.823Z
ca-refugee-private-sponsor-side--tm,ircc-ptime,CA,refugee,backward,ca-refugee-private-sponsor-side,Privately sponsored refugee: sponsor processing,TM,Turkmenistan,Not enough data,,,insufficient_data,2026-09-22,2026-09-25T00:45:26.696Z,https://www.canada.ca/content/dam/ircc/documents/json/data-ptime-en.json,official,active,,,2026-09-25T01:18:44.823Z
ca-refugee-private-sponsor-side--tn,ircc-ptime,CA,refugee,backward,ca-refugee-private-sponsor-side,Privately sponsored refugee: sponsor processing,TN,Tunisia,Not enough data,,,insufficient_data,2026-09-22,2026-09-25T00:45:26.696Z,https://www.canada.ca/content/dam/ircc/documents/json/data-ptime-en.json,official,active,,,2026-09-25T01:18:44.823Z
ca-refugee-private-sponsor-side--to,ircc-ptime,CA,refugee,backward,ca-refugee-private-sponsor-side,Privately sponsored refugee: sponsor processing,TO,Tonga,Not enough data,,,insufficient_data,2026-09-22,2026-09-25T00:45:26.696Z,https://www.canada.ca/content/dam/ircc/documents/json/data-ptime-en.json,official,active,,,2026-09-25T01:18:44.823Z
ca-refugee-private-sponsor-side--tr,ircc-ptime,CA,refugee,backward,ca-refugee-private-sponsor-side,Privately sponsored refugee: sponsor processing,TR,Türkiye,27 months,821.88,months,ok,2026-09-22,2026-09-25T00:45:26.696Z,https://www.canada.ca/content/dam/ircc/documents/json/data-ptime-en.json,official,active,,,2026-09-25T01:18:44.823Z
ca-refugee-private-sponsor-side--tt,ircc-ptime,CA,refugee,backward,ca-refugee-private-sponsor-side,Privately sponsored refugee: sponsor processing,TT,Trinidad & Tobago,Not enough data,,,insufficient_data,2026-09-22,2026-09-25T00:45:26.696Z,https://www.canada.ca/content/dam/ircc/documents/json/data-ptime-en.json,official,active,,,2026-09-25T01:18:44.823Z
ca-refugee-private-sponsor-side--tv,ircc-ptime,CA,refugee,backward,ca-refugee-private-sponsor-side,Privately sponsored refugee: sponsor processing,TV,Tuvalu,Not enough data,,,insufficient_data,2026-09-22,2026-09-25T00:45:26.696Z,https://www.canada.ca/content/dam/ircc/documents/json/data-ptime-en.json,official,active,,,2026-09-25T01:18:44.823Z
ca-refugee-private-sponsor-side--tw,ircc-ptime,CA,refugee,backward,ca-refugee-private-sponsor-side,Privately sponsored refugee: sponsor processing,TW,Taiwan,Not enough data,,,insufficient_data,2026-09-22,2026-09-25T00:45:26.696Z,https://www.canada.ca/content/dam/ircc/documents/json/data-ptime-en.json,official,active,,,2026-09-25T01:18:44.823Z
ca-refugee-private-sponsor-side--tz,ircc-ptime,CA,refugee,backward,ca-refugee-private-sponsor-side,Privately sponsored refugee: sponsor processing,TZ,Tanzania,Not enough data,,,insufficient_data,2026-09-22,2026-09-25T00:45:26.696Z,https://www.canada.ca/content/dam/ircc/documents/json/data-ptime-en.json,official,active,,,2026-09-25T01:18:44.823Z
ca-refugee-private-sponsor-side--ua,ircc-ptime,CA,refugee,backward,ca-refugee-private-sponsor-side,Privately sponsored refugee: sponsor processing,UA,Ukraine,Not enough data,,,insufficient_data,2026-09-22,2026-09-25T00:45:26.696Z,https://www.canada.ca/content/dam/ircc/documents/json/data-ptime-en.json,official,active,,,2026-09-25T01:18:44.823Z
ca-refugee-private-sponsor-side--ug,ircc-ptime,CA,refugee,backward,ca-refugee-private-sponsor-side,Privately sponsored refugee: sponsor processing,UG,Uganda,27 months,821.88,months,ok,2026-09-22,2026-09-25T00:45:26.696Z,https://www.canada.ca/content/dam/ircc/documents/json/data-ptime-en.json,official,active,,,2026-09-25T01:18:44.823Z
ca-refugee-private-sponsor-side--us,ircc-ptime,CA,refugee,backward,ca-refugee-private-sponsor-side,Privately sponsored refugee: sponsor processing,US,United States,Not enough data,,,insufficient_data,2026-09-22,2026-09-25T00:45:26.696Z,https://www.canada.ca/content/dam/ircc/documents/json/data-ptime-en.json,official,active,,,2026-09-25T01:18:44.823Z
ca-refugee-private-sponsor-side--uy,ircc-ptime,CA,refugee,backward,ca-refugee-private-sponsor-side,Privately sponsored refugee: sponsor processing,UY,Uruguay,Not enough data,,,insufficient_data,2026-09-22,2026-09-25T00:45:26.696Z,https://www.canada.ca/content/dam/ircc/documents/json/data-ptime-en.json,official,active,,,2026-09-25T01:18:44.823Z
ca-refugee-private-sponsor-side--uz,ircc-ptime,CA,refugee,backward,ca-refugee-private-sponsor-side,Privately sponsored refugee: sponsor processing,UZ,Uzbekistan,Not enough data,,,insufficient_data,2026-09-22,2026-09-25T00:45:26.696Z,https://www.canada.ca/content/dam/ircc/documents/json/data-ptime-en.json,official,active,,,2026-09-25T01:18:44.823Z
ca-refugee-private-sponsor-side--va,ircc-ptime,CA,refugee,backward,ca-refugee-private-sponsor-side,Privately sponsored refugee: sponsor processing,VA,Vatican City,Not enough data,,,insufficient_data,2026-09-22,2026-09-25T00:45:26.696Z,https://www.canada.ca/content/dam/ircc/documents/json/data-ptime-en.json,official,active,,,2026-09-25T01:18:44.823Z
ca-refugee-private-sponsor-side--vc,ircc-ptime,CA,refugee,backward,ca-refugee-private-sponsor-side,Privately sponsored refugee: sponsor processing,VC,St. Vincent & Grenadines,Not enough data,,,insufficient_data,2026-09-22,2026-09-25T00:45:26.696Z,https://www.canada.ca/content/dam/ircc/documents/json/data-ptime-en.json,official,active,,,2026-09-25T01:18:44.823Z
ca-refugee-private-sponsor-side--ve,ircc-ptime,CA,refugee,backward,ca-refugee-private-sponsor-side,Privately sponsored refugee: sponsor processing,VE,Venezuela,Not enough data,,,insufficient_data,2026-09-22,2026-09-25T00:45:26.696Z,https://www.canada.ca/content/dam/ircc/documents/json/data-ptime-en.json,official,active,,,2026-09-25T01:18:44.823Z
ca-refugee-private-sponsor-side--vi,ircc-ptime,CA,refugee,backward,ca-refugee-private-sponsor-side,Privately sponsored refugee: sponsor processing,VI,U.S. Virgin Islands,Not enough data,,,insufficient_data,2026-09-22,2026-09-25T00:45:26.696Z,https://www.canada.ca/content/dam/ircc/documents/json/data-ptime-en.json,official,active,,,2026-09-25T01:18:44.823Z
ca-refugee-private-sponsor-side--vn,ircc-ptime,CA,refugee,backward,ca-refugee-private-sponsor-side,Privately sponsored refugee: sponsor processing,VN,Vietnam,Not enough data,,,insufficient_data,2026-09-22,2026-09-25T00:45:26.696Z,https://www.canada.ca/content/dam/ircc/documents/json/data-ptime-en.json,official,active,,,2026-09-25T01:18:44.823Z
ca-refugee-private-sponsor-side--vu,ircc-ptime,CA,refugee,backward,ca-refugee-private-sponsor-side,Privately sponsored refugee: sponsor processing,VU,Vanuatu,Not enough data,,,insufficient_data,2026-09-22,2026-09-25T00:45:26.696Z,https://www.canada.ca/content/dam/ircc/documents/json/data-ptime-en.json,official,active,,,2026-09-25T01:18:44.823Z
ca-refugee-private-sponsor-side--wb,ircc-ptime,CA,refugee,backward,ca-refugee-private-sponsor-side,Privately sponsored refugee: sponsor processing,WB,WB,Not enough data,,,insufficient_data,2026-09-22,2026-09-25T00:45:26.696Z,https://www.canada.ca/content/dam/ircc/documents/json/data-ptime-en.json,official,active,,,2026-09-25T01:18:44.823Z
ca-refugee-private-sponsor-side--ws,ircc-ptime,CA,refugee,backward,ca-refugee-private-sponsor-side,Privately sponsored refugee: sponsor processing,WS,Samoa,Not enough data,,,insufficient_data,2026-09-22,2026-09-25T00:45:26.696Z,https://www.canada.ca/content/dam/ircc/documents/json/data-ptime-en.json,official,active,,,2026-09-25T01:18:44.823Z
ca-refugee-private-sponsor-side--xk,ircc-ptime,CA,refugee,backward,ca-refugee-private-sponsor-side,Privately sponsored refugee: sponsor processing,XK,Kosovo,Not enough data,,,insufficient_data,2026-09-22,2026-09-25T00:45:26.696Z,https://www.canada.ca/content/dam/ircc/documents/json/data-ptime-en.json,official,active,,,2026-09-25T01:18:44.823Z
ca-refugee-private-sponsor-side--ye,ircc-ptime,CA,refugee,backward,ca-refugee-private-sponsor-side,Privately sponsored refugee: sponsor processing,YE,Yemen,Not enough data,,,insufficient_data,2026-09-22,2026-09-25T00:45:26.696Z,https://www.canada.ca/content/dam/ircc/documents/json/data-ptime-en.json,official,active,,,2026-09-25T01:18:44.823Z
ca-refugee-private-sponsor-side--za,ircc-ptime,CA,refugee,backward,ca-refugee-private-sponsor-side,Privately sponsored refugee: sponsor processing,ZA,South Africa,26 months,791.44,months,ok,2026-09-22,2026-09-25T00:45:26.696Z,https://www.canada.ca/content/dam/ircc/documents/json/data-ptime-en.json,official,active,,,2026-09-25T01:18:44.823Z
ca-refugee-private-sponsor-side--zm,ircc-ptime,CA,refugee,backward,ca-refugee-private-sponsor-side,Privately sponsored refugee: sponsor processing,ZM,Zambia,27 months,821.88,months,ok,2026-09-22,2026-09-25T00:45:26.696Z,https://www.canada.ca/content/dam/ircc/documents/json/data-ptime-en.json,official,active,,,2026-09-25T01:18:44.823Z
ca-refugee-private-sponsor-side--zw,ircc-ptime,CA,refugee,backward,ca-refugee-private-sponsor-side,Privately sponsored refugee: sponsor processing,ZW,Zimbabwe,Not enough data,,,insufficient_data,2026-09-22,2026-09-25T00:45:26.696Z,https://www.canada.ca/content/dam/ircc/documents/json/data-ptime-en.json,official,active,,,2026-09-25T01:18:44.823Z
ca-replace-immigration-document,ircc-noncountry,CA,settlement,published,ca-replace-immigration-document,Replacement of an immigration document,,,8 weeks,56,weeks,ok,2026-09-22,2026-09-25T00:45:33.675Z,https://www.canada.ca/content/dam/ircc/documents/json/data-ptime-non-country-en.json,official,active,,,2026-09-25T01:18:50.817Z
ca-sawp,ircc-noncountry,CA,permit,published,ca-sawp,Seasonal Agricultural Worker Program,,,105 days,105,days,ok,2026-09-22,2026-09-25T00:45:33.675Z,https://www.canada.ca/content/dam/ircc/documents/json/data-ptime-non-country-en.json,official,active,,,2026-09-25T01:18:50.817Z
ca-self-employed-persons,ircc-forward-looking,CA,settlement,forward,ca-self-employed-persons,Self-employed persons (federal),,,More than 10 years,3652.5,years,ok,2026-09-03,2026-09-25T00:45:28.713Z,https://www.canada.ca/content/dam/ircc/documents/json/flpt-en.json,official,active,,,2026-09-25T01:18:47.841Z
ca-sponsor-adopted-child--ad,ircc-ptime,CA,sponsorship,backward,ca-sponsor-adopted-child,Sponsorship: adopted child,AD,Andorra,Not enough data,,,insufficient_data,2026-09-22,2026-09-25T00:45:26.696Z,https://www.canada.ca/content/dam/ircc/documents/json/data-ptime-en.json,official,active,,,2026-09-25T01:18:44.823Z
ca-sponsor-adopted-child--ae,ircc-ptime,CA,sponsorship,backward,ca-sponsor-adopted-child,Sponsorship: adopted child,AE,United Arab Emirates,Not enough data,,,insufficient_data,2026-09-22,2026-09-25T00:45:26.696Z,https://www.canada.ca/content/dam/ircc/documents/json/data-ptime-en.json,official,active,,,2026-09-25T01:18:44.823Z
ca-sponsor-adopted-child--af,ircc-ptime,CA,sponsorship,backward,ca-sponsor-adopted-child,Sponsorship: adopted child,AF,Afghanistan,Not enough data,,,insufficient_data,2026-09-22,2026-09-25T00:45:26.696Z,https://www.canada.ca/content/dam/ircc/documents/json/data-ptime-en.json,official,active,,,2026-09-25T01:18:44.823Z
ca-sponsor-adopted-child--ag,ircc-ptime,CA,sponsorship,backward,ca-sponsor-adopted-child,Sponsorship: adopted child,AG,Antigua & Barbuda,Not enough data,,,insufficient_data,2026-09-22,2026-09-25T00:45:26.696Z,https://www.canada.ca/content/dam/ircc/documents/json/data-ptime-en.json,official,active,,,2026-09-25T01:18:44.823Z
ca-sponsor-adopted-child--ai,ircc-ptime,CA,sponsorship,backward,ca-sponsor-adopted-child,Sponsorship: adopted child,AI,Anguilla,Not enough data,,,insufficient_data,2026-09-22,2026-09-25T00:45:26.696Z,https://www.canada.ca/content/dam/ircc/documents/json/data-ptime-en.json,official,active,,,2026-09-25T01:18:44.823Z
ca-sponsor-adopted-child--al,ircc-ptime,CA,sponsorship,backward,ca-sponsor-adopted-child,Sponsorship: adopted child,AL,Albania,Not enough data,,,insufficient_data,2026-09-22,2026-09-25T00:45:26.696Z,https://www.canada.ca/content/dam/ircc/documents/json/data-ptime-en.json,official,active,,,2026-09-25T01:18:44.823Z
ca-sponsor-adopted-child--am,ircc-ptime,CA,sponsorship,backward,ca-sponsor-adopted-child,Sponsorship: adopted child,AM,Armenia,Not enough data,,,insufficient_data,2026-09-22,2026-09-25T00:45:26.696Z,https://www.canada.ca/content/dam/ircc/documents/json/data-ptime-en.json,official,active,,,2026-09-25T01:18:44.823Z
ca-sponsor-adopted-child--ao,ircc-ptime,CA,sponsorship,backward,ca-sponsor-adopted-child,Sponsorship: adopted child,AO,Angola,Not enough data,,,insufficient_data,2026-09-22,2026-09-25T00:45:26.696Z,https://www.canada.ca/content/dam/ircc/documents/json/data-ptime-en.json,official,active,,,2026-09-25T01:18:44.823Z
ca-sponsor-adopted-child--ar,ircc-ptime,CA,sponsorship,backward,ca-sponsor-adopted-child,Sponsorship: adopted child,AR,Argentina,Not enough data,,,insufficient_data,2026-09-22,2026-09-25T00:45:26.696Z,https://www.canada.ca/content/dam/ircc/documents/json/data-ptime-en.json,official,active,,,2026-09-25T01:18:44.823Z
ca-sponsor-adopted-child--at,ircc-ptime,CA,sponsorship,backward,ca-sponsor-adopted-child,Sponsorship: adopted child,AT,Austria,Not enough data,,,insufficient_data,2026-09-22,2026-09-25T00:45:26.696Z,https://www.canada.ca/content/dam/ircc/documents/json/data-ptime-en.json,official,active,,,2026-09-25T01:18:44.823Z
ca-sponsor-adopted-child--au,ircc-ptime,CA,sponsorship,backward,ca-sponsor-adopted-child,Sponsorship: adopted child,AU,Australia,Not enough data,,,insufficient_data,2026-09-22,2026-09-25T00:45:26.696Z,https://www.canada.ca/content/dam/ircc/documents/json/data-ptime-en.json,official,active,,,2026-09-25T01:18:44.823Z
ca-sponsor-adopted-child--aw,ircc-ptime,CA,sponsorship,backward,ca-sponsor-adopted-child,Sponsorship: adopted child,AW,Aruba,Not enough data,,,insufficient_data,2026-09-22,2026-09-25T00:45:26.696Z,https://www.canada.ca/content/dam/ircc/documents/json/data-ptime-en.json,official,active,,,2026-09-25T01:18:44.823Z
ca-sponsor-adopted-child--az,ircc-ptime,CA,sponsorship,backward,ca-sponsor-adopted-child,Sponsorship: adopted child,AZ,Azerbaijan,Not enough data,,,insufficient_data,2026-09-22,2026-09-25T00:45:26.696Z,https://www.canada.ca/content/dam/ircc/documents/json/data-ptime-en.json,official,active,,,2026-09-25T01:18:44.823Z
ca-sponsor-adopted-child--ba,ircc-ptime,CA,sponsorship,backward,ca-sponsor-adopted-child,Sponsorship: adopted child,BA,Bosnia & Herzegovina,Not enough data,,,insufficient_data,2026-09-22,2026-09-25T00:45:26.696Z,https://www.canada.ca/content/dam/ircc/documents/json/data-ptime-en.json,official,active,,,2026-09-25T01:18:44.823Z
ca-sponsor-adopted-child--bb,ircc-ptime,CA,sponsorship,backward,ca-sponsor-adopted-child,Sponsorship: adopted child,BB,Barbados,Not enough data,,,insufficient_data,2026-09-22,2026-09-25T00:45:26.696Z,https://www.canada.ca/content/dam/ircc/documents/json/data-ptime-en.json,official,active,,,2026-09-25T01:18:44.823Z
ca-sponsor-adopted-child--bd,ircc-ptime,CA,sponsorship,backward,ca-sponsor-adopted-child,Sponsorship: adopted child,BD,Bangladesh,Not enough data,,,insufficient_data,2026-09-22,2026-09-25T00:45:26.696Z,https://www.canada.ca/content/dam/ircc/documents/json/data-ptime-en.json,official,active,,,2026-09-25T01:18:44.823Z
ca-sponsor-adopted-child--be,ircc-ptime,CA,sponsorship,backward,ca-sponsor-adopted-child,Sponsorship: adopted child,BE,Belgium,Not enough data,,,insufficient_data,2026-09-22,2026-09-25T00:45:26.696Z,https://www.canada.ca/content/dam/ircc/documents/json/data-ptime-en.json,official,active,,,2026-09-25T01:18:44.823Z
ca-sponsor-adopted-child--bf,ircc-ptime,CA,sponsorship,backward,ca-sponsor-adopted-child,Sponsorship: adopted child,BF,Burkina Faso,Not enough data,,,insufficient_data,2026-09-22,2026-09-25T00:45:26.696Z,https://www.canada.ca/content/dam/ircc/documents/json/data-ptime-en.json,official,active,,,2026-09-25T01:18:44.823Z
ca-sponsor-adopted-child--bg,ircc-ptime,CA,sponsorship,backward,ca-sponsor-adopted-child,Sponsorship: adopted child,BG,Bulgaria,Not enough data,,,insufficient_data,2026-09-22,2026-09-25T00:45:26.696Z,https://www.canada.ca/content/dam/ircc/documents/json/data-ptime-en.json,official,active,,,2026-09-25T01:18:44.823Z
ca-sponsor-adopted-child--bh,ircc-ptime,CA,sponsorship,backward,ca-sponsor-adopted-child,Sponsorship: adopted child,BH,Bahrain,Not enough data,,,insufficient_data,2026-09-22,2026-09-25T00:45:26.696Z,https://www.canada.ca/content/dam/ircc/documents/json/data-ptime-en.json,official,active,,,2026-09-25T01:18:44.823Z
ca-sponsor-adopted-child--bi,ircc-ptime,CA,sponsorship,backward,ca-sponsor-adopted-child,Sponsorship: adopted child,BI,Burundi,Not enough data,,,insufficient_data,2026-09-22,2026-09-25T00:45:26.696Z,https://www.canada.ca/content/dam/ircc/documents/json/data-ptime-en.json,official,active,,,2026-09-25T01:18:44.823Z
ca-sponsor-adopted-child--bj,ircc-ptime,CA,sponsorship,backward,ca-sponsor-adopted-child,Sponsorship: adopted child,BJ,Benin,Not enough data,,,insufficient_data,2026-09-22,2026-09-25T00:45:26.696Z,https://www.canada.ca/content/dam/ircc/documents/json/data-ptime-en.json,official,active,,,2026-09-25T01:18:44.823Z
ca-sponsor-adopted-child--bm,ircc-ptime,CA,sponsorship,backward,ca-sponsor-adopted-child,Sponsorship: adopted child,BM,Bermuda,Not enough data,,,insufficient_data,2026-09-22,2026-09-25T00:45:26.696Z,https://www.canada.ca/content/dam/ircc/documents/json/data-ptime-en.json,official,active,,,2026-09-25T01:18:44.823Z
ca-sponsor-adopted-child--bn,ircc-ptime,CA,sponsorship,backward,ca-sponsor-adopted-child,Sponsorship: adopted child,BN,Brunei,Not enough data,,,insufficient_data,2026-09-22,2026-09-25T00:45:26.696Z,https://www.canada.ca/content/dam/ircc/documents/json/data-ptime-en.json,official,active,,,2026-09-25T01:18:44.823Z
ca-sponsor-adopted-child--bo,ircc-ptime,CA,sponsorship,backward,ca-sponsor-adopted-child,Sponsorship: adopted child,BO,Bolivia,Not enough data,,,insufficient_data,2026-09-22,2026-09-25T00:45:26.696Z,https://www.canada.ca/content/dam/ircc/documents/json/data-ptime-en.json,official,active,,,2026-09-25T01:18:44.823Z
ca-sponsor-adopted-child--bq,ircc-ptime,CA,sponsorship,backward,ca-sponsor-adopted-child,Sponsorship: adopted child,BQ,Caribbean Netherlands,Not enough data,,,insufficient_data,2026-09-22,2026-09-25T00:45:26.696Z,https://www.canada.ca/content/dam/ircc/documents/json/data-ptime-en.json,official,active,,,2026-09-25T01:18:44.823Z
ca-sponsor-adopted-child--br,ircc-ptime,CA,sponsorship,backward,ca-sponsor-adopted-child,Sponsorship: adopted child,BR,Brazil,Not enough data,,,insufficient_data,2026-09-22,2026-09-25T00:45:26.696Z,https://www.canada.ca/content/dam/ircc/documents/json/data-ptime-en.json,official,active,,,2026-09-25T01:18:44.823Z
ca-sponsor-adopted-child--bs,ircc-ptime,CA,sponsorship,backward,ca-sponsor-adopted-child,Sponsorship: adopted child,BS,Bahamas,Not enough data,,,insufficient_data,2026-09-22,2026-09-25T00:45:26.696Z,https://www.canada.ca/content/dam/ircc/documents/json/data-ptime-en.json,official,active,,,2026-09-25T01:18:44.823Z
ca-sponsor-adopted-child--bt,ircc-ptime,CA,sponsorship,backward,ca-sponsor-adopted-child,Sponsorship: adopted child,BT,Bhutan,Not enough data,,,insufficient_data,2026-09-22,2026-09-25T00:45:26.696Z,https://www.canada.ca/content/dam/ircc/documents/json/data-ptime-en.json,official,active,,,2026-09-25T01:18:44.823Z
ca-sponsor-adopted-child--bw,ircc-ptime,CA,sponsorship,backward,ca-sponsor-adopted-child,Sponsorship: adopted child,BW,Botswana,Not enough data,,,insufficient_data,2026-09-22,2026-09-25T00:45:26.696Z,https://www.canada.ca/content/dam/ircc/documents/json/data-ptime-en.json,official,active,,,2026-09-25T01:18:44.823Z
ca-sponsor-adopted-child--by,ircc-ptime,CA,sponsorship,backward,ca-sponsor-adopted-child,Sponsorship: adopted child,BY,Belarus,Not enough data,,,insufficient_data,2026-09-22,2026-09-25T00:45:26.696Z,https://www.canada.ca/content/dam/ircc/documents/json/data-ptime-en.json,official,active,,,2026-09-25T01:18:44.823Z
ca-sponsor-adopted-child--bz,ircc-ptime,CA,sponsorship,backward,ca-sponsor-adopted-child,Sponsorship: adopted child,BZ,Belize,Not enough data,,,insufficient_data,2026-09-22,2026-09-25T00:45:26.696Z,https://www.canada.ca/content/dam/ircc/documents/json/data-ptime-en.json,official,active,,,2026-09-25T01:18:44.823Z
ca-sponsor-adopted-child--ca,ircc-ptime,CA,sponsorship,backward,ca-sponsor-adopted-child,Sponsorship: adopted child,CA,Canada,24 months,730.56,months,ok,2026-09-22,2026-09-25T00:45:26.696Z,https://www.canada.ca/content/dam/ircc/documents/json/data-ptime-en.json,official,active,,,2026-09-25T01:18:44.823Z
ca-sponsor-adopted-child--cd,ircc-ptime,CA,sponsorship,backward,ca-sponsor-adopted-child,Sponsorship: adopted child,CD,Congo - Kinshasa,Not enough data,,,insufficient_data,2026-09-22,2026-09-25T00:45:26.696Z,https://www.canada.ca/content/dam/ircc/documents/json/data-ptime-en.json,official,active,,,2026-09-25T01:18:44.823Z
ca-sponsor-adopted-child--cf,ircc-ptime,CA,sponsorship,backward,ca-sponsor-adopted-child,Sponsorship: adopted child,CF,Central African Republic,Not enough data,,,insufficient_data,2026-09-22,2026-09-25T00:45:26.696Z,https://www.canada.ca/content/dam/ircc/documents/json/data-ptime-en.json,official,active,,,2026-09-25T01:18:44.823Z
ca-sponsor-adopted-child--cg,ircc-ptime,CA,sponsorship,backward,ca-sponsor-adopted-child,Sponsorship: adopted child,CG,Congo - Brazzaville,Not enough data,,,insufficient_data,2026-09-22,2026-09-25T00:45:26.696Z,https://www.canada.ca/content/dam/ircc/documents/json/data-ptime-en.json,official,active,,,2026-09-25T01:18:44.823Z
ca-sponsor-adopted-child--ch,ircc-ptime,CA,sponsorship,backward,ca-sponsor-adopted-child,Sponsorship: adopted child,CH,Switzerland,Not enough data,,,insufficient_data,2026-09-22,2026-09-25T00:45:26.696Z,https://www.canada.ca/content/dam/ircc/documents/json/data-ptime-en.json,official,active,,,2026-09-25T01:18:44.823Z
ca-sponsor-adopted-child--ci,ircc-ptime,CA,sponsorship,backward,ca-sponsor-adopted-child,Sponsorship: adopted child,CI,Côte d’Ivoire,Not enough data,,,insufficient_data,2026-09-22,2026-09-25T00:45:26.696Z,https://www.canada.ca/content/dam/ircc/documents/json/data-ptime-en.json,official,active,,,2026-09-25T01:18:44.823Z
ca-sponsor-adopted-child--cl,ircc-ptime,CA,sponsorship,backward,ca-sponsor-adopted-child,Sponsorship: adopted child,CL,Chile,Not enough data,,,insufficient_data,2026-09-22,2026-09-25T00:45:26.696Z,https://www.canada.ca/content/dam/ircc/documents/json/data-ptime-en.json,official,active,,,2026-09-25T01:18:44.823Z
ca-sponsor-adopted-child--cm,ircc-ptime,CA,sponsorship,backward,ca-sponsor-adopted-child,Sponsorship: adopted child,CM,Cameroon,Not enough data,,,insufficient_data,2026-09-22,2026-09-25T00:45:26.696Z,https://www.canada.ca/content/dam/ircc/documents/json/data-ptime-en.json,official,active,,,2026-09-25T01:18:44.823Z
ca-sponsor-adopted-child--cn,ircc-ptime,CA,sponsorship,backward,ca-sponsor-adopted-child,Sponsorship: adopted child,CN,China,Not enough data,,,insufficient_data,2026-09-22,2026-09-25T00:45:26.696Z,https://www.canada.ca/content/dam/ircc/documents/json/data-ptime-en.json,official,active,,,2026-09-25T01:18:44.823Z
ca-sponsor-adopted-child--co,ircc-ptime,CA,sponsorship,backward,ca-sponsor-adopted-child,Sponsorship: adopted child,CO,Colombia,Not enough data,,,insufficient_data,2026-09-22,2026-09-25T00:45:26.696Z,https://www.canada.ca/content/dam/ircc/documents/json/data-ptime-en.json,official,active,,,2026-09-25T01:18:44.823Z
ca-sponsor-adopted-child--cr,ircc-ptime,CA,sponsorship,backward,ca-sponsor-adopted-child,Sponsorship: adopted child,CR,Costa Rica,Not enough data,,,insufficient_data,2026-09-22,2026-09-25T00:45:26.696Z,https://www.canada.ca/content/dam/ircc/documents/json/data-ptime-en.json,official,active,,,2026-09-25T01:18:44.823Z
ca-sponsor-adopted-child--cu,ircc-ptime,CA,sponsorship,backward,ca-sponsor-adopted-child,Sponsorship: adopted child,CU,Cuba,Not enough data,,,insufficient_data,2026-09-22,2026-09-25T00:45:26.696Z,https://www.canada.ca/content/dam/ircc/documents/json/data-ptime-en.json,official,active,,,2026-09-25T01:18:44.823Z
ca-sponsor-adopted-child--cv,ircc-ptime,CA,sponsorship,backward,ca-sponsor-adopted-child,Sponsorship: adopted child,CV,Cape Verde,Not enough data,,,insufficient_data,2026-09-22,2026-09-25T00:45:26.696Z,https://www.canada.ca/content/dam/ircc/documents/json/data-ptime-en.json,official,active,,,2026-09-25T01:18:44.823Z
ca-sponsor-adopted-child--cy,ircc-ptime,CA,sponsorship,backward,ca-sponsor-adopted-child,Sponsorship: adopted child,CY,Cyprus,Not enough data,,,insufficient_data,2026-09-22,2026-09-25T00:45:26.696Z,https://www.canada.ca/content/dam/ircc/documents/json/data-ptime-en.json,official,active,,,2026-09-25T01:18:44.823Z
ca-sponsor-adopted-child--cz,ircc-ptime,CA,sponsorship,backward,ca-sponsor-adopted-child,Sponsorship: adopted child,CZ,Czechia,Not enough data,,,insufficient_data,2026-09-22,2026-09-25T00:45:26.696Z,https://www.canada.ca/content/dam/ircc/documents/json/data-ptime-en.json,official,active,,,2026-09-25T01:18:44.823Z
ca-sponsor-adopted-child--de,ircc-ptime,CA,sponsorship,backward,ca-sponsor-adopted-child,Sponsorship: adopted child,DE,Germany,Not enough data,,,insufficient_data,2026-09-22,2026-09-25T00:45:26.696Z,https://www.canada.ca/content/dam/ircc/documents/json/data-ptime-en.json,official,active,,,2026-09-25T01:18:44.823Z
ca-sponsor-adopted-child--dj,ircc-ptime,CA,sponsorship,backward,ca-sponsor-adopted-child,Sponsorship: adopted child,DJ,Djibouti,Not enough data,,,insufficient_data,2026-09-22,2026-09-25T00:45:26.696Z,https://www.canada.ca/content/dam/ircc/documents/json/data-ptime-en.json,official,active,,,2026-09-25T01:18:44.823Z
ca-sponsor-adopted-child--dk,ircc-ptime,CA,sponsorship,backward,ca-sponsor-adopted-child,Sponsorship: adopted child,DK,Denmark,Not enough data,,,insufficient_data,2026-09-22,2026-09-25T00:45:26.696Z,https://www.canada.ca/content/dam/ircc/documents/json/data-ptime-en.json,official,active,,,2026-09-25T01:18:44.823Z
ca-sponsor-adopted-child--dm,ircc-ptime,CA,sponsorship,backward,ca-sponsor-adopted-child,Sponsorship: adopted child,DM,Dominica,Not enough data,,,insufficient_data,2026-09-22,2026-09-25T00:45:26.696Z,https://www.canada.ca/content/dam/ircc/documents/json/data-ptime-en.json,official,active,,,2026-09-25T01:18:44.823Z
ca-sponsor-adopted-child--do,ircc-ptime,CA,sponsorship,backward,ca-sponsor-adopted-child,Sponsorship: adopted child,DO,Dominican Republic,Not enough data,,,insufficient_data,2026-09-22,2026-09-25T00:45:26.696Z,https://www.canada.ca/content/dam/ircc/documents/json/data-ptime-en.json,official,active,,,2026-09-25T01:18:44.823Z
ca-sponsor-adopted-child--dz,ircc-ptime,CA,sponsorship,backward,ca-sponsor-adopted-child,Sponsorship: adopted child,DZ,Algeria,Not enough data,,,insufficient_data,2026-09-22,2026-09-25T00:45:26.696Z,https://www.canada.ca/content/dam/ircc/documents/json/data-ptime-en.json,official,active,,,2026-09-25T01:18:44.823Z
ca-sponsor-adopted-child--ec,ircc-ptime,CA,sponsorship,backward,ca-sponsor-adopted-child,Sponsorship: adopted child,EC,Ecuador,Not enough data,,,insufficient_data,2026-09-22,2026-09-25T00:45:26.696Z,https://www.canada.ca/content/dam/ircc/documents/json/data-ptime-en.json,official,active,,,2026-09-25T01:18:44.823Z
ca-sponsor-adopted-child--ee,ircc-ptime,CA,sponsorship,backward,ca-sponsor-adopted-child,Sponsorship: adopted child,EE,Estonia,Not enough data,,,insufficient_data,2026-09-22,2026-09-25T00:45:26.696Z,https://www.canada.ca/content/dam/ircc/documents/json/data-ptime-en.json,official,active,,,2026-09-25T01:18:44.823Z
ca-sponsor-adopted-child--eg,ircc-ptime,CA,sponsorship,backward,ca-sponsor-adopted-child,Sponsorship: adopted child,EG,Egypt,Not enough data,,,insufficient_data,2026-09-22,2026-09-25T00:45:26.696Z,https://www.canada.ca/content/dam/ircc/documents/json/data-ptime-en.json,official,active,,,2026-09-25T01:18:44.823Z
ca-sponsor-adopted-child--er,ircc-ptime,CA,sponsorship,backward,ca-sponsor-adopted-child,Sponsorship: adopted child,ER,Eritrea,Not enough data,,,insufficient_data,2026-09-22,2026-09-25T00:45:26.696Z,https://www.canada.ca/content/dam/ircc/documents/json/data-ptime-en.json,official,active,,,2026-09-25T01:18:44.823Z
ca-sponsor-adopted-child--es,ircc-ptime,CA,sponsorship,backward,ca-sponsor-adopted-child,Sponsorship: adopted child,ES,Spain,Not enough data,,,insufficient_data,2026-09-22,2026-09-25T00:45:26.696Z,https://www.canada.ca/content/dam/ircc/documents/json/data-ptime-en.json,official,active,,,2026-09-25T01:18:44.823Z
ca-sponsor-adopted-child--et,ircc-ptime,CA,sponsorship,backward,ca-sponsor-adopted-child,Sponsorship: adopted child,ET,Ethiopia,37 months,1126.28,months,ok,2026-09-22,2026-09-25T00:45:26.696Z,https://www.canada.ca/content/dam/ircc/documents/json/data-ptime-en.json,official,active,,,2026-09-25T01:18:44.823Z
ca-sponsor-adopted-child--fi,ircc-ptime,CA,sponsorship,backward,ca-sponsor-adopted-child,Sponsorship: adopted child,FI,Finland,Not enough data,,,insufficient_data,2026-09-22,2026-09-25T00:45:26.696Z,https://www.canada.ca/content/dam/ircc/documents/json/data-ptime-en.json,official,active,,,2026-09-25T01:18:44.823Z
ca-sponsor-adopted-child--fj,ircc-ptime,CA,sponsorship,backward,ca-sponsor-adopted-child,Sponsorship: adopted child,FJ,Fiji,Not enough data,,,insufficient_data,2026-09-22,2026-09-25T00:45:26.696Z,https://www.canada.ca/content/dam/ircc/documents/json/data-ptime-en.json,official,active,,,2026-09-25T01:18:44.823Z
ca-sponsor-adopted-child--fm,ircc-ptime,CA,sponsorship,backward,ca-sponsor-adopted-child,Sponsorship: adopted child,FM,Micronesia,Not enough data,,,insufficient_data,2026-09-22,2026-09-25T00:45:26.696Z,https://www.canada.ca/content/dam/ircc/documents/json/data-ptime-en.json,official,active,,,2026-09-25T01:18:44.823Z
ca-sponsor-adopted-child--fr,ircc-ptime,CA,sponsorship,backward,ca-sponsor-adopted-child,Sponsorship: adopted child,FR,France,Not enough data,,,insufficient_data,2026-09-22,2026-09-25T00:45:26.696Z,https://www.canada.ca/content/dam/ircc/documents/json/data-ptime-en.json,official,active,,,2026-09-25T01:18:44.823Z
ca-sponsor-adopted-child--ga,ircc-ptime,CA,sponsorship,backward,ca-sponsor-adopted-child,Sponsorship: adopted child,GA,Gabon,Not enough data,,,insufficient_data,2026-09-22,2026-09-25T00:45:26.696Z,https://www.canada.ca/content/dam/ircc/documents/json/data-ptime-en.json,official,active,,,2026-09-25T01:18:44.823Z
ca-sponsor-adopted-child--gb,ircc-ptime,CA,sponsorship,backward,ca-sponsor-adopted-child,Sponsorship: adopted child,GB,United Kingdom,Not enough data,,,insufficient_data,2026-09-22,2026-09-25T00:45:26.696Z,https://www.canada.ca/content/dam/ircc/documents/json/data-ptime-en.json,official,active,,,2026-09-25T01:18:44.823Z
ca-sponsor-adopted-child--gd,ircc-ptime,CA,sponsorship,backward,ca-sponsor-adopted-child,Sponsorship: adopted child,GD,Grenada,Not enough data,,,insufficient_data,2026-09-22,2026-09-25T00:45:26.696Z,https://www.canada.ca/content/dam/ircc/documents/json/data-ptime-en.json,official,active,,,2026-09-25T01:18:44.823Z
ca-sponsor-adopted-child--ge,ircc-ptime,CA,sponsorship,backward,ca-sponsor-adopted-child,Sponsorship: adopted child,GE,Georgia,Not enough data,,,insufficient_data,2026-09-22,2026-09-25T00:45:26.696Z,https://www.canada.ca/content/dam/ircc/documents/json/data-ptime-en.json,official,active,,,2026-09-25T01:18:44.823Z
ca-sponsor-adopted-child--gh,ircc-ptime,CA,sponsorship,backward,ca-sponsor-adopted-child,Sponsorship: adopted child,GH,Ghana,Not enough data,,,insufficient_data,2026-09-22,2026-09-25T00:45:26.696Z,https://www.canada.ca/content/dam/ircc/documents/json/data-ptime-en.json,official,active,,,2026-09-25T01:18:44.823Z
ca-sponsor-adopted-child--gl,ircc-ptime,CA,sponsorship,backward,ca-sponsor-adopted-child,Sponsorship: adopted child,GL,Greenland,Not enough data,,,insufficient_data,2026-09-22,2026-09-25T00:45:26.696Z,https://www.canada.ca/content/dam/ircc/documents/json/data-ptime-en.json,official,active,,,2026-09-25T01:18:44.823Z
ca-sponsor-adopted-child--gm,ircc-ptime,CA,sponsorship,backward,ca-sponsor-adopted-child,Sponsorship: adopted child,GM,Gambia,Not enough data,,,insufficient_data,2026-09-22,2026-09-25T00:45:26.696Z,https://www.canada.ca/content/dam/ircc/documents/json/data-ptime-en.json,official,active,,,2026-09-25T01:18:44.823Z
ca-sponsor-adopted-child--gn,ircc-ptime,CA,sponsorship,backward,ca-sponsor-adopted-child,Sponsorship: adopted child,GN,Guinea,Not enough data,,,insufficient_data,2026-09-22,2026-09-25T00:45:26.696Z,https://www.canada.ca/content/dam/ircc/documents/json/data-ptime-en.json,official,active,,,2026-09-25T01:18:44.823Z
ca-sponsor-adopted-child--gq,ircc-ptime,CA,sponsorship,backward,ca-sponsor-adopted-child,Sponsorship: adopted child,GQ,Equatorial Guinea,Not enough data,,,insufficient_data,2026-09-22,2026-09-25T00:45:26.696Z,https://www.canada.ca/content/dam/ircc/documents/json/data-ptime-en.json,official,active,,,2026-09-25T01:18:44.823Z
ca-sponsor-adopted-child--gr,ircc-ptime,CA,sponsorship,backward,ca-sponsor-adopted-child,Sponsorship: adopted child,GR,Greece,Not enough data,,,insufficient_data,2026-09-22,2026-09-25T00:45:26.696Z,https://www.canada.ca/content/dam/ircc/documents/json/data-ptime-en.json,official,active,,,2026-09-25T01:18:44.823Z
ca-sponsor-adopted-child--gt,ircc-ptime,CA,sponsorship,backward,ca-sponsor-adopted-child,Sponsorship: adopted child,GT,Guatemala,Not enough data,,,insufficient_data,2026-09-22,2026-09-25T00:45:26.696Z,https://www.canada.ca/content/dam/ircc/documents/json/data-ptime-en.json,official,active,,,2026-09-25T01:18:44.823Z
ca-sponsor-adopted-child--gw,ircc-ptime,CA,sponsorship,backward,ca-sponsor-adopted-child,Sponsorship: adopted child,GW,Guinea-Bissau,Not enough data,,,insufficient_data,2026-09-22,2026-09-25T00:45:26.696Z,https://www.canada.ca/content/dam/ircc/documents/json/data-ptime-en.json,official,active,,,2026-09-25T01:18:44.823Z
ca-sponsor-adopted-child--gy,ircc-ptime,CA,sponsorship,backward,ca-sponsor-adopted-child,Sponsorship: adopted child,GY,Guyana,Not enough data,,,insufficient_data,2026-09-22,2026-09-25T00:45:26.696Z,https://www.canada.ca/content/dam/ircc/documents/json/data-ptime-en.json,official,active,,,2026-09-25T01:18:44.823Z
ca-sponsor-adopted-child--hk,ircc-ptime,CA,sponsorship,backward,ca-sponsor-adopted-child,Sponsorship: adopted child,HK,Hong Kong SAR China,Not enough data,,,insufficient_data,2026-09-22,2026-09-25T00:45:26.696Z,https://www.canada.ca/content/dam/ircc/documents/json/data-ptime-en.json,official,active,,,2026-09-25T01:18:44.823Z
ca-sponsor-adopted-child--hn,ircc-ptime,CA,sponsorship,backward,ca-sponsor-adopted-child,Sponsorship: adopted child,HN,Honduras,Not enough data,,,insufficient_data,2026-09-22,2026-09-25T00:45:26.696Z,https://www.canada.ca/content/dam/ircc/documents/json/data-ptime-en.json,official,active,,,2026-09-25T01:18:44.823Z
ca-sponsor-adopted-child--hr,ircc-ptime,CA,sponsorship,backward,ca-sponsor-adopted-child,Sponsorship: adopted child,HR,Croatia,Not enough data,,,insufficient_data,2026-09-22,2026-09-25T00:45:26.696Z,https://www.canada.ca/content/dam/ircc/documents/json/data-ptime-en.json,official,active,,,2026-09-25T01:18:44.823Z
ca-sponsor-adopted-child--ht,ircc-ptime,CA,sponsorship,backward,ca-sponsor-adopted-child,Sponsorship: adopted child,HT,Haiti,43 months,1308.92,months,ok,2026-09-22,2026-09-25T00:45:26.696Z,https://www.canada.ca/content/dam/ircc/documents/json/data-ptime-en.json,official,active,,,2026-09-25T01:18:44.823Z
ca-sponsor-adopted-child--hu,ircc-ptime,CA,sponsorship,backward,ca-sponsor-adopted-child,Sponsorship: adopted child,HU,Hungary,Not enough data,,,insufficient_data,2026-09-22,2026-09-25T00:45:26.696Z,https://www.canada.ca/content/dam/ircc/documents/json/data-ptime-en.json,official,active,,,2026-09-25T01:18:44.823Z
ca-sponsor-adopted-child--id,ircc-ptime,CA,sponsorship,backward,ca-sponsor-adopted-child,Sponsorship: adopted child,ID,Indonesia,Not enough data,,,insufficient_data,2026-09-22,2026-09-25T00:45:26.696Z,https://www.canada.ca/content/dam/ircc/documents/json/data-ptime-en.json,official,active,,,2026-09-25T01:18:44.823Z
ca-sponsor-adopted-child--ie,ircc-ptime,CA,sponsorship,backward,ca-sponsor-adopted-child,Sponsorship: adopted child,IE,Ireland,Not enough data,,,insufficient_data,2026-09-22,2026-09-25T00:45:26.696Z,https://www.canada.ca/content/dam/ircc/documents/json/data-ptime-en.json,official,active,,,2026-09-25T01:18:44.823Z
ca-sponsor-adopted-child--il,ircc-ptime,CA,sponsorship,backward,ca-sponsor-adopted-child,Sponsorship: adopted child,IL,Israel,Not enough data,,,insufficient_data,2026-09-22,2026-09-25T00:45:26.696Z,https://www.canada.ca/content/dam/ircc/documents/json/data-ptime-en.json,official,active,,,2026-09-25T01:18:44.823Z
ca-sponsor-adopted-child--in,ircc-ptime,CA,sponsorship,backward,ca-sponsor-adopted-child,Sponsorship: adopted child,IN,India,Not enough data,,,insufficient_data,2026-09-22,2026-09-25T00:45:26.696Z,https://www.canada.ca/content/dam/ircc/documents/json/data-ptime-en.json,official,active,,,2026-09-25T01:18:44.823Z
ca-sponsor-adopted-child--io,ircc-ptime,CA,sponsorship,backward,ca-sponsor-adopted-child,Sponsorship: adopted child,IO,British Indian Ocean Territory,Not enough data,,,insufficient_data,2026-09-22,2026-09-25T00:45:26.696Z,https://www.canada.ca/content/dam/ircc/documents/json/data-ptime-en.json,official,active,,,2026-09-25T01:18:44.823Z
ca-sponsor-adopted-child--iq,ircc-ptime,CA,sponsorship,backward,ca-sponsor-adopted-child,Sponsorship: adopted child,IQ,Iraq,Not enough data,,,insufficient_data,2026-09-22,2026-09-25T00:45:26.696Z,https://www.canada.ca/content/dam/ircc/documents/json/data-ptime-en.json,official,active,,,2026-09-25T01:18:44.823Z
ca-sponsor-adopted-child--ir,ircc-ptime,CA,sponsorship,backward,ca-sponsor-adopted-child,Sponsorship: adopted child,IR,Iran,Not enough data,,,insufficient_data,2026-09-22,2026-09-25T00:45:26.696Z,https://www.canada.ca/content/dam/ircc/documents/json/data-ptime-en.json,official,active,,,2026-09-25T01:18:44.823Z
ca-sponsor-adopted-child--is,ircc-ptime,CA,sponsorship,backward,ca-sponsor-adopted-child,Sponsorship: adopted child,IS,Iceland,Not enough data,,,insufficient_data,2026-09-22,2026-09-25T00:45:26.696Z,https://www.canada.ca/content/dam/ircc/documents/json/data-ptime-en.json,official,active,,,2026-09-25T01:18:44.823Z
ca-sponsor-adopted-child--it,ircc-ptime,CA,sponsorship,backward,ca-sponsor-adopted-child,Sponsorship: adopted child,IT,Italy,Not enough data,,,insufficient_data,2026-09-22,2026-09-25T00:45:26.696Z,https://www.canada.ca/content/dam/ircc/documents/json/data-ptime-en.json,official,active,,,2026-09-25T01:18:44.823Z
ca-sponsor-adopted-child--jm,ircc-ptime,CA,sponsorship,backward,ca-sponsor-adopted-child,Sponsorship: adopted child,JM,Jamaica,Not enough data,,,insufficient_data,2026-09-22,2026-09-25T00:45:26.696Z,https://www.canada.ca/content/dam/ircc/documents/json/data-ptime-en.json,official,active,,,2026-09-25T01:18:44.823Z
ca-sponsor-adopted-child--jo,ircc-ptime,CA,sponsorship,backward,ca-sponsor-adopted-child,Sponsorship: adopted child,JO,Jordan,Not enough data,,,insufficient_data,2026-09-22,2026-09-25T00:45:26.696Z,https://www.canada.ca/content/dam/ircc/documents/json/data-ptime-en.json,official,active,,,2026-09-25T01:18:44.823Z
ca-sponsor-adopted-child--jp,ircc-ptime,CA,sponsorship,backward,ca-sponsor-adopted-child,Sponsorship: adopted child,JP,Japan,Not enough data,,,insufficient_data,2026-09-22,2026-09-25T00:45:26.696Z,https://www.canada.ca/content/dam/ircc/documents/json/data-ptime-en.json,official,active,,,2026-09-25T01:18:44.823Z
ca-sponsor-adopted-child--ke,ircc-ptime,CA,sponsorship,backward,ca-sponsor-adopted-child,Sponsorship: adopted child,KE,Kenya,Not enough data,,,insufficient_data,2026-09-22,2026-09-25T00:45:26.696Z,https://www.canada.ca/content/dam/ircc/documents/json/data-ptime-en.json,official,active,,,2026-09-25T01:18:44.823Z
ca-sponsor-adopted-child--kg,ircc-ptime,CA,sponsorship,backward,ca-sponsor-adopted-child,Sponsorship: adopted child,KG,Kyrgyzstan,Not enough data,,,insufficient_data,2026-09-22,2026-09-25T00:45:26.696Z,https://www.canada.ca/content/dam/ircc/documents/json/data-ptime-en.json,official,active,,,2026-09-25T01:18:44.823Z
ca-sponsor-adopted-child--kh,ircc-ptime,CA,sponsorship,backward,ca-sponsor-adopted-child,Sponsorship: adopted child,KH,Cambodia,Not enough data,,,insufficient_data,2026-09-22,2026-09-25T00:45:26.696Z,https://www.canada.ca/content/dam/ircc/documents/json/data-ptime-en.json,official,active,,,2026-09-25T01:18:44.823Z
ca-sponsor-adopted-child--ki,ircc-ptime,CA,sponsorship,backward,ca-sponsor-adopted-child,Sponsorship: adopted child,KI,Kiribati,Not enough data,,,insufficient_data,2026-09-22,2026-09-25T00:45:26.696Z,https://www.canada.ca/content/dam/ircc/documents/json/data-ptime-en.json,official,active,,,2026-09-25T01:18:44.823Z
ca-sponsor-adopted-child--km,ircc-ptime,CA,sponsorship,backward,ca-sponsor-adopted-child,Sponsorship: adopted child,KM,Comoros,Not enough data,,,insufficient_data,2026-09-22,2026-09-25T00:45:26.696Z,https://www.canada.ca/content/dam/ircc/documents/json/data-ptime-en.json,official,active,,,2026-09-25T01:18:44.823Z
ca-sponsor-adopted-child--kn,ircc-ptime,CA,sponsorship,backward,ca-sponsor-adopted-child,Sponsorship: adopted child,KN,St. Kitts & Nevis,Not enough data,,,insufficient_data,2026-09-22,2026-09-25T00:45:26.696Z,https://www.canada.ca/content/dam/ircc/documents/json/data-ptime-en.json,official,active,,,2026-09-25T01:18:44.823Z
ca-sponsor-adopted-child--kp,ircc-ptime,CA,sponsorship,backward,ca-sponsor-adopted-child,Sponsorship: adopted child,KP,North Korea,Not enough data,,,insufficient_data,2026-09-22,2026-09-25T00:45:26.696Z,https://www.canada.ca/content/dam/ircc/documents/json/data-ptime-en.json,official,active,,,2026-09-25T01:18:44.823Z
ca-sponsor-adopted-child--kr,ircc-ptime,CA,sponsorship,backward,ca-sponsor-adopted-child,Sponsorship: adopted child,KR,South Korea,Not enough data,,,insufficient_data,2026-09-22,2026-09-25T00:45:26.696Z,https://www.canada.ca/content/dam/ircc/documents/json/data-ptime-en.json,official,active,,,2026-09-25T01:18:44.823Z
ca-sponsor-adopted-child--kw,ircc-ptime,CA,sponsorship,backward,ca-sponsor-adopted-child,Sponsorship: adopted child,KW,Kuwait,Not enough data,,,insufficient_data,2026-09-22,2026-09-25T00:45:26.696Z,https://www.canada.ca/content/dam/ircc/documents/json/data-ptime-en.json,official,active,,,2026-09-25T01:18:44.823Z
ca-sponsor-adopted-child--ky,ircc-ptime,CA,sponsorship,backward,ca-sponsor-adopted-child,Sponsorship: adopted child,KY,Cayman Islands,Not enough data,,,insufficient_data,2026-09-22,2026-09-25T00:45:26.696Z,https://www.canada.ca/content/dam/ircc/documents/json/data-ptime-en.json,official,active,,,2026-09-25T01:18:44.823Z
ca-sponsor-adopted-child--kz,ircc-ptime,CA,sponsorship,backward,ca-sponsor-adopted-child,Sponsorship: adopted child,KZ,Kazakhstan,Not enough data,,,insufficient_data,2026-09-22,2026-09-25T00:45:26.696Z,https://www.canada.ca/content/dam/ircc/documents/json/data-ptime-en.json,official,active,,,2026-09-25T01:18:44.823Z
ca-sponsor-adopted-child--la,ircc-ptime,CA,sponsorship,backward,ca-sponsor-adopted-child,Sponsorship: adopted child,LA,Laos,Not enough data,,,insufficient_data,2026-09-22,2026-09-25T00:45:26.696Z,https://www.canada.ca/content/dam/ircc/documents/json/data-ptime-en.json,official,active,,,2026-09-25T01:18:44.823Z
ca-sponsor-adopted-child--lb,ircc-ptime,CA,sponsorship,backward,ca-sponsor-adopted-child,Sponsorship: adopted child,LB,Lebanon,Not enough data,,,insufficient_data,2026-09-22,2026-09-25T00:45:26.696Z,https://www.canada.ca/content/dam/ircc/documents/json/data-ptime-en.json,official,active,,,2026-09-25T01:18:44.823Z
ca-sponsor-adopted-child--lc,ircc-ptime,CA,sponsorship,backward,ca-sponsor-adopted-child,Sponsorship: adopted child,LC,St. Lucia,Not enough data,,,insufficient_data,2026-09-22,2026-09-25T00:45:26.696Z,https://www.canada.ca/content/dam/ircc/documents/json/data-ptime-en.json,official,active,,,2026-09-25T01:18:44.823Z
ca-sponsor-adopted-child--li,ircc-ptime,CA,sponsorship,backward,ca-sponsor-adopted-child,Sponsorship: adopted child,LI,Liechtenstein,Not enough data,,,insufficient_data,2026-09-22,2026-09-25T00:45:26.696Z,https://www.canada.ca/content/dam/ircc/documents/json/data-ptime-en.json,official,active,,,2026-09-25T01:18:44.823Z
ca-sponsor-adopted-child--lk,ircc-ptime,CA,sponsorship,backward,ca-sponsor-adopted-child,Sponsorship: adopted child,LK,Sri Lanka,Not enough data,,,insufficient_data,2026-09-22,2026-09-25T00:45:26.696Z,https://www.canada.ca/content/dam/ircc/documents/json/data-ptime-en.json,official,active,,,2026-09-25T01:18:44.823Z
ca-sponsor-adopted-child--lr,ircc-ptime,CA,sponsorship,backward,ca-sponsor-adopted-child,Sponsorship: adopted child,LR,Liberia,Not enough data,,,insufficient_data,2026-09-22,2026-09-25T00:45:26.696Z,https://www.canada.ca/content/dam/ircc/documents/json/data-ptime-en.json,official,active,,,2026-09-25T01:18:44.823Z
ca-sponsor-adopted-child--ls,ircc-ptime,CA,sponsorship,backward,ca-sponsor-adopted-child,Sponsorship: adopted child,LS,Lesotho,Not enough data,,,insufficient_data,2026-09-22,2026-09-25T00:45:26.696Z,https://www.canada.ca/content/dam/ircc/documents/json/data-ptime-en.json,official,active,,,2026-09-25T01:18:44.823Z
ca-sponsor-adopted-child--lt,ircc-ptime,CA,sponsorship,backward,ca-sponsor-adopted-child,Sponsorship: adopted child,LT,Lithuania,Not enough data,,,insufficient_data,2026-09-22,2026-09-25T00:45:26.696Z,https://www.canada.ca/content/dam/ircc/documents/json/data-ptime-en.json,official,active,,,2026-09-25T01:18:44.823Z
ca-sponsor-adopted-child--lu,ircc-ptime,CA,sponsorship,backward,ca-sponsor-adopted-child,Sponsorship: adopted child,LU,Luxembourg,Not enough data,,,insufficient_data,2026-09-22,2026-09-25T00:45:26.696Z,https://www.canada.ca/content/dam/ircc/documents/json/data-ptime-en.json,official,active,,,2026-09-25T01:18:44.823Z
ca-sponsor-adopted-child--lv,ircc-ptime,CA,sponsorship,backward,ca-sponsor-adopted-child,Sponsorship: adopted child,LV,Latvia,Not enough data,,,insufficient_data,2026-09-22,2026-09-25T00:45:26.696Z,https://www.canada.ca/content/dam/ircc/documents/json/data-ptime-en.json,official,active,,,2026-09-25T01:18:44.823Z
ca-sponsor-adopted-child--ly,ircc-ptime,CA,sponsorship,backward,ca-sponsor-adopted-child,Sponsorship: adopted child,LY,Libya,Not enough data,,,insufficient_data,2026-09-22,2026-09-25T00:45:26.696Z,https://www.canada.ca/content/dam/ircc/documents/json/data-ptime-en.json,official,active,,,2026-09-25T01:18:44.823Z
ca-sponsor-adopted-child--ma,ircc-ptime,CA,sponsorship,backward,ca-sponsor-adopted-child,Sponsorship: adopted child,MA,Morocco,Not enough data,,,insufficient_data,2026-09-22,2026-09-25T00:45:26.696Z,https://www.canada.ca/content/dam/ircc/documents/json/data-ptime-en.json,official,active,,,2026-09-25T01:18:44.823Z
ca-sponsor-adopted-child--mc,ircc-ptime,CA,sponsorship,backward,ca-sponsor-adopted-child,Sponsorship: adopted child,MC,Monaco,Not enough data,,,insufficient_data,2026-09-22,2026-09-25T00:45:26.696Z,https://www.canada.ca/content/dam/ircc/documents/json/data-ptime-en.json,official,active,,,2026-09-25T01:18:44.823Z
ca-sponsor-adopted-child--md,ircc-ptime,CA,sponsorship,backward,ca-sponsor-adopted-child,Sponsorship: adopted child,MD,Moldova,Not enough data,,,insufficient_data,2026-09-22,2026-09-25T00:45:26.696Z,https://www.canada.ca/content/dam/ircc/documents/json/data-ptime-en.json,official,active,,,2026-09-25T01:18:44.823Z
ca-sponsor-adopted-child--me,ircc-ptime,CA,sponsorship,backward,ca-sponsor-adopted-child,Sponsorship: adopted child,ME,Montenegro,Not enough data,,,insufficient_data,2026-09-22,2026-09-25T00:45:26.696Z,https://www.canada.ca/content/dam/ircc/documents/json/data-ptime-en.json,official,active,,,2026-09-25T01:18:44.823Z
ca-sponsor-adopted-child--mg,ircc-ptime,CA,sponsorship,backward,ca-sponsor-adopted-child,Sponsorship: adopted child,MG,Madagascar,Not enough data,,,insufficient_data,2026-09-22,2026-09-25T00:45:26.696Z,https://www.canada.ca/content/dam/ircc/documents/json/data-ptime-en.json,official,active,,,2026-09-25T01:18:44.823Z
ca-sponsor-adopted-child--mh,ircc-ptime,CA,sponsorship,backward,ca-sponsor-adopted-child,Sponsorship: adopted child,MH,Marshall Islands,Not enough data,,,insufficient_data,2026-09-22,2026-09-25T00:45:26.696Z,https://www.canada.ca/content/dam/ircc/documents/json/data-ptime-en.json,official,active,,,2026-09-25T01:18:44.823Z
ca-sponsor-adopted-child--mk,ircc-ptime,CA,sponsorship,backward,ca-sponsor-adopted-child,Sponsorship: adopted child,MK,North Macedonia,Not enough data,,,insufficient_data,2026-09-22,2026-09-25T00:45:26.696Z,https://www.canada.ca/content/dam/ircc/documents/json/data-ptime-en.json,official,active,,,2026-09-25T01:18:44.823Z
ca-sponsor-adopted-child--ml,ircc-ptime,CA,sponsorship,backward,ca-sponsor-adopted-child,Sponsorship: adopted child,ML,Mali,Not enough data,,,insufficient_data,2026-09-22,2026-09-25T00:45:26.696Z,https://www.canada.ca/content/dam/ircc/documents/json/data-ptime-en.json,official,active,,,2026-09-25T01:18:44.823Z
ca-sponsor-adopted-child--mm,ircc-ptime,CA,sponsorship,backward,ca-sponsor-adopted-child,Sponsorship: adopted child,MM,Myanmar (Burma),Not enough data,,,insufficient_data,2026-09-22,2026-09-25T00:45:26.696Z,https://www.canada.ca/content/dam/ircc/documents/json/data-ptime-en.json,official,active,,,2026-09-25T01:18:44.823Z
ca-sponsor-adopted-child--mn,ircc-ptime,CA,sponsorship,backward,ca-sponsor-adopted-child,Sponsorship: adopted child,MN,Mongolia,Not enough data,,,insufficient_data,2026-09-22,2026-09-25T00:45:26.696Z,https://www.canada.ca/content/dam/ircc/documents/json/data-ptime-en.json,official,active,,,2026-09-25T01:18:44.823Z
ca-sponsor-adopted-child--mo,ircc-ptime,CA,sponsorship,backward,ca-sponsor-adopted-child,Sponsorship: adopted child,MO,Macao SAR China,Not enough data,,,insufficient_data,2026-09-22,2026-09-25T00:45:26.696Z,https://www.canada.ca/content/dam/ircc/documents/json/data-ptime-en.json,official,active,,,2026-09-25T01:18:44.823Z
ca-sponsor-adopted-child--mq,ircc-ptime,CA,sponsorship,backward,ca-sponsor-adopted-child,Sponsorship: adopted child,MQ,Martinique,Not enough data,,,insufficient_data,2026-09-22,2026-09-25T00:45:26.696Z,https://www.canada.ca/content/dam/ircc/documents/json/data-ptime-en.json,official,active,,,2026-09-25T01:18:44.823Z
ca-sponsor-adopted-child--mr,ircc-ptime,CA,sponsorship,backward,ca-sponsor-adopted-child,Sponsorship: adopted child,MR,Mauritania,Not enough data,,,insufficient_data,2026-09-22,2026-09-25T00:45:26.696Z,https://www.canada.ca/content/dam/ircc/documents/json/data-ptime-en.json,official,active,,,2026-09-25T01:18:44.823Z
ca-sponsor-adopted-child--mt,ircc-ptime,CA,sponsorship,backward,ca-sponsor-adopted-child,Sponsorship: adopted child,MT,Malta,Not enough data,,,insufficient_data,2026-09-22,2026-09-25T00:45:26.696Z,https://www.canada.ca/content/dam/ircc/documents/json/data-ptime-en.json,official,active,,,2026-09-25T01:18:44.823Z
ca-sponsor-adopted-child--mu,ircc-ptime,CA,sponsorship,backward,ca-sponsor-adopted-child,Sponsorship: adopted child,MU,Mauritius,Not enough data,,,insufficient_data,2026-09-22,2026-09-25T00:45:26.696Z,https://www.canada.ca/content/dam/ircc/documents/json/data-ptime-en.json,official,active,,,2026-09-25T01:18:44.823Z
ca-sponsor-adopted-child--mv,ircc-ptime,CA,sponsorship,backward,ca-sponsor-adopted-child,Sponsorship: adopted child,MV,Maldives,Not enough data,,,insufficient_data,2026-09-22,2026-09-25T00:45:26.696Z,https://www.canada.ca/content/dam/ircc/documents/json/data-ptime-en.json,official,active,,,2026-09-25T01:18:44.823Z
ca-sponsor-adopted-child--mw,ircc-ptime,CA,sponsorship,backward,ca-sponsor-adopted-child,Sponsorship: adopted child,MW,Malawi,Not enough data,,,insufficient_data,2026-09-22,2026-09-25T00:45:26.696Z,https://www.canada.ca/content/dam/ircc/documents/json/data-ptime-en.json,official,active,,,2026-09-25T01:18:44.823Z
ca-sponsor-adopted-child--mx,ircc-ptime,CA,sponsorship,backward,ca-sponsor-adopted-child,Sponsorship: adopted child,MX,Mexico,Not enough data,,,insufficient_data,2026-09-22,2026-09-25T00:45:26.696Z,https://www.canada.ca/content/dam/ircc/documents/json/data-ptime-en.json,official,active,,,2026-09-25T01:18:44.823Z
ca-sponsor-adopted-child--my,ircc-ptime,CA,sponsorship,backward,ca-sponsor-adopted-child,Sponsorship: adopted child,MY,Malaysia,Not enough data,,,insufficient_data,2026-09-22,2026-09-25T00:45:26.696Z,https://www.canada.ca/content/dam/ircc/documents/json/data-ptime-en.json,official,active,,,2026-09-25T01:18:44.823Z
ca-sponsor-adopted-child--mz,ircc-ptime,CA,sponsorship,backward,ca-sponsor-adopted-child,Sponsorship: adopted child,MZ,Mozambique,Not enough data,,,insufficient_data,2026-09-22,2026-09-25T00:45:26.696Z,https://www.canada.ca/content/dam/ircc/documents/json/data-ptime-en.json,official,active,,,2026-09-25T01:18:44.823Z
ca-sponsor-adopted-child--na,ircc-ptime,CA,sponsorship,backward,ca-sponsor-adopted-child,Sponsorship: adopted child,NA,Namibia,Not enough data,,,insufficient_data,2026-09-22,2026-09-25T00:45:26.696Z,https://www.canada.ca/content/dam/ircc/documents/json/data-ptime-en.json,official,active,,,2026-09-25T01:18:44.823Z
ca-sponsor-adopted-child--nc,ircc-ptime,CA,sponsorship,backward,ca-sponsor-adopted-child,Sponsorship: adopted child,NC,New Caledonia,Not enough data,,,insufficient_data,2026-09-22,2026-09-25T00:45:26.696Z,https://www.canada.ca/content/dam/ircc/documents/json/data-ptime-en.json,official,active,,,2026-09-25T01:18:44.823Z
ca-sponsor-adopted-child--ne,ircc-ptime,CA,sponsorship,backward,ca-sponsor-adopted-child,Sponsorship: adopted child,NE,Niger,Not enough data,,,insufficient_data,2026-09-22,2026-09-25T00:45:26.696Z,https://www.canada.ca/content/dam/ircc/documents/json/data-ptime-en.json,official,active,,,2026-09-25T01:18:44.823Z
ca-sponsor-adopted-child--ng,ircc-ptime,CA,sponsorship,backward,ca-sponsor-adopted-child,Sponsorship: adopted child,NG,Nigeria,Not enough data,,,insufficient_data,2026-09-22,2026-09-25T00:45:26.696Z,https://www.canada.ca/content/dam/ircc/documents/json/data-ptime-en.json,official,active,,,2026-09-25T01:18:44.823Z
ca-sponsor-adopted-child--ni,ircc-ptime,CA,sponsorship,backward,ca-sponsor-adopted-child,Sponsorship: adopted child,NI,Nicaragua,Not enough data,,,insufficient_data,2026-09-22,2026-09-25T00:45:26.696Z,https://www.canada.ca/content/dam/ircc/documents/json/data-ptime-en.json,official,active,,,2026-09-25T01:18:44.823Z
ca-sponsor-adopted-child--nl,ircc-ptime,CA,sponsorship,backward,ca-sponsor-adopted-child,Sponsorship: adopted child,NL,Netherlands,Not enough data,,,insufficient_data,2026-09-22,2026-09-25T00:45:26.696Z,https://www.canada.ca/content/dam/ircc/documents/json/data-ptime-en.json,official,active,,,2026-09-25T01:18:44.823Z
ca-sponsor-adopted-child--no,ircc-ptime,CA,sponsorship,backward,ca-sponsor-adopted-child,Sponsorship: adopted child,NO,Norway,Not enough data,,,insufficient_data,2026-09-22,2026-09-25T00:45:26.696Z,https://www.canada.ca/content/dam/ircc/documents/json/data-ptime-en.json,official,active,,,2026-09-25T01:18:44.823Z
ca-sponsor-adopted-child--np,ircc-ptime,CA,sponsorship,backward,ca-sponsor-adopted-child,Sponsorship: adopted child,NP,Nepal,Not enough data,,,insufficient_data,2026-09-22,2026-09-25T00:45:26.696Z,https://www.canada.ca/content/dam/ircc/documents/json/data-ptime-en.json,official,active,,,2026-09-25T01:18:44.823Z
ca-sponsor-adopted-child--nr,ircc-ptime,CA,sponsorship,backward,ca-sponsor-adopted-child,Sponsorship: adopted child,NR,Nauru,Not enough data,,,insufficient_data,2026-09-22,2026-09-25T00:45:26.696Z,https://www.canada.ca/content/dam/ircc/documents/json/data-ptime-en.json,official,active,,,2026-09-25T01:18:44.823Z
ca-sponsor-adopted-child--nz,ircc-ptime,CA,sponsorship,backward,ca-sponsor-adopted-child,Sponsorship: adopted child,NZ,New Zealand,Not enough data,,,insufficient_data,2026-09-22,2026-09-25T00:45:26.696Z,https://www.canada.ca/content/dam/ircc/documents/json/data-ptime-en.json,official,active,,,2026-09-25T01:18:44.823Z
ca-sponsor-adopted-child--om,ircc-ptime,CA,sponsorship,backward,ca-sponsor-adopted-child,Sponsorship: adopted child,OM,Oman,Not enough data,,,insufficient_data,2026-09-22,2026-09-25T00:45:26.696Z,https://www.canada.ca/content/dam/ircc/documents/json/data-ptime-en.json,official,active,,,2026-09-25T01:18:44.823Z
ca-sponsor-adopted-child--pa,ircc-ptime,CA,sponsorship,backward,ca-sponsor-adopted-child,Sponsorship: adopted child,PA,Panama,Not enough data,,,insufficient_data,2026-09-22,2026-09-25T00:45:26.696Z,https://www.canada.ca/content/dam/ircc/documents/json/data-ptime-en.json,official,active,,,2026-09-25T01:18:44.823Z
ca-sponsor-adopted-child--pe,ircc-ptime,CA,sponsorship,backward,ca-sponsor-adopted-child,Sponsorship: adopted child,PE,Peru,Not enough data,,,insufficient_data,2026-09-22,2026-09-25T00:45:26.696Z,https://www.canada.ca/content/dam/ircc/documents/json/data-ptime-en.json,official,active,,,2026-09-25T01:18:44.823Z
ca-sponsor-adopted-child--pf,ircc-ptime,CA,sponsorship,backward,ca-sponsor-adopted-child,Sponsorship: adopted child,PF,French Polynesia,Not enough data,,,insufficient_data,2026-09-22,2026-09-25T00:45:26.696Z,https://www.canada.ca/content/dam/ircc/documents/json/data-ptime-en.json,official,active,,,2026-09-25T01:18:44.823Z
ca-sponsor-adopted-child--pg,ircc-ptime,CA,sponsorship,backward,ca-sponsor-adopted-child,Sponsorship: adopted child,PG,Papua New Guinea,Not enough data,,,insufficient_data,2026-09-22,2026-09-25T00:45:26.696Z,https://www.canada.ca/content/dam/ircc/documents/json/data-ptime-en.json,official,active,,,2026-09-25T01:18:44.823Z
ca-sponsor-adopted-child--ph,ircc-ptime,CA,sponsorship,backward,ca-sponsor-adopted-child,Sponsorship: adopted child,PH,Philippines,15 months,456.6,months,ok,2026-09-22,2026-09-25T00:45:26.696Z,https://www.canada.ca/content/dam/ircc/documents/json/data-ptime-en.json,official,active,,,2026-09-25T01:18:44.823Z
ca-sponsor-adopted-child--pk,ircc-ptime,CA,sponsorship,backward,ca-sponsor-adopted-child,Sponsorship: adopted child,PK,Pakistan,Not enough data,,,insufficient_data,2026-09-22,2026-09-25T00:45:26.696Z,https://www.canada.ca/content/dam/ircc/documents/json/data-ptime-en.json,official,active,,,2026-09-25T01:18:44.823Z
ca-sponsor-adopted-child--pl,ircc-ptime,CA,sponsorship,backward,ca-sponsor-adopted-child,Sponsorship: adopted child,PL,Poland,Not enough data,,,insufficient_data,2026-09-22,2026-09-25T00:45:26.696Z,https://www.canada.ca/content/dam/ircc/documents/json/data-ptime-en.json,official,active,,,2026-09-25T01:18:44.823Z
ca-sponsor-adopted-child--pr,ircc-ptime,CA,sponsorship,backward,ca-sponsor-adopted-child,Sponsorship: adopted child,PR,Puerto Rico,Not enough data,,,insufficient_data,2026-09-22,2026-09-25T00:45:26.696Z,https://www.canada.ca/content/dam/ircc/documents/json/data-ptime-en.json,official,active,,,2026-09-25T01:18:44.823Z
ca-sponsor-adopted-child--ps,ircc-ptime,CA,sponsorship,backward,ca-sponsor-adopted-child,Sponsorship: adopted child,PS,Palestinian Territories,Not enough data,,,insufficient_data,2026-09-22,2026-09-25T00:45:26.696Z,https://www.canada.ca/content/dam/ircc/documents/json/data-ptime-en.json,official,active,,,2026-09-25T01:18:44.823Z
ca-sponsor-adopted-child--pt,ircc-ptime,CA,sponsorship,backward,ca-sponsor-adopted-child,Sponsorship: adopted child,PT,Portugal,Not enough data,,,insufficient_data,2026-09-22,2026-09-25T00:45:26.696Z,https://www.canada.ca/content/dam/ircc/documents/json/data-ptime-en.json,official,active,,,2026-09-25T01:18:44.823Z
ca-sponsor-adopted-child--py,ircc-ptime,CA,sponsorship,backward,ca-sponsor-adopted-child,Sponsorship: adopted child,PY,Paraguay,Not enough data,,,insufficient_data,2026-09-22,2026-09-25T00:45:26.696Z,https://www.canada.ca/content/dam/ircc/documents/json/data-ptime-en.json,official,active,,,2026-09-25T01:18:44.823Z
ca-sponsor-adopted-child--qa,ircc-ptime,CA,sponsorship,backward,ca-sponsor-adopted-child,Sponsorship: adopted child,QA,Qatar,Not enough data,,,insufficient_data,2026-09-22,2026-09-25T00:45:26.696Z,https://www.canada.ca/content/dam/ircc/documents/json/data-ptime-en.json,official,active,,,2026-09-25T01:18:44.823Z
ca-sponsor-adopted-child--ro,ircc-ptime,CA,sponsorship,backward,ca-sponsor-adopted-child,Sponsorship: adopted child,RO,Romania,Not enough data,,,insufficient_data,2026-09-22,2026-09-25T00:45:26.696Z,https://www.canada.ca/content/dam/ircc/documents/json/data-ptime-en.json,official,active,,,2026-09-25T01:18:44.823Z
ca-sponsor-adopted-child--rs,ircc-ptime,CA,sponsorship,backward,ca-sponsor-adopted-child,Sponsorship: adopted child,RS,Serbia,Not enough data,,,insufficient_data,2026-09-22,2026-09-25T00:45:26.696Z,https://www.canada.ca/content/dam/ircc/documents/json/data-ptime-en.json,official,active,,,2026-09-25T01:18:44.823Z
ca-sponsor-adopted-child--ru,ircc-ptime,CA,sponsorship,backward,ca-sponsor-adopted-child,Sponsorship: adopted child,RU,Russia,Not enough data,,,insufficient_data,2026-09-22,2026-09-25T00:45:26.696Z,https://www.canada.ca/content/dam/ircc/documents/json/data-ptime-en.json,official,active,,,2026-09-25T01:18:44.823Z
ca-sponsor-adopted-child--rw,ircc-ptime,CA,sponsorship,backward,ca-sponsor-adopted-child,Sponsorship: adopted child,RW,Rwanda,Not enough data,,,insufficient_data,2026-09-22,2026-09-25T00:45:26.696Z,https://www.canada.ca/content/dam/ircc/documents/json/data-ptime-en.json,official,active,,,2026-09-25T01:18:44.823Z
ca-sponsor-adopted-child--sa,ircc-ptime,CA,sponsorship,backward,ca-sponsor-adopted-child,Sponsorship: adopted child,SA,Saudi Arabia,Not enough data,,,insufficient_data,2026-09-22,2026-09-25T00:45:26.696Z,https://www.canada.ca/content/dam/ircc/documents/json/data-ptime-en.json,official,active,,,2026-09-25T01:18:44.823Z
ca-sponsor-adopted-child--sb,ircc-ptime,CA,sponsorship,backward,ca-sponsor-adopted-child,Sponsorship: adopted child,SB,Solomon Islands,Not enough data,,,insufficient_data,2026-09-22,2026-09-25T00:45:26.696Z,https://www.canada.ca/content/dam/ircc/documents/json/data-ptime-en.json,official,active,,,2026-09-25T01:18:44.823Z
ca-sponsor-adopted-child--sc,ircc-ptime,CA,sponsorship,backward,ca-sponsor-adopted-child,Sponsorship: adopted child,SC,Seychelles,Not enough data,,,insufficient_data,2026-09-22,2026-09-25T00:45:26.696Z,https://www.canada.ca/content/dam/ircc/documents/json/data-ptime-en.json,official,active,,,2026-09-25T01:18:44.823Z
ca-sponsor-adopted-child--sd,ircc-ptime,CA,sponsorship,backward,ca-sponsor-adopted-child,Sponsorship: adopted child,SD,Sudan,Not enough data,,,insufficient_data,2026-09-22,2026-09-25T00:45:26.696Z,https://www.canada.ca/content/dam/ircc/documents/json/data-ptime-en.json,official,active,,,2026-09-25T01:18:44.823Z
ca-sponsor-adopted-child--se,ircc-ptime,CA,sponsorship,backward,ca-sponsor-adopted-child,Sponsorship: adopted child,SE,Sweden,Not enough data,,,insufficient_data,2026-09-22,2026-09-25T00:45:26.696Z,https://www.canada.ca/content/dam/ircc/documents/json/data-ptime-en.json,official,active,,,2026-09-25T01:18:44.823Z
ca-sponsor-adopted-child--sg,ircc-ptime,CA,sponsorship,backward,ca-sponsor-adopted-child,Sponsorship: adopted child,SG,Singapore,Not enough data,,,insufficient_data,2026-09-22,2026-09-25T00:45:26.696Z,https://www.canada.ca/content/dam/ircc/documents/json/data-ptime-en.json,official,active,,,2026-09-25T01:18:44.823Z
ca-sponsor-adopted-child--si,ircc-ptime,CA,sponsorship,backward,ca-sponsor-adopted-child,Sponsorship: adopted child,SI,Slovenia,Not enough data,,,insufficient_data,2026-09-22,2026-09-25T00:45:26.696Z,https://www.canada.ca/content/dam/ircc/documents/json/data-ptime-en.json,official,active,,,2026-09-25T01:18:44.823Z
ca-sponsor-adopted-child--sk,ircc-ptime,CA,sponsorship,backward,ca-sponsor-adopted-child,Sponsorship: adopted child,SK,Slovakia,Not enough data,,,insufficient_data,2026-09-22,2026-09-25T00:45:26.696Z,https://www.canada.ca/content/dam/ircc/documents/json/data-ptime-en.json,official,active,,,2026-09-25T01:18:44.823Z
ca-sponsor-adopted-child--sl,ircc-ptime,CA,sponsorship,backward,ca-sponsor-adopted-child,Sponsorship: adopted child,SL,Sierra Leone,Not enough data,,,insufficient_data,2026-09-22,2026-09-25T00:45:26.696Z,https://www.canada.ca/content/dam/ircc/documents/json/data-ptime-en.json,official,active,,,2026-09-25T01:18:44.823Z
ca-sponsor-adopted-child--sm,ircc-ptime,CA,sponsorship,backward,ca-sponsor-adopted-child,Sponsorship: adopted child,SM,San Marino,Not enough data,,,insufficient_data,2026-09-22,2026-09-25T00:45:26.696Z,https://www.canada.ca/content/dam/ircc/documents/json/data-ptime-en.json,official,active,,,2026-09-25T01:18:44.823Z
ca-sponsor-adopted-child--sn,ircc-ptime,CA,sponsorship,backward,ca-sponsor-adopted-child,Sponsorship: adopted child,SN,Senegal,Not enough data,,,insufficient_data,2026-09-22,2026-09-25T00:45:26.696Z,https://www.canada.ca/content/dam/ircc/documents/json/data-ptime-en.json,official,active,,,2026-09-25T01:18:44.823Z
ca-sponsor-adopted-child--so,ircc-ptime,CA,sponsorship,backward,ca-sponsor-adopted-child,Sponsorship: adopted child,SO,Somalia,Not enough data,,,insufficient_data,2026-09-22,2026-09-25T00:45:26.696Z,https://www.canada.ca/content/dam/ircc/documents/json/data-ptime-en.json,official,active,,,2026-09-25T01:18:44.823Z
ca-sponsor-adopted-child--sr,ircc-ptime,CA,sponsorship,backward,ca-sponsor-adopted-child,Sponsorship: adopted child,SR,Suriname,Not enough data,,,insufficient_data,2026-09-22,2026-09-25T00:45:26.696Z,https://www.canada.ca/content/dam/ircc/documents/json/data-ptime-en.json,official,active,,,2026-09-25T01:18:44.823Z
ca-sponsor-adopted-child--ss,ircc-ptime,CA,sponsorship,backward,ca-sponsor-adopted-child,Sponsorship: adopted child,SS,South Sudan,Not enough data,,,insufficient_data,2026-09-22,2026-09-25T00:45:26.696Z,https://www.canada.ca/content/dam/ircc/documents/json/data-ptime-en.json,official,active,,,2026-09-25T01:18:44.823Z
ca-sponsor-adopted-child--st,ircc-ptime,CA,sponsorship,backward,ca-sponsor-adopted-child,Sponsorship: adopted child,ST,São Tomé & Príncipe,Not enough data,,,insufficient_data,2026-09-22,2026-09-25T00:45:26.696Z,https://www.canada.ca/content/dam/ircc/documents/json/data-ptime-en.json,official,active,,,2026-09-25T01:18:44.823Z
ca-sponsor-adopted-child--sv,ircc-ptime,CA,sponsorship,backward,ca-sponsor-adopted-child,Sponsorship: adopted child,SV,El Salvador,Not enough data,,,insufficient_data,2026-09-22,2026-09-25T00:45:26.696Z,https://www.canada.ca/content/dam/ircc/documents/json/data-ptime-en.json,official,active,,,2026-09-25T01:18:44.823Z
ca-sponsor-adopted-child--sy,ircc-ptime,CA,sponsorship,backward,ca-sponsor-adopted-child,Sponsorship: adopted child,SY,Syria,Not enough data,,,insufficient_data,2026-09-22,2026-09-25T00:45:26.696Z,https://www.canada.ca/content/dam/ircc/documents/json/data-ptime-en.json,official,active,,,2026-09-25T01:18:44.823Z
ca-sponsor-adopted-child--sz,ircc-ptime,CA,sponsorship,backward,ca-sponsor-adopted-child,Sponsorship: adopted child,SZ,Eswatini,Not enough data,,,insufficient_data,2026-09-22,2026-09-25T00:45:26.696Z,https://www.canada.ca/content/dam/ircc/documents/json/data-ptime-en.json,official,active,,,2026-09-25T01:18:44.823Z
ca-sponsor-adopted-child--tc,ircc-ptime,CA,sponsorship,backward,ca-sponsor-adopted-child,Sponsorship: adopted child,TC,Turks & Caicos Islands,Not enough data,,,insufficient_data,2026-09-22,2026-09-25T00:45:26.696Z,https://www.canada.ca/content/dam/ircc/documents/json/data-ptime-en.json,official,active,,,2026-09-25T01:18:44.823Z
ca-sponsor-adopted-child--td,ircc-ptime,CA,sponsorship,backward,ca-sponsor-adopted-child,Sponsorship: adopted child,TD,Chad,Not enough data,,,insufficient_data,2026-09-22,2026-09-25T00:45:26.696Z,https://www.canada.ca/content/dam/ircc/documents/json/data-ptime-en.json,official,active,,,2026-09-25T01:18:44.823Z
ca-sponsor-adopted-child--tg,ircc-ptime,CA,sponsorship,backward,ca-sponsor-adopted-child,Sponsorship: adopted child,TG,Togo,Not enough data,,,insufficient_data,2026-09-22,2026-09-25T00:45:26.696Z,https://www.canada.ca/content/dam/ircc/documents/json/data-ptime-en.json,official,active,,,2026-09-25T01:18:44.823Z
ca-sponsor-adopted-child--th,ircc-ptime,CA,sponsorship,backward,ca-sponsor-adopted-child,Sponsorship: adopted child,TH,Thailand,Not enough data,,,insufficient_data,2026-09-22,2026-09-25T00:45:26.696Z,https://www.canada.ca/content/dam/ircc/documents/json/data-ptime-en.json,official,active,,,2026-09-25T01:18:44.823Z
ca-sponsor-adopted-child--tj,ircc-ptime,CA,sponsorship,backward,ca-sponsor-adopted-child,Sponsorship: adopted child,TJ,Tajikistan,Not enough data,,,insufficient_data,2026-09-22,2026-09-25T00:45:26.696Z,https://www.canada.ca/content/dam/ircc/documents/json/data-ptime-en.json,official,active,,,2026-09-25T01:18:44.823Z
ca-sponsor-adopted-child--tl,ircc-ptime,CA,sponsorship,backward,ca-sponsor-adopted-child,Sponsorship: adopted child,TL,Timor-Leste,Not enough data,,,insufficient_data,2026-09-22,2026-09-25T00:45:26.696Z,https://www.canada.ca/content/dam/ircc/documents/json/data-ptime-en.json,official,active,,,2026-09-25T01:18:44.823Z
ca-sponsor-adopted-child--tm,ircc-ptime,CA,sponsorship,backward,ca-sponsor-adopted-child,Sponsorship: adopted child,TM,Turkmenistan,Not enough data,,,insufficient_data,2026-09-22,2026-09-25T00:45:26.696Z,https://www.canada.ca/content/dam/ircc/documents/json/data-ptime-en.json,official,active,,,2026-09-25T01:18:44.823Z
ca-sponsor-adopted-child--tn,ircc-ptime,CA,sponsorship,backward,ca-sponsor-adopted-child,Sponsorship: adopted child,TN,Tunisia,Not enough data,,,insufficient_data,2026-09-22,2026-09-25T00:45:26.696Z,https://www.canada.ca/content/dam/ircc/documents/json/data-ptime-en.json,official,active,,,2026-09-25T01:18:44.823Z
ca-sponsor-adopted-child--to,ircc-ptime,CA,sponsorship,backward,ca-sponsor-adopted-child,Sponsorship: adopted child,TO,Tonga,Not enough data,,,insufficient_data,2026-09-22,2026-09-25T00:45:26.696Z,https://www.canada.ca/content/dam/ircc/documents/json/data-ptime-en.json,official,active,,,2026-09-25T01:18:44.823Z
ca-sponsor-adopted-child--tr,ircc-ptime,CA,sponsorship,backward,ca-sponsor-adopted-child,Sponsorship: adopted child,TR,Türkiye,Not enough data,,,insufficient_data,2026-09-22,2026-09-25T00:45:26.696Z,https://www.canada.ca/content/dam/ircc/documents/json/data-ptime-en.json,official,active,,,2026-09-25T01:18:44.823Z
ca-sponsor-adopted-child--tt,ircc-ptime,CA,sponsorship,backward,ca-sponsor-adopted-child,Sponsorship: adopted child,TT,Trinidad & Tobago,Not enough data,,,insufficient_data,2026-09-22,2026-09-25T00:45:26.696Z,https://www.canada.ca/content/dam/ircc/documents/json/data-ptime-en.json,official,active,,,2026-09-25T01:18:44.823Z
ca-sponsor-adopted-child--tv,ircc-ptime,CA,sponsorship,backward,ca-sponsor-adopted-child,Sponsorship: adopted child,TV,Tuvalu,Not enough data,,,insufficient_data,2026-09-22,2026-09-25T00:45:26.696Z,https://www.canada.ca/content/dam/ircc/documents/json/data-ptime-en.json,official,active,,,2026-09-25T01:18:44.823Z
ca-sponsor-adopted-child--tw,ircc-ptime,CA,sponsorship,backward,ca-sponsor-adopted-child,Sponsorship: adopted child,TW,Taiwan,Not enough data,,,insufficient_data,2026-09-22,2026-09-25T00:45:26.696Z,https://www.canada.ca/content/dam/ircc/documents/json/data-ptime-en.json,official,active,,,2026-09-25T01:18:44.823Z
ca-sponsor-adopted-child--tz,ircc-ptime,CA,sponsorship,backward,ca-sponsor-adopted-child,Sponsorship: adopted child,TZ,Tanzania,Not enough data,,,insufficient_data,2026-09-22,2026-09-25T00:45:26.696Z,https://www.canada.ca/content/dam/ircc/documents/json/data-ptime-en.json,official,active,,,2026-09-25T01:18:44.823Z
ca-sponsor-adopted-child--ua,ircc-ptime,CA,sponsorship,backward,ca-sponsor-adopted-child,Sponsorship: adopted child,UA,Ukraine,Not enough data,,,insufficient_data,2026-09-22,2026-09-25T00:45:26.696Z,https://www.canada.ca/content/dam/ircc/documents/json/data-ptime-en.json,official,active,,,2026-09-25T01:18:44.823Z
ca-sponsor-adopted-child--ug,ircc-ptime,CA,sponsorship,backward,ca-sponsor-adopted-child,Sponsorship: adopted child,UG,Uganda,Not enough data,,,insufficient_data,2026-09-22,2026-09-25T00:45:26.696Z,https://www.canada.ca/content/dam/ircc/documents/json/data-ptime-en.json,official,active,,,2026-09-25T01:18:44.823Z
ca-sponsor-adopted-child--us,ircc-ptime,CA,sponsorship,backward,ca-sponsor-adopted-child,Sponsorship: adopted child,US,United States,Not enough data,,,insufficient_data,2026-09-22,2026-09-25T00:45:26.696Z,https://www.canada.ca/content/dam/ircc/documents/json/data-ptime-en.json,official,active,,,2026-09-25T01:18:44.823Z
ca-sponsor-adopted-child--uy,ircc-ptime,CA,sponsorship,backward,ca-sponsor-adopted-child,Sponsorship: adopted child,UY,Uruguay,Not enough data,,,insufficient_data,2026-09-22,2026-09-25T00:45:26.696Z,https://www.canada.ca/content/dam/ircc/documents/json/data-ptime-en.json,official,active,,,2026-09-25T01:18:44.823Z
ca-sponsor-adopted-child--uz,ircc-ptime,CA,sponsorship,backward,ca-sponsor-adopted-child,Sponsorship: adopted child,UZ,Uzbekistan,Not enough data,,,insufficient_data,2026-09-22,2026-09-25T00:45:26.696Z,https://www.canada.ca/content/dam/ircc/documents/json/data-ptime-en.json,official,active,,,2026-09-25T01:18:44.823Z
ca-sponsor-adopted-child--va,ircc-ptime,CA,sponsorship,backward,ca-sponsor-adopted-child,Sponsorship: adopted child,VA,Vatican City,Not enough data,,,insufficient_data,2026-09-22,2026-09-25T00:45:26.696Z,https://www.canada.ca/content/dam/ircc/documents/json/data-ptime-en.json,official,active,,,2026-09-25T01:18:44.823Z
ca-sponsor-adopted-child--vc,ircc-ptime,CA,sponsorship,backward,ca-sponsor-adopted-child,Sponsorship: adopted child,VC,St. Vincent & Grenadines,Not enough data,,,insufficient_data,2026-09-22,2026-09-25T00:45:26.696Z,https://www.canada.ca/content/dam/ircc/documents/json/data-ptime-en.json,official,active,,,2026-09-25T01:18:44.823Z
ca-sponsor-adopted-child--ve,ircc-ptime,CA,sponsorship,backward,ca-sponsor-adopted-child,Sponsorship: adopted child,VE,Venezuela,Not enough data,,,insufficient_data,2026-09-22,2026-09-25T00:45:26.696Z,https://www.canada.ca/content/dam/ircc/documents/json/data-ptime-en.json,official,active,,,2026-09-25T01:18:44.823Z
ca-sponsor-adopted-child--vi,ircc-ptime,CA,sponsorship,backward,ca-sponsor-adopted-child,Sponsorship: adopted child,VI,U.S. Virgin Islands,Not enough data,,,insufficient_data,2026-09-22,2026-09-25T00:45:26.696Z,https://www.canada.ca/content/dam/ircc/documents/json/data-ptime-en.json,official,active,,,2026-09-25T01:18:44.823Z
ca-sponsor-adopted-child--vn,ircc-ptime,CA,sponsorship,backward,ca-sponsor-adopted-child,Sponsorship: adopted child,VN,Vietnam,Not enough data,,,insufficient_data,2026-09-22,2026-09-25T00:45:26.696Z,https://www.canada.ca/content/dam/ircc/documents/json/data-ptime-en.json,official,active,,,2026-09-25T01:18:44.823Z
ca-sponsor-adopted-child--vu,ircc-ptime,CA,sponsorship,backward,ca-sponsor-adopted-child,Sponsorship: adopted child,VU,Vanuatu,Not enough data,,,insufficient_data,2026-09-22,2026-09-25T00:45:26.696Z,https://www.canada.ca/content/dam/ircc/documents/json/data-ptime-en.json,official,active,,,2026-09-25T01:18:44.823Z
ca-sponsor-adopted-child--wb,ircc-ptime,CA,sponsorship,backward,ca-sponsor-adopted-child,Sponsorship: adopted child,WB,WB,Not enough data,,,insufficient_data,2026-09-22,2026-09-25T00:45:26.696Z,https://www.canada.ca/content/dam/ircc/documents/json/data-ptime-en.json,official,active,,,2026-09-25T01:18:44.823Z
ca-sponsor-adopted-child--ws,ircc-ptime,CA,sponsorship,backward,ca-sponsor-adopted-child,Sponsorship: adopted child,WS,Samoa,Not enough data,,,insufficient_data,2026-09-22,2026-09-25T00:45:26.696Z,https://www.canada.ca/content/dam/ircc/documents/json/data-ptime-en.json,official,active,,,2026-09-25T01:18:44.823Z
ca-sponsor-adopted-child--xk,ircc-ptime,CA,sponsorship,backward,ca-sponsor-adopted-child,Sponsorship: adopted child,XK,Kosovo,Not enough data,,,insufficient_data,2026-09-22,2026-09-25T00:45:26.696Z,https://www.canada.ca/content/dam/ircc/documents/json/data-ptime-en.json,official,active,,,2026-09-25T01:18:44.823Z
ca-sponsor-adopted-child--ye,ircc-ptime,CA,sponsorship,backward,ca-sponsor-adopted-child,Sponsorship: adopted child,YE,Yemen,Not enough data,,,insufficient_data,2026-09-22,2026-09-25T00:45:26.696Z,https://www.canada.ca/content/dam/ircc/documents/json/data-ptime-en.json,official,active,,,2026-09-25T01:18:44.823Z
ca-sponsor-adopted-child--za,ircc-ptime,CA,sponsorship,backward,ca-sponsor-adopted-child,Sponsorship: adopted child,ZA,South Africa,Not enough data,,,insufficient_data,2026-09-22,2026-09-25T00:45:26.696Z,https://www.canada.ca/content/dam/ircc/documents/json/data-ptime-en.json,official,active,,,2026-09-25T01:18:44.823Z
ca-sponsor-adopted-child--zm,ircc-ptime,CA,sponsorship,backward,ca-sponsor-adopted-child,Sponsorship: adopted child,ZM,Zambia,Not enough data,,,insufficient_data,2026-09-22,2026-09-25T00:45:26.696Z,https://www.canada.ca/content/dam/ircc/documents/json/data-ptime-en.json,official,active,,,2026-09-25T01:18:44.823Z
ca-sponsor-adopted-child--zw,ircc-ptime,CA,sponsorship,backward,ca-sponsor-adopted-child,Sponsorship: adopted child,ZW,Zimbabwe,Not enough data,,,insufficient_data,2026-09-22,2026-09-25T00:45:26.696Z,https://www.canada.ca/content/dam/ircc/documents/json/data-ptime-en.json,official,active,,,2026-09-25T01:18:44.823Z
ca-sponsor-dependent-child--ad,ircc-ptime,CA,sponsorship,backward,ca-sponsor-dependent-child,Sponsorship: dependent child,AD,Andorra,No processing time available,,,unavailable,2026-09-22,2026-09-25T00:45:26.696Z,https://www.canada.ca/content/dam/ircc/documents/json/data-ptime-en.json,official,active,,,2026-09-25T01:18:44.823Z
ca-sponsor-dependent-child--ae,ircc-ptime,CA,sponsorship,backward,ca-sponsor-dependent-child,Sponsorship: dependent child,AE,United Arab Emirates,No processing time available,,,unavailable,2026-09-22,2026-09-25T00:45:26.696Z,https://www.canada.ca/content/dam/ircc/documents/json/data-ptime-en.json,official,active,,,2026-09-25T01:18:44.823Z
ca-sponsor-dependent-child--af,ircc-ptime,CA,sponsorship,backward,ca-sponsor-dependent-child,Sponsorship: dependent child,AF,Afghanistan,No processing time available,,,unavailable,2026-09-22,2026-09-25T00:45:26.696Z,https://www.canada.ca/content/dam/ircc/documents/json/data-ptime-en.json,official,active,,,2026-09-25T01:18:44.823Z
ca-sponsor-dependent-child--ag,ircc-ptime,CA,sponsorship,backward,ca-sponsor-dependent-child,Sponsorship: dependent child,AG,Antigua & Barbuda,No processing time available,,,unavailable,2026-09-22,2026-09-25T00:45:26.696Z,https://www.canada.ca/content/dam/ircc/documents/json/data-ptime-en.json,official,active,,,2026-09-25T01:18:44.823Z
ca-sponsor-dependent-child--ai,ircc-ptime,CA,sponsorship,backward,ca-sponsor-dependent-child,Sponsorship: dependent child,AI,Anguilla,No processing time available,,,unavailable,2026-09-22,2026-09-25T00:45:26.696Z,https://www.canada.ca/content/dam/ircc/documents/json/data-ptime-en.json,official,active,,,2026-09-25T01:18:44.823Z
ca-sponsor-dependent-child--al,ircc-ptime,CA,sponsorship,backward,ca-sponsor-dependent-child,Sponsorship: dependent child,AL,Albania,No processing time available,,,unavailable,2026-09-22,2026-09-25T00:45:26.696Z,https://www.canada.ca/content/dam/ircc/documents/json/data-ptime-en.json,official,active,,,2026-09-25T01:18:44.823Z
ca-sponsor-dependent-child--am,ircc-ptime,CA,sponsorship,backward,ca-sponsor-dependent-child,Sponsorship: dependent child,AM,Armenia,No processing time available,,,unavailable,2026-09-22,2026-09-25T00:45:26.696Z,https://www.canada.ca/content/dam/ircc/documents/json/data-ptime-en.json,official,active,,,2026-09-25T01:18:44.823Z
ca-sponsor-dependent-child--ao,ircc-ptime,CA,sponsorship,backward,ca-sponsor-dependent-child,Sponsorship: dependent child,AO,Angola,No processing time available,,,unavailable,2026-09-22,2026-09-25T00:45:26.696Z,https://www.canada.ca/content/dam/ircc/documents/json/data-ptime-en.json,official,active,,,2026-09-25T01:18:44.823Z
ca-sponsor-dependent-child--ar,ircc-ptime,CA,sponsorship,backward,ca-sponsor-dependent-child,Sponsorship: dependent child,AR,Argentina,No processing time available,,,unavailable,2026-09-22,2026-09-25T00:45:26.696Z,https://www.canada.ca/content/dam/ircc/documents/json/data-ptime-en.json,official,active,,,2026-09-25T01:18:44.823Z
ca-sponsor-dependent-child--at,ircc-ptime,CA,sponsorship,backward,ca-sponsor-dependent-child,Sponsorship: dependent child,AT,Austria,No processing time available,,,unavailable,2026-09-22,2026-09-25T00:45:26.696Z,https://www.canada.ca/content/dam/ircc/documents/json/data-ptime-en.json,official,active,,,2026-09-25T01:18:44.823Z
ca-sponsor-dependent-child--au,ircc-ptime,CA,sponsorship,backward,ca-sponsor-dependent-child,Sponsorship: dependent child,AU,Australia,No processing time available,,,unavailable,2026-09-22,2026-09-25T00:45:26.696Z,https://www.canada.ca/content/dam/ircc/documents/json/data-ptime-en.json,official,active,,,2026-09-25T01:18:44.823Z
ca-sponsor-dependent-child--aw,ircc-ptime,CA,sponsorship,backward,ca-sponsor-dependent-child,Sponsorship: dependent child,AW,Aruba,No processing time available,,,unavailable,2026-09-22,2026-09-25T00:45:26.696Z,https://www.canada.ca/content/dam/ircc/documents/json/data-ptime-en.json,official,active,,,2026-09-25T01:18:44.823Z
ca-sponsor-dependent-child--az,ircc-ptime,CA,sponsorship,backward,ca-sponsor-dependent-child,Sponsorship: dependent child,AZ,Azerbaijan,No processing time available,,,unavailable,2026-09-22,2026-09-25T00:45:26.696Z,https://www.canada.ca/content/dam/ircc/documents/json/data-ptime-en.json,official,active,,,2026-09-25T01:18:44.823Z
ca-sponsor-dependent-child--ba,ircc-ptime,CA,sponsorship,backward,ca-sponsor-dependent-child,Sponsorship: dependent child,BA,Bosnia & Herzegovina,No processing time available,,,unavailable,2026-09-22,2026-09-25T00:45:26.696Z,https://www.canada.ca/content/dam/ircc/documents/json/data-ptime-en.json,official,active,,,2026-09-25T01:18:44.823Z
ca-sponsor-dependent-child--bb,ircc-ptime,CA,sponsorship,backward,ca-sponsor-dependent-child,Sponsorship: dependent child,BB,Barbados,No processing time available,,,unavailable,2026-09-22,2026-09-25T00:45:26.696Z,https://www.canada.ca/content/dam/ircc/documents/json/data-ptime-en.json,official,active,,,2026-09-25T01:18:44.823Z
ca-sponsor-dependent-child--bd,ircc-ptime,CA,sponsorship,backward,ca-sponsor-dependent-child,Sponsorship: dependent child,BD,Bangladesh,No processing time available,,,unavailable,2026-09-22,2026-09-25T00:45:26.696Z,https://www.canada.ca/content/dam/ircc/documents/json/data-ptime-en.json,official,active,,,2026-09-25T01:18:44.823Z
ca-sponsor-dependent-child--be,ircc-ptime,CA,sponsorship,backward,ca-sponsor-dependent-child,Sponsorship: dependent child,BE,Belgium,No processing time available,,,unavailable,2026-09-22,2026-09-25T00:45:26.696Z,https://www.canada.ca/content/dam/ircc/documents/json/data-ptime-en.json,official,active,,,2026-09-25T01:18:44.823Z
ca-sponsor-dependent-child--bf,ircc-ptime,CA,sponsorship,backward,ca-sponsor-dependent-child,Sponsorship: dependent child,BF,Burkina Faso,No processing time available,,,unavailable,2026-09-22,2026-09-25T00:45:26.696Z,https://www.canada.ca/content/dam/ircc/documents/json/data-ptime-en.json,official,active,,,2026-09-25T01:18:44.823Z
ca-sponsor-dependent-child--bg,ircc-ptime,CA,sponsorship,backward,ca-sponsor-dependent-child,Sponsorship: dependent child,BG,Bulgaria,No processing time available,,,unavailable,2026-09-22,2026-09-25T00:45:26.696Z,https://www.canada.ca/content/dam/ircc/documents/json/data-ptime-en.json,official,active,,,2026-09-25T01:18:44.823Z
ca-sponsor-dependent-child--bh,ircc-ptime,CA,sponsorship,backward,ca-sponsor-dependent-child,Sponsorship: dependent child,BH,Bahrain,No processing time available,,,unavailable,2026-09-22,2026-09-25T00:45:26.696Z,https://www.canada.ca/content/dam/ircc/documents/json/data-ptime-en.json,official,active,,,2026-09-25T01:18:44.823Z
ca-sponsor-dependent-child--bi,ircc-ptime,CA,sponsorship,backward,ca-sponsor-dependent-child,Sponsorship: dependent child,BI,Burundi,No processing time available,,,unavailable,2026-09-22,2026-09-25T00:45:26.696Z,https://www.canada.ca/content/dam/ircc/documents/json/data-ptime-en.json,official,active,,,2026-09-25T01:18:44.823Z
ca-sponsor-dependent-child--bj,ircc-ptime,CA,sponsorship,backward,ca-sponsor-dependent-child,Sponsorship: dependent child,BJ,Benin,No processing time available,,,unavailable,2026-09-22,2026-09-25T00:45:26.696Z,https://www.canada.ca/content/dam/ircc/documents/json/data-ptime-en.json,official,active,,,2026-09-25T01:18:44.823Z
ca-sponsor-dependent-child--bm,ircc-ptime,CA,sponsorship,backward,ca-sponsor-dependent-child,Sponsorship: dependent child,BM,Bermuda,No processing time available,,,unavailable,2026-09-22,2026-09-25T00:45:26.696Z,https://www.canada.ca/content/dam/ircc/documents/json/data-ptime-en.json,official,active,,,2026-09-25T01:18:44.823Z
ca-sponsor-dependent-child--bn,ircc-ptime,CA,sponsorship,backward,ca-sponsor-dependent-child,Sponsorship: dependent child,BN,Brunei,No processing time available,,,unavailable,2026-09-22,2026-09-25T00:45:26.696Z,https://www.canada.ca/content/dam/ircc/documents/json/data-ptime-en.json,official,active,,,2026-09-25T01:18:44.823Z
ca-sponsor-dependent-child--bo,ircc-ptime,CA,sponsorship,backward,ca-sponsor-dependent-child,Sponsorship: dependent child,BO,Bolivia,No processing time available,,,unavailable,2026-09-22,2026-09-25T00:45:26.696Z,https://www.canada.ca/content/dam/ircc/documents/json/data-ptime-en.json,official,active,,,2026-09-25T01:18:44.823Z
ca-sponsor-dependent-child--bq,ircc-ptime,CA,sponsorship,backward,ca-sponsor-dependent-child,Sponsorship: dependent child,BQ,Caribbean Netherlands,No processing time available,,,unavailable,2026-09-22,2026-09-25T00:45:26.696Z,https://www.canada.ca/content/dam/ircc/documents/json/data-ptime-en.json,official,active,,,2026-09-25T01:18:44.823Z
ca-sponsor-dependent-child--br,ircc-ptime,CA,sponsorship,backward,ca-sponsor-dependent-child,Sponsorship: dependent child,BR,Brazil,No processing time available,,,unavailable,2026-09-22,2026-09-25T00:45:26.696Z,https://www.canada.ca/content/dam/ircc/documents/json/data-ptime-en.json,official,active,,,2026-09-25T01:18:44.823Z
ca-sponsor-dependent-child--bs,ircc-ptime,CA,sponsorship,backward,ca-sponsor-dependent-child,Sponsorship: dependent child,BS,Bahamas,No processing time available,,,unavailable,2026-09-22,2026-09-25T00:45:26.696Z,https://www.canada.ca/content/dam/ircc/documents/json/data-ptime-en.json,official,active,,,2026-09-25T01:18:44.823Z
ca-sponsor-dependent-child--bt,ircc-ptime,CA,sponsorship,backward,ca-sponsor-dependent-child,Sponsorship: dependent child,BT,Bhutan,No processing time available,,,unavailable,2026-09-22,2026-09-25T00:45:26.696Z,https://www.canada.ca/content/dam/ircc/documents/json/data-ptime-en.json,official,active,,,2026-09-25T01:18:44.823Z
ca-sponsor-dependent-child--bw,ircc-ptime,CA,sponsorship,backward,ca-sponsor-dependent-child,Sponsorship: dependent child,BW,Botswana,No processing time available,,,unavailable,2026-09-22,2026-09-25T00:45:26.696Z,https://www.canada.ca/content/dam/ircc/documents/json/data-ptime-en.json,official,active,,,2026-09-25T01:18:44.823Z
ca-sponsor-dependent-child--by,ircc-ptime,CA,sponsorship,backward,ca-sponsor-dependent-child,Sponsorship: dependent child,BY,Belarus,No processing time available,,,unavailable,2026-09-22,2026-09-25T00:45:26.696Z,https://www.canada.ca/content/dam/ircc/documents/json/data-ptime-en.json,official,active,,,2026-09-25T01:18:44.823Z
ca-sponsor-dependent-child--bz,ircc-ptime,CA,sponsorship,backward,ca-sponsor-dependent-child,Sponsorship: dependent child,BZ,Belize,No processing time available,,,unavailable,2026-09-22,2026-09-25T00:45:26.696Z,https://www.canada.ca/content/dam/ircc/documents/json/data-ptime-en.json,official,active,,,2026-09-25T01:18:44.823Z
ca-sponsor-dependent-child--ca,ircc-ptime,CA,sponsorship,backward,ca-sponsor-dependent-child,Sponsorship: dependent child,CA,Canada,17 months,517.48,months,ok,2026-09-22,2026-09-25T00:45:26.696Z,https://www.canada.ca/content/dam/ircc/documents/json/data-ptime-en.json,official,active,,,2026-09-25T01:18:44.823Z
ca-sponsor-dependent-child--cd,ircc-ptime,CA,sponsorship,backward,ca-sponsor-dependent-child,Sponsorship: dependent child,CD,Congo - Kinshasa,No processing time available,,,unavailable,2026-09-22,2026-09-25T00:45:26.696Z,https://www.canada.ca/content/dam/ircc/documents/json/data-ptime-en.json,official,active,,,2026-09-25T01:18:44.823Z
ca-sponsor-dependent-child--cf,ircc-ptime,CA,sponsorship,backward,ca-sponsor-dependent-child,Sponsorship: dependent child,CF,Central African Republic,No processing time available,,,unavailable,2026-09-22,2026-09-25T00:45:26.696Z,https://www.canada.ca/content/dam/ircc/documents/json/data-ptime-en.json,official,active,,,2026-09-25T01:18:44.823Z
ca-sponsor-dependent-child--cg,ircc-ptime,CA,sponsorship,backward,ca-sponsor-dependent-child,Sponsorship: dependent child,CG,Congo - Brazzaville,No processing time available,,,unavailable,2026-09-22,2026-09-25T00:45:26.696Z,https://www.canada.ca/content/dam/ircc/documents/json/data-ptime-en.json,official,active,,,2026-09-25T01:18:44.823Z
ca-sponsor-dependent-child--ch,ircc-ptime,CA,sponsorship,backward,ca-sponsor-dependent-child,Sponsorship: dependent child,CH,Switzerland,No processing time available,,,unavailable,2026-09-22,2026-09-25T00:45:26.696Z,https://www.canada.ca/content/dam/ircc/documents/json/data-ptime-en.json,official,active,,,2026-09-25T01:18:44.823Z
ca-sponsor-dependent-child--ci,ircc-ptime,CA,sponsorship,backward,ca-sponsor-dependent-child,Sponsorship: dependent child,CI,Côte d’Ivoire,No processing time available,,,unavailable,2026-09-22,2026-09-25T00:45:26.696Z,https://www.canada.ca/content/dam/ircc/documents/json/data-ptime-en.json,official,active,,,2026-09-25T01:18:44.823Z
ca-sponsor-dependent-child--cl,ircc-ptime,CA,sponsorship,backward,ca-sponsor-dependent-child,Sponsorship: dependent child,CL,Chile,No processing time available,,,unavailable,2026-09-22,2026-09-25T00:45:26.696Z,https://www.canada.ca/content/dam/ircc/documents/json/data-ptime-en.json,official,active,,,2026-09-25T01:18:44.823Z
ca-sponsor-dependent-child--cm,ircc-ptime,CA,sponsorship,backward,ca-sponsor-dependent-child,Sponsorship: dependent child,CM,Cameroon,30 months,913.2,months,ok,2026-09-22,2026-09-25T00:45:26.696Z,https://www.canada.ca/content/dam/ircc/documents/json/data-ptime-en.json,official,active,,,2026-09-25T01:18:44.823Z
ca-sponsor-dependent-child--cn,ircc-ptime,CA,sponsorship,backward,ca-sponsor-dependent-child,Sponsorship: dependent child,CN,China,12 months,365.28,months,ok,2026-09-22,2026-09-25T00:45:26.696Z,https://www.canada.ca/content/dam/ircc/documents/json/data-ptime-en.json,official,active,,,2026-09-25T01:18:44.823Z
ca-sponsor-dependent-child--co,ircc-ptime,CA,sponsorship,backward,ca-sponsor-dependent-child,Sponsorship: dependent child,CO,Colombia,No processing time available,,,unavailable,2026-09-22,2026-09-25T00:45:26.696Z,https://www.canada.ca/content/dam/ircc/documents/json/data-ptime-en.json,official,active,,,2026-09-25T01:18:44.823Z
ca-sponsor-dependent-child--cr,ircc-ptime,CA,sponsorship,backward,ca-sponsor-dependent-child,Sponsorship: dependent child,CR,Costa Rica,No processing time available,,,unavailable,2026-09-22,2026-09-25T00:45:26.696Z,https://www.canada.ca/content/dam/ircc/documents/json/data-ptime-en.json,official,active,,,2026-09-25T01:18:44.823Z
ca-sponsor-dependent-child--cu,ircc-ptime,CA,sponsorship,backward,ca-sponsor-dependent-child,Sponsorship: dependent child,CU,Cuba,No processing time available,,,unavailable,2026-09-22,2026-09-25T00:45:26.696Z,https://www.canada.ca/content/dam/ircc/documents/json/data-ptime-en.json,official,active,,,2026-09-25T01:18:44.823Z
ca-sponsor-dependent-child--cv,ircc-ptime,CA,sponsorship,backward,ca-sponsor-dependent-child,Sponsorship: dependent child,CV,Cape Verde,No processing time available,,,unavailable,2026-09-22,2026-09-25T00:45:26.696Z,https://www.canada.ca/content/dam/ircc/documents/json/data-ptime-en.json,official,active,,,2026-09-25T01:18:44.823Z
ca-sponsor-dependent-child--cy,ircc-ptime,CA,sponsorship,backward,ca-sponsor-dependent-child,Sponsorship: dependent child,CY,Cyprus,No processing time available,,,unavailable,2026-09-22,2026-09-25T00:45:26.696Z,https://www.canada.ca/content/dam/ircc/documents/json/data-ptime-en.json,official,active,,,2026-09-25T01:18:44.823Z
ca-sponsor-dependent-child--cz,ircc-ptime,CA,sponsorship,backward,ca-sponsor-dependent-child,Sponsorship: dependent child,CZ,Czechia,No processing time available,,,unavailable,2026-09-22,2026-09-25T00:45:26.696Z,https://www.canada.ca/content/dam/ircc/documents/json/data-ptime-en.json,official,active,,,2026-09-25T01:18:44.823Z
ca-sponsor-dependent-child--de,ircc-ptime,CA,sponsorship,backward,ca-sponsor-dependent-child,Sponsorship: dependent child,DE,Germany,No processing time available,,,unavailable,2026-09-22,2026-09-25T00:45:26.696Z,https://www.canada.ca/content/dam/ircc/documents/json/data-ptime-en.json,official,active,,,2026-09-25T01:18:44.823Z
ca-sponsor-dependent-child--dj,ircc-ptime,CA,sponsorship,backward,ca-sponsor-dependent-child,Sponsorship: dependent child,DJ,Djibouti,No processing time available,,,unavailable,2026-09-22,2026-09-25T00:45:26.696Z,https://www.canada.ca/content/dam/ircc/documents/json/data-ptime-en.json,official,active,,,2026-09-25T01:18:44.823Z
ca-sponsor-dependent-child--dk,ircc-ptime,CA,sponsorship,backward,ca-sponsor-dependent-child,Sponsorship: dependent child,DK,Denmark,No processing time available,,,unavailable,2026-09-22,2026-09-25T00:45:26.696Z,https://www.canada.ca/content/dam/ircc/documents/json/data-ptime-en.json,official,active,,,2026-09-25T01:18:44.823Z
ca-sponsor-dependent-child--dm,ircc-ptime,CA,sponsorship,backward,ca-sponsor-dependent-child,Sponsorship: dependent child,DM,Dominica,No processing time available,,,unavailable,2026-09-22,2026-09-25T00:45:26.696Z,https://www.canada.ca/content/dam/ircc/documents/json/data-ptime-en.json,official,active,,,2026-09-25T01:18:44.823Z
ca-sponsor-dependent-child--do,ircc-ptime,CA,sponsorship,backward,ca-sponsor-dependent-child,Sponsorship: dependent child,DO,Dominican Republic,No processing time available,,,unavailable,2026-09-22,2026-09-25T00:45:26.696Z,https://www.canada.ca/content/dam/ircc/documents/json/data-ptime-en.json,official,active,,,2026-09-25T01:18:44.823Z
ca-sponsor-dependent-child--dz,ircc-ptime,CA,sponsorship,backward,ca-sponsor-dependent-child,Sponsorship: dependent child,DZ,Algeria,No processing time available,,,unavailable,2026-09-22,2026-09-25T00:45:26.696Z,https://www.canada.ca/content/dam/ircc/documents/json/data-ptime-en.json,official,active,,,2026-09-25T01:18:44.823Z
ca-sponsor-dependent-child--ec,ircc-ptime,CA,sponsorship,backward,ca-sponsor-dependent-child,Sponsorship: dependent child,EC,Ecuador,No processing time available,,,unavailable,2026-09-22,2026-09-25T00:45:26.696Z,https://www.canada.ca/content/dam/ircc/documents/json/data-ptime-en.json,official,active,,,2026-09-25T01:18:44.823Z
ca-sponsor-dependent-child--ee,ircc-ptime,CA,sponsorship,backward,ca-sponsor-dependent-child,Sponsorship: dependent child,EE,Estonia,No processing time available,,,unavailable,2026-09-22,2026-09-25T00:45:26.696Z,https://www.canada.ca/content/dam/ircc/documents/json/data-ptime-en.json,official,active,,,2026-09-25T01:18:44.823Z
ca-sponsor-dependent-child--eg,ircc-ptime,CA,sponsorship,backward,ca-sponsor-dependent-child,Sponsorship: dependent child,EG,Egypt,No processing time available,,,unavailable,2026-09-22,2026-09-25T00:45:26.696Z,https://www.canada.ca/content/dam/ircc/documents/json/data-ptime-en.json,official,active,,,2026-09-25T01:18:44.823Z
ca-sponsor-dependent-child--er,ircc-ptime,CA,sponsorship,backward,ca-sponsor-dependent-child,Sponsorship: dependent child,ER,Eritrea,No processing time available,,,unavailable,2026-09-22,2026-09-25T00:45:26.696Z,https://www.canada.ca/content/dam/ircc/documents/json/data-ptime-en.json,official,active,,,2026-09-25T01:18:44.823Z
ca-sponsor-dependent-child--es,ircc-ptime,CA,sponsorship,backward,ca-sponsor-dependent-child,Sponsorship: dependent child,ES,Spain,No processing time available,,,unavailable,2026-09-22,2026-09-25T00:45:26.696Z,https://www.canada.ca/content/dam/ircc/documents/json/data-ptime-en.json,official,active,,,2026-09-25T01:18:44.823Z
ca-sponsor-dependent-child--et,ircc-ptime,CA,sponsorship,backward,ca-sponsor-dependent-child,Sponsorship: dependent child,ET,Ethiopia,18 months,547.92,months,ok,2026-09-22,2026-09-25T00:45:26.696Z,https://www.canada.ca/content/dam/ircc/documents/json/data-ptime-en.json,official,active,,,2026-09-25T01:18:44.823Z
ca-sponsor-dependent-child--fi,ircc-ptime,CA,sponsorship,backward,ca-sponsor-dependent-child,Sponsorship: dependent child,FI,Finland,No processing time available,,,unavailable,2026-09-22,2026-09-25T00:45:26.696Z,https://www.canada.ca/content/dam/ircc/documents/json/data-ptime-en.json,official,active,,,2026-09-25T01:18:44.823Z
ca-sponsor-dependent-child--fj,ircc-ptime,CA,sponsorship,backward,ca-sponsor-dependent-child,Sponsorship: dependent child,FJ,Fiji,No processing time available,,,unavailable,2026-09-22,2026-09-25T00:45:26.696Z,https://www.canada.ca/content/dam/ircc/documents/json/data-ptime-en.json,official,active,,,2026-09-25T01:18:44.823Z
ca-sponsor-dependent-child--fm,ircc-ptime,CA,sponsorship,backward,ca-sponsor-dependent-child,Sponsorship: dependent child,FM,Micronesia,No processing time available,,,unavailable,2026-09-22,2026-09-25T00:45:26.696Z,https://www.canada.ca/content/dam/ircc/documents/json/data-ptime-en.json,official,active,,,2026-09-25T01:18:44.823Z
ca-sponsor-dependent-child--fr,ircc-ptime,CA,sponsorship,backward,ca-sponsor-dependent-child,Sponsorship: dependent child,FR,France,No processing time available,,,unavailable,2026-09-22,2026-09-25T00:45:26.696Z,https://www.canada.ca/content/dam/ircc/documents/json/data-ptime-en.json,official,active,,,2026-09-25T01:18:44.823Z
ca-sponsor-dependent-child--ga,ircc-ptime,CA,sponsorship,backward,ca-sponsor-dependent-child,Sponsorship: dependent child,GA,Gabon,No processing time available,,,unavailable,2026-09-22,2026-09-25T00:45:26.696Z,https://www.canada.ca/content/dam/ircc/documents/json/data-ptime-en.json,official,active,,,2026-09-25T01:18:44.823Z
ca-sponsor-dependent-child--gb,ircc-ptime,CA,sponsorship,backward,ca-sponsor-dependent-child,Sponsorship: dependent child,GB,United Kingdom,No processing time available,,,unavailable,2026-09-22,2026-09-25T00:45:26.696Z,https://www.canada.ca/content/dam/ircc/documents/json/data-ptime-en.json,official,active,,,2026-09-25T01:18:44.823Z
ca-sponsor-dependent-child--gd,ircc-ptime,CA,sponsorship,backward,ca-sponsor-dependent-child,Sponsorship: dependent child,GD,Grenada,No processing time available,,,unavailable,2026-09-22,2026-09-25T00:45:26.696Z,https://www.canada.ca/content/dam/ircc/documents/json/data-ptime-en.json,official,active,,,2026-09-25T01:18:44.823Z
ca-sponsor-dependent-child--ge,ircc-ptime,CA,sponsorship,backward,ca-sponsor-dependent-child,Sponsorship: dependent child,GE,Georgia,No processing time available,,,unavailable,2026-09-22,2026-09-25T00:45:26.696Z,https://www.canada.ca/content/dam/ircc/documents/json/data-ptime-en.json,official,active,,,2026-09-25T01:18:44.823Z
ca-sponsor-dependent-child--gh,ircc-ptime,CA,sponsorship,backward,ca-sponsor-dependent-child,Sponsorship: dependent child,GH,Ghana,No processing time available,,,unavailable,2026-09-22,2026-09-25T00:45:26.696Z,https://www.canada.ca/content/dam/ircc/documents/json/data-ptime-en.json,official,active,,,2026-09-25T01:18:44.823Z
ca-sponsor-dependent-child--gl,ircc-ptime,CA,sponsorship,backward,ca-sponsor-dependent-child,Sponsorship: dependent child,GL,Greenland,No processing time available,,,unavailable,2026-09-22,2026-09-25T00:45:26.696Z,https://www.canada.ca/content/dam/ircc/documents/json/data-ptime-en.json,official,active,,,2026-09-25T01:18:44.823Z
ca-sponsor-dependent-child--gm,ircc-ptime,CA,sponsorship,backward,ca-sponsor-dependent-child,Sponsorship: dependent child,GM,Gambia,No processing time available,,,unavailable,2026-09-22,2026-09-25T00:45:26.696Z,https://www.canada.ca/content/dam/ircc/documents/json/data-ptime-en.json,official,active,,,2026-09-25T01:18:44.823Z
ca-sponsor-dependent-child--gn,ircc-ptime,CA,sponsorship,backward,ca-sponsor-dependent-child,Sponsorship: dependent child,GN,Guinea,No processing time available,,,unavailable,2026-09-22,2026-09-25T00:45:26.696Z,https://www.canada.ca/content/dam/ircc/documents/json/data-ptime-en.json,official,active,,,2026-09-25T01:18:44.823Z
ca-sponsor-dependent-child--gq,ircc-ptime,CA,sponsorship,backward,ca-sponsor-dependent-child,Sponsorship: dependent child,GQ,Equatorial Guinea,No processing time available,,,unavailable,2026-09-22,2026-09-25T00:45:26.696Z,https://www.canada.ca/content/dam/ircc/documents/json/data-ptime-en.json,official,active,,,2026-09-25T01:18:44.823Z
ca-sponsor-dependent-child--gr,ircc-ptime,CA,sponsorship,backward,ca-sponsor-dependent-child,Sponsorship: dependent child,GR,Greece,No processing time available,,,unavailable,2026-09-22,2026-09-25T00:45:26.696Z,https://www.canada.ca/content/dam/ircc/documents/json/data-ptime-en.json,official,active,,,2026-09-25T01:18:44.823Z
ca-sponsor-dependent-child--gt,ircc-ptime,CA,sponsorship,backward,ca-sponsor-dependent-child,Sponsorship: dependent child,GT,Guatemala,No processing time available,,,unavailable,2026-09-22,2026-09-25T00:45:26.696Z,https://www.canada.ca/content/dam/ircc/documents/json/data-ptime-en.json,official,active,,,2026-09-25T01:18:44.823Z
ca-sponsor-dependent-child--gw,ircc-ptime,CA,sponsorship,backward,ca-sponsor-dependent-child,Sponsorship: dependent child,GW,Guinea-Bissau,No processing time available,,,unavailable,2026-09-22,2026-09-25T00:45:26.696Z,https://www.canada.ca/content/dam/ircc/documents/json/data-ptime-en.json,official,active,,,2026-09-25T01:18:44.823Z
ca-sponsor-dependent-child--gy,ircc-ptime,CA,sponsorship,backward,ca-sponsor-dependent-child,Sponsorship: dependent child,GY,Guyana,No processing time available,,,unavailable,2026-09-22,2026-09-25T00:45:26.696Z,https://www.canada.ca/content/dam/ircc/documents/json/data-ptime-en.json,official,active,,,2026-09-25T01:18:44.823Z
ca-sponsor-dependent-child--hk,ircc-ptime,CA,sponsorship,backward,ca-sponsor-dependent-child,Sponsorship: dependent child,HK,Hong Kong SAR China,No processing time available,,,unavailable,2026-09-22,2026-09-25T00:45:26.696Z,https://www.canada.ca/content/dam/ircc/documents/json/data-ptime-en.json,official,active,,,2026-09-25T01:18:44.823Z
ca-sponsor-dependent-child--hn,ircc-ptime,CA,sponsorship,backward,ca-sponsor-dependent-child,Sponsorship: dependent child,HN,Honduras,No processing time available,,,unavailable,2026-09-22,2026-09-25T00:45:26.696Z,https://www.canada.ca/content/dam/ircc/documents/json/data-ptime-en.json,official,active,,,2026-09-25T01:18:44.823Z
ca-sponsor-dependent-child--hr,ircc-ptime,CA,sponsorship,backward,ca-sponsor-dependent-child,Sponsorship: dependent child,HR,Croatia,No processing time available,,,unavailable,2026-09-22,2026-09-25T00:45:26.696Z,https://www.canada.ca/content/dam/ircc/documents/json/data-ptime-en.json,official,active,,,2026-09-25T01:18:44.823Z
ca-sponsor-dependent-child--ht,ircc-ptime,CA,sponsorship,backward,ca-sponsor-dependent-child,Sponsorship: dependent child,HT,Haiti,32 months,974.08,months,ok,2026-09-22,2026-09-25T00:45:26.696Z,https://www.canada.ca/content/dam/ircc/documents/json/data-ptime-en.json,official,active,,,2026-09-25T01:18:44.823Z
ca-sponsor-dependent-child--hu,ircc-ptime,CA,sponsorship,backward,ca-sponsor-dependent-child,Sponsorship: dependent child,HU,Hungary,No processing time available,,,unavailable,2026-09-22,2026-09-25T00:45:26.696Z,https://www.canada.ca/content/dam/ircc/documents/json/data-ptime-en.json,official,active,,,2026-09-25T01:18:44.823Z
ca-sponsor-dependent-child--id,ircc-ptime,CA,sponsorship,backward,ca-sponsor-dependent-child,Sponsorship: dependent child,ID,Indonesia,No processing time available,,,unavailable,2026-09-22,2026-09-25T00:45:26.696Z,https://www.canada.ca/content/dam/ircc/documents/json/data-ptime-en.json,official,active,,,2026-09-25T01:18:44.823Z
ca-sponsor-dependent-child--ie,ircc-ptime,CA,sponsorship,backward,ca-sponsor-dependent-child,Sponsorship: dependent child,IE,Ireland,No processing time available,,,unavailable,2026-09-22,2026-09-25T00:45:26.696Z,https://www.canada.ca/content/dam/ircc/documents/json/data-ptime-en.json,official,active,,,2026-09-25T01:18:44.823Z
ca-sponsor-dependent-child--il,ircc-ptime,CA,sponsorship,backward,ca-sponsor-dependent-child,Sponsorship: dependent child,IL,Israel,No processing time available,,,unavailable,2026-09-22,2026-09-25T00:45:26.696Z,https://www.canada.ca/content/dam/ircc/documents/json/data-ptime-en.json,official,active,,,2026-09-25T01:18:44.823Z
ca-sponsor-dependent-child--in,ircc-ptime,CA,sponsorship,backward,ca-sponsor-dependent-child,Sponsorship: dependent child,IN,India,7 months,213.08,months,ok,2026-09-22,2026-09-25T00:45:26.696Z,https://www.canada.ca/content/dam/ircc/documents/json/data-ptime-en.json,official,active,,,2026-09-25T01:18:44.823Z
ca-sponsor-dependent-child--io,ircc-ptime,CA,sponsorship,backward,ca-sponsor-dependent-child,Sponsorship: dependent child,IO,British Indian Ocean Territory,No processing time available,,,unavailable,2026-09-22,2026-09-25T00:45:26.696Z,https://www.canada.ca/content/dam/ircc/documents/json/data-ptime-en.json,official,active,,,2026-09-25T01:18:44.823Z
ca-sponsor-dependent-child--iq,ircc-ptime,CA,sponsorship,backward,ca-sponsor-dependent-child,Sponsorship: dependent child,IQ,Iraq,No processing time available,,,unavailable,2026-09-22,2026-09-25T00:45:26.696Z,https://www.canada.ca/content/dam/ircc/documents/json/data-ptime-en.json,official,active,,,2026-09-25T01:18:44.823Z
ca-sponsor-dependent-child--ir,ircc-ptime,CA,sponsorship,backward,ca-sponsor-dependent-child,Sponsorship: dependent child,IR,Iran,No processing time available,,,unavailable,2026-09-22,2026-09-25T00:45:26.696Z,https://www.canada.ca/content/dam/ircc/documents/json/data-ptime-en.json,official,active,,,2026-09-25T01:18:44.823Z
ca-sponsor-dependent-child--is,ircc-ptime,CA,sponsorship,backward,ca-sponsor-dependent-child,Sponsorship: dependent child,IS,Iceland,No processing time available,,,unavailable,2026-09-22,2026-09-25T00:45:26.696Z,https://www.canada.ca/content/dam/ircc/documents/json/data-ptime-en.json,official,active,,,2026-09-25T01:18:44.823Z
ca-sponsor-dependent-child--it,ircc-ptime,CA,sponsorship,backward,ca-sponsor-dependent-child,Sponsorship: dependent child,IT,Italy,No processing time available,,,unavailable,2026-09-22,2026-09-25T00:45:26.696Z,https://www.canada.ca/content/dam/ircc/documents/json/data-ptime-en.json,official,active,,,2026-09-25T01:18:44.823Z
ca-sponsor-dependent-child--jm,ircc-ptime,CA,sponsorship,backward,ca-sponsor-dependent-child,Sponsorship: dependent child,JM,Jamaica,9 months,273.96,months,ok,2026-09-22,2026-09-25T00:45:26.696Z,https://www.canada.ca/content/dam/ircc/documents/json/data-ptime-en.json,official,active,,,2026-09-25T01:18:44.823Z
ca-sponsor-dependent-child--jo,ircc-ptime,CA,sponsorship,backward,ca-sponsor-dependent-child,Sponsorship: dependent child,JO,Jordan,No processing time available,,,unavailable,2026-09-22,2026-09-25T00:45:26.696Z,https://www.canada.ca/content/dam/ircc/documents/json/data-ptime-en.json,official,active,,,2026-09-25T01:18:44.823Z
ca-sponsor-dependent-child--jp,ircc-ptime,CA,sponsorship,backward,ca-sponsor-dependent-child,Sponsorship: dependent child,JP,Japan,No processing time available,,,unavailable,2026-09-22,2026-09-25T00:45:26.696Z,https://www.canada.ca/content/dam/ircc/documents/json/data-ptime-en.json,official,active,,,2026-09-25T01:18:44.823Z
ca-sponsor-dependent-child--ke,ircc-ptime,CA,sponsorship,backward,ca-sponsor-dependent-child,Sponsorship: dependent child,KE,Kenya,16 months,487.04,months,ok,2026-09-22,2026-09-25T00:45:26.696Z,https://www.canada.ca/content/dam/ircc/documents/json/data-ptime-en.json,official,active,,,2026-09-25T01:18:44.823Z
ca-sponsor-dependent-child--kg,ircc-ptime,CA,sponsorship,backward,ca-sponsor-dependent-child,Sponsorship: dependent child,KG,Kyrgyzstan,No processing time available,,,unavailable,2026-09-22,2026-09-25T00:45:26.696Z,https://www.canada.ca/content/dam/ircc/documents/json/data-ptime-en.json,official,active,,,2026-09-25T01:18:44.823Z
ca-sponsor-dependent-child--kh,ircc-ptime,CA,sponsorship,backward,ca-sponsor-dependent-child,Sponsorship: dependent child,KH,Cambodia,No processing time available,,,unavailable,2026-09-22,2026-09-25T00:45:26.696Z,https://www.canada.ca/content/dam/ircc/documents/json/data-ptime-en.json,official,active,,,2026-09-25T01:18:44.823Z
ca-sponsor-dependent-child--ki,ircc-ptime,CA,sponsorship,backward,ca-sponsor-dependent-child,Sponsorship: dependent child,KI,Kiribati,No processing time available,,,unavailable,2026-09-22,2026-09-25T00:45:26.696Z,https://www.canada.ca/content/dam/ircc/documents/json/data-ptime-en.json,official,active,,,2026-09-25T01:18:44.823Z
ca-sponsor-dependent-child--km,ircc-ptime,CA,sponsorship,backward,ca-sponsor-dependent-child,Sponsorship: dependent child,KM,Comoros,No processing time available,,,unavailable,2026-09-22,2026-09-25T00:45:26.696Z,https://www.canada.ca/content/dam/ircc/documents/json/data-ptime-en.json,official,active,,,2026-09-25T01:18:44.823Z
ca-sponsor-dependent-child--kn,ircc-ptime,CA,sponsorship,backward,ca-sponsor-dependent-child,Sponsorship: dependent child,KN,St. Kitts & Nevis,No processing time available,,,unavailable,2026-09-22,2026-09-25T00:45:26.696Z,https://www.canada.ca/content/dam/ircc/documents/json/data-ptime-en.json,official,active,,,2026-09-25T01:18:44.823Z
ca-sponsor-dependent-child--kp,ircc-ptime,CA,sponsorship,backward,ca-sponsor-dependent-child,Sponsorship: dependent child,KP,North Korea,No processing time available,,,unavailable,2026-09-22,2026-09-25T00:45:26.696Z,https://www.canada.ca/content/dam/ircc/documents/json/data-ptime-en.json,official,active,,,2026-09-25T01:18:44.823Z
ca-sponsor-dependent-child--kr,ircc-ptime,CA,sponsorship,backward,ca-sponsor-dependent-child,Sponsorship: dependent child,KR,South Korea,No processing time available,,,unavailable,2026-09-22,2026-09-25T00:45:26.696Z,https://www.canada.ca/content/dam/ircc/documents/json/data-ptime-en.json,official,active,,,2026-09-25T01:18:44.823Z
ca-sponsor-dependent-child--kw,ircc-ptime,CA,sponsorship,backward,ca-sponsor-dependent-child,Sponsorship: dependent child,KW,Kuwait,No processing time available,,,unavailable,2026-09-22,2026-09-25T00:45:26.696Z,https://www.canada.ca/content/dam/ircc/documents/json/data-ptime-en.json,official,active,,,2026-09-25T01:18:44.823Z
ca-sponsor-dependent-child--ky,ircc-ptime,CA,sponsorship,backward,ca-sponsor-dependent-child,Sponsorship: dependent child,KY,Cayman Islands,No processing time available,,,unavailable,2026-09-22,2026-09-25T00:45:26.696Z,https://www.canada.ca/content/dam/ircc/documents/json/data-ptime-en.json,official,active,,,2026-09-25T01:18:44.823Z
ca-sponsor-dependent-child--kz,ircc-ptime,CA,sponsorship,backward,ca-sponsor-dependent-child,Sponsorship: dependent child,KZ,Kazakhstan,No processing time available,,,unavailable,2026-09-22,2026-09-25T00:45:26.696Z,https://www.canada.ca/content/dam/ircc/documents/json/data-ptime-en.json,official,active,,,2026-09-25T01:18:44.823Z
ca-sponsor-dependent-child--la,ircc-ptime,CA,sponsorship,backward,ca-sponsor-dependent-child,Sponsorship: dependent child,LA,Laos,No processing time available,,,unavailable,2026-09-22,2026-09-25T00:45:26.696Z,https://www.canada.ca/content/dam/ircc/documents/json/data-ptime-en.json,official,active,,,2026-09-25T01:18:44.823Z
ca-sponsor-dependent-child--lb,ircc-ptime,CA,sponsorship,backward,ca-sponsor-dependent-child,Sponsorship: dependent child,LB,Lebanon,No processing time available,,,unavailable,2026-09-22,2026-09-25T00:45:26.696Z,https://www.canada.ca/content/dam/ircc/documents/json/data-ptime-en.json,official,active,,,2026-09-25T01:18:44.823Z
ca-sponsor-dependent-child--lc,ircc-ptime,CA,sponsorship,backward,ca-sponsor-dependent-child,Sponsorship: dependent child,LC,St. Lucia,No processing time available,,,unavailable,2026-09-22,2026-09-25T00:45:26.696Z,https://www.canada.ca/content/dam/ircc/documents/json/data-ptime-en.json,official,active,,,2026-09-25T01:18:44.823Z
ca-sponsor-dependent-child--li,ircc-ptime,CA,sponsorship,backward,ca-sponsor-dependent-child,Sponsorship: dependent child,LI,Liechtenstein,No processing time available,,,unavailable,2026-09-22,2026-09-25T00:45:26.696Z,https://www.canada.ca/content/dam/ircc/documents/json/data-ptime-en.json,official,active,,,2026-09-25T01:18:44.823Z
ca-sponsor-dependent-child--lk,ircc-ptime,CA,sponsorship,backward,ca-sponsor-dependent-child,Sponsorship: dependent child,LK,Sri Lanka,No processing time available,,,unavailable,2026-09-22,2026-09-25T00:45:26.696Z,https://www.canada.ca/content/dam/ircc/documents/json/data-ptime-en.json,official,active,,,2026-09-25T01:18:44.823Z
ca-sponsor-dependent-child--lr,ircc-ptime,CA,sponsorship,backward,ca-sponsor-dependent-child,Sponsorship: dependent child,LR,Liberia,No processing time available,,,unavailable,2026-09-22,2026-09-25T00:45:26.696Z,https://www.canada.ca/content/dam/ircc/documents/json/data-ptime-en.json,official,active,,,2026-09-25T01:18:44.823Z
ca-sponsor-dependent-child--ls,ircc-ptime,CA,sponsorship,backward,ca-sponsor-dependent-child,Sponsorship: dependent child,LS,Lesotho,No processing time available,,,unavailable,2026-09-22,2026-09-25T00:45:26.696Z,https://www.canada.ca/content/dam/ircc/documents/json/data-ptime-en.json,official,active,,,2026-09-25T01:18:44.823Z
ca-sponsor-dependent-child--lt,ircc-ptime,CA,sponsorship,backward,ca-sponsor-dependent-child,Sponsorship: dependent child,LT,Lithuania,No processing time available,,,unavailable,2026-09-22,2026-09-25T00:45:26.696Z,https://www.canada.ca/content/dam/ircc/documents/json/data-ptime-en.json,official,active,,,2026-09-25T01:18:44.823Z
ca-sponsor-dependent-child--lu,ircc-ptime,CA,sponsorship,backward,ca-sponsor-dependent-child,Sponsorship: dependent child,LU,Luxembourg,No processing time available,,,unavailable,2026-09-22,2026-09-25T00:45:26.696Z,https://www.canada.ca/content/dam/ircc/documents/json/data-ptime-en.json,official,active,,,2026-09-25T01:18:44.823Z
ca-sponsor-dependent-child--lv,ircc-ptime,CA,sponsorship,backward,ca-sponsor-dependent-child,Sponsorship: dependent child,LV,Latvia,No processing time available,,,unavailable,2026-09-22,2026-09-25T00:45:26.696Z,https://www.canada.ca/content/dam/ircc/documents/json/data-ptime-en.json,official,active,,,2026-09-25T01:18:44.823Z
ca-sponsor-dependent-child--ly,ircc-ptime,CA,sponsorship,backward,ca-sponsor-dependent-child,Sponsorship: dependent child,LY,Libya,No processing time available,,,unavailable,2026-09-22,2026-09-25T00:45:26.696Z,https://www.canada.ca/content/dam/ircc/documents/json/data-ptime-en.json,official,active,,,2026-09-25T01:18:44.823Z
ca-sponsor-dependent-child--ma,ircc-ptime,CA,sponsorship,backward,ca-sponsor-dependent-child,Sponsorship: dependent child,MA,Morocco,No processing time available,,,unavailable,2026-09-22,2026-09-25T00:45:26.696Z,https://www.canada.ca/content/dam/ircc/documents/json/data-ptime-en.json,official,active,,,2026-09-25T01:18:44.823Z
ca-sponsor-dependent-child--mc,ircc-ptime,CA,sponsorship,backward,ca-sponsor-dependent-child,Sponsorship: dependent child,MC,Monaco,No processing time available,,,unavailable,2026-09-22,2026-09-25T00:45:26.696Z,https://www.canada.ca/content/dam/ircc/documents/json/data-ptime-en.json,official,active,,,2026-09-25T01:18:44.823Z
ca-sponsor-dependent-child--md,ircc-ptime,CA,sponsorship,backward,ca-sponsor-dependent-child,Sponsorship: dependent child,MD,Moldova,No processing time available,,,unavailable,2026-09-22,2026-09-25T00:45:26.696Z,https://www.canada.ca/content/dam/ircc/documents/json/data-ptime-en.json,official,active,,,2026-09-25T01:18:44.823Z
ca-sponsor-dependent-child--me,ircc-ptime,CA,sponsorship,backward,ca-sponsor-dependent-child,Sponsorship: dependent child,ME,Montenegro,No processing time available,,,unavailable,2026-09-22,2026-09-25T00:45:26.696Z,https://www.canada.ca/content/dam/ircc/documents/json/data-ptime-en.json,official,active,,,2026-09-25T01:18:44.823Z
ca-sponsor-dependent-child--mg,ircc-ptime,CA,sponsorship,backward,ca-sponsor-dependent-child,Sponsorship: dependent child,MG,Madagascar,No processing time available,,,unavailable,2026-09-22,2026-09-25T00:45:26.696Z,https://www.canada.ca/content/dam/ircc/documents/json/data-ptime-en.json,official,active,,,2026-09-25T01:18:44.823Z
ca-sponsor-dependent-child--mh,ircc-ptime,CA,sponsorship,backward,ca-sponsor-dependent-child,Sponsorship: dependent child,MH,Marshall Islands,No processing time available,,,unavailable,2026-09-22,2026-09-25T00:45:26.696Z,https://www.canada.ca/content/dam/ircc/documents/json/data-ptime-en.json,official,active,,,2026-09-25T01:18:44.823Z
ca-sponsor-dependent-child--mk,ircc-ptime,CA,sponsorship,backward,ca-sponsor-dependent-child,Sponsorship: dependent child,MK,North Macedonia,No processing time available,,,unavailable,2026-09-22,2026-09-25T00:45:26.696Z,https://www.canada.ca/content/dam/ircc/documents/json/data-ptime-en.json,official,active,,,2026-09-25T01:18:44.823Z
ca-sponsor-dependent-child--ml,ircc-ptime,CA,sponsorship,backward,ca-sponsor-dependent-child,Sponsorship: dependent child,ML,Mali,No processing time available,,,unavailable,2026-09-22,2026-09-25T00:45:26.696Z,https://www.canada.ca/content/dam/ircc/documents/json/data-ptime-en.json,official,active,,,2026-09-25T01:18:44.823Z
ca-sponsor-dependent-child--mm,ircc-ptime,CA,sponsorship,backward,ca-sponsor-dependent-child,Sponsorship: dependent child,MM,Myanmar (Burma),No processing time available,,,unavailable,2026-09-22,2026-09-25T00:45:26.696Z,https://www.canada.ca/content/dam/ircc/documents/json/data-ptime-en.json,official,active,,,2026-09-25T01:18:44.823Z
ca-sponsor-dependent-child--mn,ircc-ptime,CA,sponsorship,backward,ca-sponsor-dependent-child,Sponsorship: dependent child,MN,Mongolia,No processing time available,,,unavailable,2026-09-22,2026-09-25T00:45:26.696Z,https://www.canada.ca/content/dam/ircc/documents/json/data-ptime-en.json,official,active,,,2026-09-25T01:18:44.823Z
ca-sponsor-dependent-child--mo,ircc-ptime,CA,sponsorship,backward,ca-sponsor-dependent-child,Sponsorship: dependent child,MO,Macao SAR China,No processing time available,,,unavailable,2026-09-22,2026-09-25T00:45:26.696Z,https://www.canada.ca/content/dam/ircc/documents/json/data-ptime-en.json,official,active,,,2026-09-25T01:18:44.823Z
ca-sponsor-dependent-child--mq,ircc-ptime,CA,sponsorship,backward,ca-sponsor-dependent-child,Sponsorship: dependent child,MQ,Martinique,No processing time available,,,unavailable,2026-09-22,2026-09-25T00:45:26.696Z,https://www.canada.ca/content/dam/ircc/documents/json/data-ptime-en.json,official,active,,,2026-09-25T01:18:44.823Z
ca-sponsor-dependent-child--mr,ircc-ptime,CA,sponsorship,backward,ca-sponsor-dependent-child,Sponsorship: dependent child,MR,Mauritania,No processing time available,,,unavailable,2026-09-22,2026-09-25T00:45:26.696Z,https://www.canada.ca/content/dam/ircc/documents/json/data-ptime-en.json,official,active,,,2026-09-25T01:18:44.823Z
ca-sponsor-dependent-child--mt,ircc-ptime,CA,sponsorship,backward,ca-sponsor-dependent-child,Sponsorship: dependent child,MT,Malta,No processing time available,,,unavailable,2026-09-22,2026-09-25T00:45:26.696Z,https://www.canada.ca/content/dam/ircc/documents/json/data-ptime-en.json,official,active,,,2026-09-25T01:18:44.823Z
ca-sponsor-dependent-child--mu,ircc-ptime,CA,sponsorship,backward,ca-sponsor-dependent-child,Sponsorship: dependent child,MU,Mauritius,No processing time available,,,unavailable,2026-09-22,2026-09-25T00:45:26.696Z,https://www.canada.ca/content/dam/ircc/documents/json/data-ptime-en.json,official,active,,,2026-09-25T01:18:44.823Z
ca-sponsor-dependent-child--mv,ircc-ptime,CA,sponsorship,backward,ca-sponsor-dependent-child,Sponsorship: dependent child,MV,Maldives,No processing time available,,,unavailable,2026-09-22,2026-09-25T00:45:26.696Z,https://www.canada.ca/content/dam/ircc/documents/json/data-ptime-en.json,official,active,,,2026-09-25T01:18:44.823Z
ca-sponsor-dependent-child--mw,ircc-ptime,CA,sponsorship,backward,ca-sponsor-dependent-child,Sponsorship: dependent child,MW,Malawi,No processing time available,,,unavailable,2026-09-22,2026-09-25T00:45:26.696Z,https://www.canada.ca/content/dam/ircc/documents/json/data-ptime-en.json,official,active,,,2026-09-25T01:18:44.823Z
ca-sponsor-dependent-child--mx,ircc-ptime,CA,sponsorship,backward,ca-sponsor-dependent-child,Sponsorship: dependent child,MX,Mexico,No processing time available,,,unavailable,2026-09-22,2026-09-25T00:45:26.696Z,https://www.canada.ca/content/dam/ircc/documents/json/data-ptime-en.json,official,active,,,2026-09-25T01:18:44.823Z
ca-sponsor-dependent-child--my,ircc-ptime,CA,sponsorship,backward,ca-sponsor-dependent-child,Sponsorship: dependent child,MY,Malaysia,No processing time available,,,unavailable,2026-09-22,2026-09-25T00:45:26.696Z,https://www.canada.ca/content/dam/ircc/documents/json/data-ptime-en.json,official,active,,,2026-09-25T01:18:44.823Z
ca-sponsor-dependent-child--mz,ircc-ptime,CA,sponsorship,backward,ca-sponsor-dependent-child,Sponsorship: dependent child,MZ,Mozambique,No processing time available,,,unavailable,2026-09-22,2026-09-25T00:45:26.696Z,https://www.canada.ca/content/dam/ircc/documents/json/data-ptime-en.json,official,active,,,2026-09-25T01:18:44.823Z
ca-sponsor-dependent-child--na,ircc-ptime,CA,sponsorship,backward,ca-sponsor-dependent-child,Sponsorship: dependent child,NA,Namibia,No processing time available,,,unavailable,2026-09-22,2026-09-25T00:45:26.696Z,https://www.canada.ca/content/dam/ircc/documents/json/data-ptime-en.json,official,active,,,2026-09-25T01:18:44.823Z
ca-sponsor-dependent-child--nc,ircc-ptime,CA,sponsorship,backward,ca-sponsor-dependent-child,Sponsorship: dependent child,NC,New Caledonia,No processing time available,,,unavailable,2026-09-22,2026-09-25T00:45:26.696Z,https://www.canada.ca/content/dam/ircc/documents/json/data-ptime-en.json,official,active,,,2026-09-25T01:18:44.823Z
ca-sponsor-dependent-child--ne,ircc-ptime,CA,sponsorship,backward,ca-sponsor-dependent-child,Sponsorship: dependent child,NE,Niger,No processing time available,,,unavailable,2026-09-22,2026-09-25T00:45:26.696Z,https://www.canada.ca/content/dam/ircc/documents/json/data-ptime-en.json,official,active,,,2026-09-25T01:18:44.823Z
ca-sponsor-dependent-child--ng,ircc-ptime,CA,sponsorship,backward,ca-sponsor-dependent-child,Sponsorship: dependent child,NG,Nigeria,20 months,608.8,months,ok,2026-09-22,2026-09-25T00:45:26.696Z,https://www.canada.ca/content/dam/ircc/documents/json/data-ptime-en.json,official,active,,,2026-09-25T01:18:44.823Z
ca-sponsor-dependent-child--ni,ircc-ptime,CA,sponsorship,backward,ca-sponsor-dependent-child,Sponsorship: dependent child,NI,Nicaragua,No processing time available,,,unavailable,2026-09-22,2026-09-25T00:45:26.696Z,https://www.canada.ca/content/dam/ircc/documents/json/data-ptime-en.json,official,active,,,2026-09-25T01:18:44.823Z
ca-sponsor-dependent-child--nl,ircc-ptime,CA,sponsorship,backward,ca-sponsor-dependent-child,Sponsorship: dependent child,NL,Netherlands,No processing time available,,,unavailable,2026-09-22,2026-09-25T00:45:26.696Z,https://www.canada.ca/content/dam/ircc/documents/json/data-ptime-en.json,official,active,,,2026-09-25T01:18:44.823Z
ca-sponsor-dependent-child--no,ircc-ptime,CA,sponsorship,backward,ca-sponsor-dependent-child,Sponsorship: dependent child,NO,Norway,No processing time available,,,unavailable,2026-09-22,2026-09-25T00:45:26.696Z,https://www.canada.ca/content/dam/ircc/documents/json/data-ptime-en.json,official,active,,,2026-09-25T01:18:44.823Z
ca-sponsor-dependent-child--np,ircc-ptime,CA,sponsorship,backward,ca-sponsor-dependent-child,Sponsorship: dependent child,NP,Nepal,No processing time available,,,unavailable,2026-09-22,2026-09-25T00:45:26.696Z,https://www.canada.ca/content/dam/ircc/documents/json/data-ptime-en.json,official,active,,,2026-09-25T01:18:44.823Z
ca-sponsor-dependent-child--nr,ircc-ptime,CA,sponsorship,backward,ca-sponsor-dependent-child,Sponsorship: dependent child,NR,Nauru,No processing time available,,,unavailable,2026-09-22,2026-09-25T00:45:26.696Z,https://www.canada.ca/content/dam/ircc/documents/json/data-ptime-en.json,official,active,,,2026-09-25T01:18:44.823Z
ca-sponsor-dependent-child--nz,ircc-ptime,CA,sponsorship,backward,ca-sponsor-dependent-child,Sponsorship: dependent child,NZ,New Zealand,No processing time available,,,unavailable,2026-09-22,2026-09-25T00:45:26.696Z,https://www.canada.ca/content/dam/ircc/documents/json/data-ptime-en.json,official,active,,,2026-09-25T01:18:44.823Z
ca-sponsor-dependent-child--om,ircc-ptime,CA,sponsorship,backward,ca-sponsor-dependent-child,Sponsorship: dependent child,OM,Oman,No processing time available,,,unavailable,2026-09-22,2026-09-25T00:45:26.696Z,https://www.canada.ca/content/dam/ircc/documents/json/data-ptime-en.json,official,active,,,2026-09-25T01:18:44.823Z
ca-sponsor-dependent-child--pa,ircc-ptime,CA,sponsorship,backward,ca-sponsor-dependent-child,Sponsorship: dependent child,PA,Panama,No processing time available,,,unavailable,2026-09-22,2026-09-25T00:45:26.696Z,https://www.canada.ca/content/dam/ircc/documents/json/data-ptime-en.json,official,active,,,2026-09-25T01:18:44.823Z
ca-sponsor-dependent-child--pe,ircc-ptime,CA,sponsorship,backward,ca-sponsor-dependent-child,Sponsorship: dependent child,PE,Peru,No processing time available,,,unavailable,2026-09-22,2026-09-25T00:45:26.696Z,https://www.canada.ca/content/dam/ircc/documents/json/data-ptime-en.json,official,active,,,2026-09-25T01:18:44.823Z
ca-sponsor-dependent-child--pf,ircc-ptime,CA,sponsorship,backward,ca-sponsor-dependent-child,Sponsorship: dependent child,PF,French Polynesia,No processing time available,,,unavailable,2026-09-22,2026-09-25T00:45:26.696Z,https://www.canada.ca/content/dam/ircc/documents/json/data-ptime-en.json,official,active,,,2026-09-25T01:18:44.823Z
ca-sponsor-dependent-child--pg,ircc-ptime,CA,sponsorship,backward,ca-sponsor-dependent-child,Sponsorship: dependent child,PG,Papua New Guinea,No processing time available,,,unavailable,2026-09-22,2026-09-25T00:45:26.696Z,https://www.canada.ca/content/dam/ircc/documents/json/data-ptime-en.json,official,active,,,2026-09-25T01:18:44.823Z
ca-sponsor-dependent-child--ph,ircc-ptime,CA,sponsorship,backward,ca-sponsor-dependent-child,Sponsorship: dependent child,PH,Philippines,12 months,365.28,months,ok,2026-09-22,2026-09-25T00:45:26.696Z,https://www.canada.ca/content/dam/ircc/documents/json/data-ptime-en.json,official,active,,,2026-09-25T01:18:44.823Z
ca-sponsor-dependent-child--pk,ircc-ptime,CA,sponsorship,backward,ca-sponsor-dependent-child,Sponsorship: dependent child,PK,Pakistan,No processing time available,,,unavailable,2026-09-22,2026-09-25T00:45:26.696Z,https://www.canada.ca/content/dam/ircc/documents/json/data-ptime-en.json,official,active,,,2026-09-25T01:18:44.823Z
ca-sponsor-dependent-child--pl,ircc-ptime,CA,sponsorship,backward,ca-sponsor-dependent-child,Sponsorship: dependent child,PL,Poland,No processing time available,,,unavailable,2026-09-22,2026-09-25T00:45:26.696Z,https://www.canada.ca/content/dam/ircc/documents/json/data-ptime-en.json,official,active,,,2026-09-25T01:18:44.823Z
ca-sponsor-dependent-child--pr,ircc-ptime,CA,sponsorship,backward,ca-sponsor-dependent-child,Sponsorship: dependent child,PR,Puerto Rico,No processing time available,,,unavailable,2026-09-22,2026-09-25T00:45:26.696Z,https://www.canada.ca/content/dam/ircc/documents/json/data-ptime-en.json,official,active,,,2026-09-25T01:18:44.823Z
ca-sponsor-dependent-child--ps,ircc-ptime,CA,sponsorship,backward,ca-sponsor-dependent-child,Sponsorship: dependent child,PS,Palestinian Territories,No processing time available,,,unavailable,2026-09-22,2026-09-25T00:45:26.696Z,https://www.canada.ca/content/dam/ircc/documents/json/data-ptime-en.json,official,active,,,2026-09-25T01:18:44.823Z
ca-sponsor-dependent-child--pt,ircc-ptime,CA,sponsorship,backward,ca-sponsor-dependent-child,Sponsorship: dependent child,PT,Portugal,No processing time available,,,unavailable,2026-09-22,2026-09-25T00:45:26.696Z,https://www.canada.ca/content/dam/ircc/documents/json/data-ptime-en.json,official,active,,,2026-09-25T01:18:44.823Z
ca-sponsor-dependent-child--py,ircc-ptime,CA,sponsorship,backward,ca-sponsor-dependent-child,Sponsorship: dependent child,PY,Paraguay,No processing time available,,,unavailable,2026-09-22,2026-09-25T00:45:26.696Z,https://www.canada.ca/content/dam/ircc/documents/json/data-ptime-en.json,official,active,,,2026-09-25T01:18:44.823Z
ca-sponsor-dependent-child--qa,ircc-ptime,CA,sponsorship,backward,ca-sponsor-dependent-child,Sponsorship: dependent child,QA,Qatar,No processing time available,,,unavailable,2026-09-22,2026-09-25T00:45:26.696Z,https://www.canada.ca/content/dam/ircc/documents/json/data-ptime-en.json,official,active,,,2026-09-25T01:18:44.823Z
ca-sponsor-dependent-child--ro,ircc-ptime,CA,sponsorship,backward,ca-sponsor-dependent-child,Sponsorship: dependent child,RO,Romania,No processing time available,,,unavailable,2026-09-22,2026-09-25T00:45:26.696Z,https://www.canada.ca/content/dam/ircc/documents/json/data-ptime-en.json,official,active,,,2026-09-25T01:18:44.823Z
ca-sponsor-dependent-child--rs,ircc-ptime,CA,sponsorship,backward,ca-sponsor-dependent-child,Sponsorship: dependent child,RS,Serbia,No processing time available,,,unavailable,2026-09-22,2026-09-25T00:45:26.696Z,https://www.canada.ca/content/dam/ircc/documents/json/data-ptime-en.json,official,active,,,2026-09-25T01:18:44.823Z
ca-sponsor-dependent-child--ru,ircc-ptime,CA,sponsorship,backward,ca-sponsor-dependent-child,Sponsorship: dependent child,RU,Russia,No processing time available,,,unavailable,2026-09-22,2026-09-25T00:45:26.696Z,https://www.canada.ca/content/dam/ircc/documents/json/data-ptime-en.json,official,active,,,2026-09-25T01:18:44.823Z
ca-sponsor-dependent-child--rw,ircc-ptime,CA,sponsorship,backward,ca-sponsor-dependent-child,Sponsorship: dependent child,RW,Rwanda,No processing time available,,,unavailable,2026-09-22,2026-09-25T00:45:26.696Z,https://www.canada.ca/content/dam/ircc/documents/json/data-ptime-en.json,official,active,,,2026-09-25T01:18:44.823Z
ca-sponsor-dependent-child--sa,ircc-ptime,CA,sponsorship,backward,ca-sponsor-dependent-child,Sponsorship: dependent child,SA,Saudi Arabia,No processing time available,,,unavailable,2026-09-22,2026-09-25T00:45:26.696Z,https://www.canada.ca/content/dam/ircc/documents/json/data-ptime-en.json,official,active,,,2026-09-25T01:18:44.823Z
ca-sponsor-dependent-child--sb,ircc-ptime,CA,sponsorship,backward,ca-sponsor-dependent-child,Sponsorship: dependent child,SB,Solomon Islands,No processing time available,,,unavailable,2026-09-22,2026-09-25T00:45:26.696Z,https://www.canada.ca/content/dam/ircc/documents/json/data-ptime-en.json,official,active,,,2026-09-25T01:18:44.823Z
ca-sponsor-dependent-child--sc,ircc-ptime,CA,sponsorship,backward,ca-sponsor-dependent-child,Sponsorship: dependent child,SC,Seychelles,No processing time available,,,unavailable,2026-09-22,2026-09-25T00:45:26.696Z,https://www.canada.ca/content/dam/ircc/documents/json/data-ptime-en.json,official,active,,,2026-09-25T01:18:44.823Z
ca-sponsor-dependent-child--sd,ircc-ptime,CA,sponsorship,backward,ca-sponsor-dependent-child,Sponsorship: dependent child,SD,Sudan,No processing time available,,,unavailable,2026-09-22,2026-09-25T00:45:26.696Z,https://www.canada.ca/content/dam/ircc/documents/json/data-ptime-en.json,official,active,,,2026-09-25T01:18:44.823Z
ca-sponsor-dependent-child--se,ircc-ptime,CA,sponsorship,backward,ca-sponsor-dependent-child,Sponsorship: dependent child,SE,Sweden,No processing time available,,,unavailable,2026-09-22,2026-09-25T00:45:26.696Z,https://www.canada.ca/content/dam/ircc/documents/json/data-ptime-en.json,official,active,,,2026-09-25T01:18:44.823Z
ca-sponsor-dependent-child--sg,ircc-ptime,CA,sponsorship,backward,ca-sponsor-dependent-child,Sponsorship: dependent child,SG,Singapore,No processing time available,,,unavailable,2026-09-22,2026-09-25T00:45:26.696Z,https://www.canada.ca/content/dam/ircc/documents/json/data-ptime-en.json,official,active,,,2026-09-25T01:18:44.823Z
ca-sponsor-dependent-child--si,ircc-ptime,CA,sponsorship,backward,ca-sponsor-dependent-child,Sponsorship: dependent child,SI,Slovenia,No processing time available,,,unavailable,2026-09-22,2026-09-25T00:45:26.696Z,https://www.canada.ca/content/dam/ircc/documents/json/data-ptime-en.json,official,active,,,2026-09-25T01:18:44.823Z
ca-sponsor-dependent-child--sk,ircc-ptime,CA,sponsorship,backward,ca-sponsor-dependent-child,Sponsorship: dependent child,SK,Slovakia,No processing time available,,,unavailable,2026-09-22,2026-09-25T00:45:26.696Z,https://www.canada.ca/content/dam/ircc/documents/json/data-ptime-en.json,official,active,,,2026-09-25T01:18:44.823Z
ca-sponsor-dependent-child--sl,ircc-ptime,CA,sponsorship,backward,ca-sponsor-dependent-child,Sponsorship: dependent child,SL,Sierra Leone,No processing time available,,,unavailable,2026-09-22,2026-09-25T00:45:26.696Z,https://www.canada.ca/content/dam/ircc/documents/json/data-ptime-en.json,official,active,,,2026-09-25T01:18:44.823Z
ca-sponsor-dependent-child--sm,ircc-ptime,CA,sponsorship,backward,ca-sponsor-dependent-child,Sponsorship: dependent child,SM,San Marino,No processing time available,,,unavailable,2026-09-22,2026-09-25T00:45:26.696Z,https://www.canada.ca/content/dam/ircc/documents/json/data-ptime-en.json,official,active,,,2026-09-25T01:18:44.823Z
ca-sponsor-dependent-child--sn,ircc-ptime,CA,sponsorship,backward,ca-sponsor-dependent-child,Sponsorship: dependent child,SN,Senegal,No processing time available,,,unavailable,2026-09-22,2026-09-25T00:45:26.696Z,https://www.canada.ca/content/dam/ircc/documents/json/data-ptime-en.json,official,active,,,2026-09-25T01:18:44.823Z
ca-sponsor-dependent-child--so,ircc-ptime,CA,sponsorship,backward,ca-sponsor-dependent-child,Sponsorship: dependent child,SO,Somalia,No processing time available,,,unavailable,2026-09-22,2026-09-25T00:45:26.696Z,https://www.canada.ca/content/dam/ircc/documents/json/data-ptime-en.json,official,active,,,2026-09-25T01:18:44.823Z
ca-sponsor-dependent-child--sr,ircc-ptime,CA,sponsorship,backward,ca-sponsor-dependent-child,Sponsorship: dependent child,SR,Suriname,No processing time available,,,unavailable,2026-09-22,2026-09-25T00:45:26.696Z,https://www.canada.ca/content/dam/ircc/documents/json/data-ptime-en.json,official,active,,,2026-09-25T01:18:44.823Z
ca-sponsor-dependent-child--ss,ircc-ptime,CA,sponsorship,backward,ca-sponsor-dependent-child,Sponsorship: dependent child,SS,South Sudan,No processing time available,,,unavailable,2026-09-22,2026-09-25T00:45:26.696Z,https://www.canada.ca/content/dam/ircc/documents/json/data-ptime-en.json,official,active,,,2026-09-25T01:18:44.823Z
ca-sponsor-dependent-child--st,ircc-ptime,CA,sponsorship,backward,ca-sponsor-dependent-child,Sponsorship: dependent child,ST,São Tomé & Príncipe,No processing time available,,,unavailable,2026-09-22,2026-09-25T00:45:26.696Z,https://www.canada.ca/content/dam/ircc/documents/json/data-ptime-en.json,official,active,,,2026-09-25T01:18:44.823Z
ca-sponsor-dependent-child--sv,ircc-ptime,CA,sponsorship,backward,ca-sponsor-dependent-child,Sponsorship: dependent child,SV,El Salvador,No processing time available,,,unavailable,2026-09-22,2026-09-25T00:45:26.696Z,https://www.canada.ca/content/dam/ircc/documents/json/data-ptime-en.json,official,active,,,2026-09-25T01:18:44.823Z
ca-sponsor-dependent-child--sy,ircc-ptime,CA,sponsorship,backward,ca-sponsor-dependent-child,Sponsorship: dependent child,SY,Syria,No processing time available,,,unavailable,2026-09-22,2026-09-25T00:45:26.696Z,https://www.canada.ca/content/dam/ircc/documents/json/data-ptime-en.json,official,active,,,2026-09-25T01:18:44.823Z
ca-sponsor-dependent-child--sz,ircc-ptime,CA,sponsorship,backward,ca-sponsor-dependent-child,Sponsorship: dependent child,SZ,Eswatini,No processing time available,,,unavailable,2026-09-22,2026-09-25T00:45:26.696Z,https://www.canada.ca/content/dam/ircc/documents/json/data-ptime-en.json,official,active,,,2026-09-25T01:18:44.823Z
ca-sponsor-dependent-child--tc,ircc-ptime,CA,sponsorship,backward,ca-sponsor-dependent-child,Sponsorship: dependent child,TC,Turks & Caicos Islands,No processing time available,,,unavailable,2026-09-22,2026-09-25T00:45:26.696Z,https://www.canada.ca/content/dam/ircc/documents/json/data-ptime-en.json,official,active,,,2026-09-25T01:18:44.823Z
ca-sponsor-dependent-child--td,ircc-ptime,CA,sponsorship,backward,ca-sponsor-dependent-child,Sponsorship: dependent child,TD,Chad,No processing time available,,,unavailable,2026-09-22,2026-09-25T00:45:26.696Z,https://www.canada.ca/content/dam/ircc/documents/json/data-ptime-en.json,official,active,,,2026-09-25T01:18:44.823Z
ca-sponsor-dependent-child--tg,ircc-ptime,CA,sponsorship,backward,ca-sponsor-dependent-child,Sponsorship: dependent child,TG,Togo,No processing time available,,,unavailable,2026-09-22,2026-09-25T00:45:26.696Z,https://www.canada.ca/content/dam/ircc/documents/json/data-ptime-en.json,official,active,,,2026-09-25T01:18:44.823Z
ca-sponsor-dependent-child--th,ircc-ptime,CA,sponsorship,backward,ca-sponsor-dependent-child,Sponsorship: dependent child,TH,Thailand,No processing time available,,,unavailable,2026-09-22,2026-09-25T00:45:26.696Z,https://www.canada.ca/content/dam/ircc/documents/json/data-ptime-en.json,official,active,,,2026-09-25T01:18:44.823Z
ca-sponsor-dependent-child--tj,ircc-ptime,CA,sponsorship,backward,ca-sponsor-dependent-child,Sponsorship: dependent child,TJ,Tajikistan,No processing time available,,,unavailable,2026-09-22,2026-09-25T00:45:26.696Z,https://www.canada.ca/content/dam/ircc/documents/json/data-ptime-en.json,official,active,,,2026-09-25T01:18:44.823Z
ca-sponsor-dependent-child--tl,ircc-ptime,CA,sponsorship,backward,ca-sponsor-dependent-child,Sponsorship: dependent child,TL,Timor-Leste,No processing time available,,,unavailable,2026-09-22,2026-09-25T00:45:26.696Z,https://www.canada.ca/content/dam/ircc/documents/json/data-ptime-en.json,official,active,,,2026-09-25T01:18:44.823Z
ca-sponsor-dependent-child--tm,ircc-ptime,CA,sponsorship,backward,ca-sponsor-dependent-child,Sponsorship: dependent child,TM,Turkmenistan,No processing time available,,,unavailable,2026-09-22,2026-09-25T00:45:26.696Z,https://www.canada.ca/content/dam/ircc/documents/json/data-ptime-en.json,official,active,,,2026-09-25T01:18:44.823Z
ca-sponsor-dependent-child--tn,ircc-ptime,CA,sponsorship,backward,ca-sponsor-dependent-child,Sponsorship: dependent child,TN,Tunisia,No processing time available,,,unavailable,2026-09-22,2026-09-25T00:45:26.696Z,https://www.canada.ca/content/dam/ircc/documents/json/data-ptime-en.json,official,active,,,2026-09-25T01:18:44.823Z
ca-sponsor-dependent-child--to,ircc-ptime,CA,sponsorship,backward,ca-sponsor-dependent-child,Sponsorship: dependent child,TO,Tonga,No processing time available,,,unavailable,2026-09-22,2026-09-25T00:45:26.696Z,https://www.canada.ca/content/dam/ircc/documents/json/data-ptime-en.json,official,active,,,2026-09-25T01:18:44.823Z
ca-sponsor-dependent-child--tr,ircc-ptime,CA,sponsorship,backward,ca-sponsor-dependent-child,Sponsorship: dependent child,TR,Türkiye,No processing time available,,,unavailable,2026-09-22,2026-09-25T00:45:26.696Z,https://www.canada.ca/content/dam/ircc/documents/json/data-ptime-en.json,official,active,,,2026-09-25T01:18:44.823Z
ca-sponsor-dependent-child--tt,ircc-ptime,CA,sponsorship,backward,ca-sponsor-dependent-child,Sponsorship: dependent child,TT,Trinidad & Tobago,No processing time available,,,unavailable,2026-09-22,2026-09-25T00:45:26.696Z,https://www.canada.ca/content/dam/ircc/documents/json/data-ptime-en.json,official,active,,,2026-09-25T01:18:44.823Z
ca-sponsor-dependent-child--tv,ircc-ptime,CA,sponsorship,backward,ca-sponsor-dependent-child,Sponsorship: dependent child,TV,Tuvalu,No processing time available,,,unavailable,2026-09-22,2026-09-25T00:45:26.696Z,https://www.canada.ca/content/dam/ircc/documents/json/data-ptime-en.json,official,active,,,2026-09-25T01:18:44.823Z
ca-sponsor-dependent-child--tw,ircc-ptime,CA,sponsorship,backward,ca-sponsor-dependent-child,Sponsorship: dependent child,TW,Taiwan,No processing time available,,,unavailable,2026-09-22,2026-09-25T00:45:26.696Z,https://www.canada.ca/content/dam/ircc/documents/json/data-ptime-en.json,official,active,,,2026-09-25T01:18:44.823Z
ca-sponsor-dependent-child--tz,ircc-ptime,CA,sponsorship,backward,ca-sponsor-dependent-child,Sponsorship: dependent child,TZ,Tanzania,No processing time available,,,unavailable,2026-09-22,2026-09-25T00:45:26.696Z,https://www.canada.ca/content/dam/ircc/documents/json/data-ptime-en.json,official,active,,,2026-09-25T01:18:44.823Z
ca-sponsor-dependent-child--ua,ircc-ptime,CA,sponsorship,backward,ca-sponsor-dependent-child,Sponsorship: dependent child,UA,Ukraine,No processing time available,,,unavailable,2026-09-22,2026-09-25T00:45:26.696Z,https://www.canada.ca/content/dam/ircc/documents/json/data-ptime-en.json,official,active,,,2026-09-25T01:18:44.823Z
ca-sponsor-dependent-child--ug,ircc-ptime,CA,sponsorship,backward,ca-sponsor-dependent-child,Sponsorship: dependent child,UG,Uganda,No processing time available,,,unavailable,2026-09-22,2026-09-25T00:45:26.696Z,https://www.canada.ca/content/dam/ircc/documents/json/data-ptime-en.json,official,active,,,2026-09-25T01:18:44.823Z
ca-sponsor-dependent-child--us,ircc-ptime,CA,sponsorship,backward,ca-sponsor-dependent-child,Sponsorship: dependent child,US,United States,No processing time available,,,unavailable,2026-09-22,2026-09-25T00:45:26.696Z,https://www.canada.ca/content/dam/ircc/documents/json/data-ptime-en.json,official,active,,,2026-09-25T01:18:44.823Z
ca-sponsor-dependent-child--uy,ircc-ptime,CA,sponsorship,backward,ca-sponsor-dependent-child,Sponsorship: dependent child,UY,Uruguay,No processing time available,,,unavailable,2026-09-22,2026-09-25T00:45:26.696Z,https://www.canada.ca/content/dam/ircc/documents/json/data-ptime-en.json,official,active,,,2026-09-25T01:18:44.823Z
ca-sponsor-dependent-child--uz,ircc-ptime,CA,sponsorship,backward,ca-sponsor-dependent-child,Sponsorship: dependent child,UZ,Uzbekistan,No processing time available,,,unavailable,2026-09-22,2026-09-25T00:45:26.696Z,https://www.canada.ca/content/dam/ircc/documents/json/data-ptime-en.json,official,active,,,2026-09-25T01:18:44.823Z
ca-sponsor-dependent-child--va,ircc-ptime,CA,sponsorship,backward,ca-sponsor-dependent-child,Sponsorship: dependent child,VA,Vatican City,No processing time available,,,unavailable,2026-09-22,2026-09-25T00:45:26.696Z,https://www.canada.ca/content/dam/ircc/documents/json/data-ptime-en.json,official,active,,,2026-09-25T01:18:44.823Z
ca-sponsor-dependent-child--vc,ircc-ptime,CA,sponsorship,backward,ca-sponsor-dependent-child,Sponsorship: dependent child,VC,St. Vincent & Grenadines,No processing time available,,,unavailable,2026-09-22,2026-09-25T00:45:26.696Z,https://www.canada.ca/content/dam/ircc/documents/json/data-ptime-en.json,official,active,,,2026-09-25T01:18:44.823Z
ca-sponsor-dependent-child--ve,ircc-ptime,CA,sponsorship,backward,ca-sponsor-dependent-child,Sponsorship: dependent child,VE,Venezuela,No processing time available,,,unavailable,2026-09-22,2026-09-25T00:45:26.696Z,https://www.canada.ca/content/dam/ircc/documents/json/data-ptime-en.json,official,active,,,2026-09-25T01:18:44.823Z
ca-sponsor-dependent-child--vi,ircc-ptime,CA,sponsorship,backward,ca-sponsor-dependent-child,Sponsorship: dependent child,VI,U.S. Virgin Islands,No processing time available,,,unavailable,2026-09-22,2026-09-25T00:45:26.696Z,https://www.canada.ca/content/dam/ircc/documents/json/data-ptime-en.json,official,active,,,2026-09-25T01:18:44.823Z
ca-sponsor-dependent-child--vn,ircc-ptime,CA,sponsorship,backward,ca-sponsor-dependent-child,Sponsorship: dependent child,VN,Vietnam,No processing time available,,,unavailable,2026-09-22,2026-09-25T00:45:26.696Z,https://www.canada.ca/content/dam/ircc/documents/json/data-ptime-en.json,official,active,,,2026-09-25T01:18:44.823Z
ca-sponsor-dependent-child--vu,ircc-ptime,CA,sponsorship,backward,ca-sponsor-dependent-child,Sponsorship: dependent child,VU,Vanuatu,No processing time available,,,unavailable,2026-09-22,2026-09-25T00:45:26.696Z,https://www.canada.ca/content/dam/ircc/documents/json/data-ptime-en.json,official,active,,,2026-09-25T01:18:44.823Z
ca-sponsor-dependent-child--wb,ircc-ptime,CA,sponsorship,backward,ca-sponsor-dependent-child,Sponsorship: dependent child,WB,WB,No processing time available,,,unavailable,2026-09-22,2026-09-25T00:45:26.696Z,https://www.canada.ca/content/dam/ircc/documents/json/data-ptime-en.json,official,active,,,2026-09-25T01:18:44.823Z
ca-sponsor-dependent-child--ws,ircc-ptime,CA,sponsorship,backward,ca-sponsor-dependent-child,Sponsorship: dependent child,WS,Samoa,No processing time available,,,unavailable,2026-09-22,2026-09-25T00:45:26.696Z,https://www.canada.ca/content/dam/ircc/documents/json/data-ptime-en.json,official,active,,,2026-09-25T01:18:44.823Z
ca-sponsor-dependent-child--xk,ircc-ptime,CA,sponsorship,backward,ca-sponsor-dependent-child,Sponsorship: dependent child,XK,Kosovo,No processing time available,,,unavailable,2026-09-22,2026-09-25T00:45:26.696Z,https://www.canada.ca/content/dam/ircc/documents/json/data-ptime-en.json,official,active,,,2026-09-25T01:18:44.823Z
ca-sponsor-dependent-child--ye,ircc-ptime,CA,sponsorship,backward,ca-sponsor-dependent-child,Sponsorship: dependent child,YE,Yemen,No processing time available,,,unavailable,2026-09-22,2026-09-25T00:45:26.696Z,https://www.canada.ca/content/dam/ircc/documents/json/data-ptime-en.json,official,active,,,2026-09-25T01:18:44.823Z
ca-sponsor-dependent-child--za,ircc-ptime,CA,sponsorship,backward,ca-sponsor-dependent-child,Sponsorship: dependent child,ZA,South Africa,No processing time available,,,unavailable,2026-09-22,2026-09-25T00:45:26.696Z,https://www.canada.ca/content/dam/ircc/documents/json/data-ptime-en.json,official,active,,,2026-09-25T01:18:44.823Z
ca-sponsor-dependent-child--zm,ircc-ptime,CA,sponsorship,backward,ca-sponsor-dependent-child,Sponsorship: dependent child,ZM,Zambia,No processing time available,,,unavailable,2026-09-22,2026-09-25T00:45:26.696Z,https://www.canada.ca/content/dam/ircc/documents/json/data-ptime-en.json,official,active,,,2026-09-25T01:18:44.823Z
ca-sponsor-dependent-child--zw,ircc-ptime,CA,sponsorship,backward,ca-sponsor-dependent-child,Sponsorship: dependent child,ZW,Zimbabwe,No processing time available,,,unavailable,2026-09-22,2026-09-25T00:45:26.696Z,https://www.canada.ca/content/dam/ircc/documents/json/data-ptime-en.json,official,active,,,2026-09-25T01:18:44.823Z
ca-spouse-partner-inside-canada-outside-quebec,ircc-forward-looking,CA,sponsorship,forward,ca-spouse-partner-inside-canada-outside-quebec,"Spouse or partner sponsorship — inside Canada, outside Quebec",,,About 26 months,791.44,months,ok,2026-09-03,2026-09-25T00:45:28.713Z,https://www.canada.ca/content/dam/ircc/documents/json/flpt-en.json,official,active,,,2026-09-25T01:18:47.841Z
ca-spouse-partner-inside-canada-quebec,ircc-forward-looking,CA,sponsorship,forward,ca-spouse-partner-inside-canada-quebec,"Spouse or partner sponsorship — inside Canada, Quebec",,,About 32 months,974.08,months,ok,2026-09-03,2026-09-25T00:45:28.713Z,https://www.canada.ca/content/dam/ircc/documents/json/flpt-en.json,official,active,,,2026-09-25T01:18:47.841Z
ca-spouse-partner-outside-canada-outside-quebec,ircc-forward-looking,CA,sponsorship,forward,ca-spouse-partner-outside-canada-outside-quebec,"Spouse, partner or conjugal sponsorship — outside Canada, outside Quebec",,,About 18 months,547.92,months,ok,2026-09-03,2026-09-25T00:45:28.713Z,https://www.canada.ca/content/dam/ircc/documents/json/flpt-en.json,official,active,,,2026-09-25T01:18:47.841Z
ca-spouse-partner-outside-canada-quebec,ircc-forward-looking,CA,sponsorship,forward,ca-spouse-partner-outside-canada-quebec,"Spouse, partner or conjugal sponsorship — outside Canada, Quebec",,,About 33 months,1004.52,months,ok,2026-09-03,2026-09-25T00:45:28.713Z,https://www.canada.ca/content/dam/ircc/documents/json/flpt-en.json,official,active,,,2026-09-25T01:18:47.841Z
ca-start-up-visa,ircc-forward-looking,CA,settlement,forward,ca-start-up-visa,Start-up Visa,,,More than 10 years,3652.5,years,ok,2026-09-03,2026-09-25T00:45:28.713Z,https://www.canada.ca/content/dam/ircc/documents/json/flpt-en.json,official,active,,,2026-09-25T01:18:47.841Z
ca-study-permit--ad,ircc-ptime,CA,permit,backward,ca-study-permit,Study permit (applying from outside Canada),AD,Andorra,No processing time available,,,unavailable,2026-09-22,2026-09-25T00:45:26.696Z,https://www.canada.ca/content/dam/ircc/documents/json/data-ptime-en.json,official,active,,,2026-09-25T01:18:44.823Z
ca-study-permit--ae,ircc-ptime,CA,permit,backward,ca-study-permit,Study permit (applying from outside Canada),AE,United Arab Emirates,6 weeks,42,weeks,ok,2026-09-22,2026-09-25T00:45:26.696Z,https://www.canada.ca/content/dam/ircc/documents/json/data-ptime-en.json,official,active,,,2026-09-25T01:18:44.823Z
ca-study-permit--af,ircc-ptime,CA,permit,backward,ca-study-permit,Study permit (applying from outside Canada),AF,Afghanistan,3 weeks,21,weeks,ok,2026-09-22,2026-09-25T00:45:26.696Z,https://www.canada.ca/content/dam/ircc/documents/json/data-ptime-en.json,official,active,,,2026-09-25T01:18:44.823Z
ca-study-permit--ag,ircc-ptime,CA,permit,backward,ca-study-permit,Study permit (applying from outside Canada),AG,Antigua & Barbuda,No processing time available,,,unavailable,2026-09-22,2026-09-25T00:45:26.696Z,https://www.canada.ca/content/dam/ircc/documents/json/data-ptime-en.json,official,active,,,2026-09-25T01:18:44.823Z
ca-study-permit--ai,ircc-ptime,CA,permit,backward,ca-study-permit,Study permit (applying from outside Canada),AI,Anguilla,No processing time available,,,unavailable,2026-09-22,2026-09-25T00:45:26.696Z,https://www.canada.ca/content/dam/ircc/documents/json/data-ptime-en.json,official,active,,,2026-09-25T01:18:44.823Z
ca-study-permit--al,ircc-ptime,CA,permit,backward,ca-study-permit,Study permit (applying from outside Canada),AL,Albania,No processing time available,,,unavailable,2026-09-22,2026-09-25T00:45:26.696Z,https://www.canada.ca/content/dam/ircc/documents/json/data-ptime-en.json,official,active,,,2026-09-25T01:18:44.823Z
ca-study-permit--am,ircc-ptime,CA,permit,backward,ca-study-permit,Study permit (applying from outside Canada),AM,Armenia,No processing time available,,,unavailable,2026-09-22,2026-09-25T00:45:26.696Z,https://www.canada.ca/content/dam/ircc/documents/json/data-ptime-en.json,official,active,,,2026-09-25T01:18:44.823Z
ca-study-permit--ao,ircc-ptime,CA,permit,backward,ca-study-permit,Study permit (applying from outside Canada),AO,Angola,No processing time available,,,unavailable,2026-09-22,2026-09-25T00:45:26.696Z,https://www.canada.ca/content/dam/ircc/documents/json/data-ptime-en.json,official,active,,,2026-09-25T01:18:44.823Z
ca-study-permit--ar,ircc-ptime,CA,permit,backward,ca-study-permit,Study permit (applying from outside Canada),AR,Argentina,No processing time available,,,unavailable,2026-09-22,2026-09-25T00:45:26.696Z,https://www.canada.ca/content/dam/ircc/documents/json/data-ptime-en.json,official,active,,,2026-09-25T01:18:44.823Z
ca-study-permit--at,ircc-ptime,CA,permit,backward,ca-study-permit,Study permit (applying from outside Canada),AT,Austria,4 weeks,28,weeks,ok,2026-09-22,2026-09-25T00:45:26.696Z,https://www.canada.ca/content/dam/ircc/documents/json/data-ptime-en.json,official,active,,,2026-09-25T01:18:44.823Z
ca-study-permit--au,ircc-ptime,CA,permit,backward,ca-study-permit,Study permit (applying from outside Canada),AU,Australia,3 weeks,21,weeks,ok,2026-09-22,2026-09-25T00:45:26.696Z,https://www.canada.ca/content/dam/ircc/documents/json/data-ptime-en.json,official,active,,,2026-09-25T01:18:44.823Z
ca-study-permit--aw,ircc-ptime,CA,permit,backward,ca-study-permit,Study permit (applying from outside Canada),AW,Aruba,No processing time available,,,unavailable,2026-09-22,2026-09-25T00:45:26.696Z,https://www.canada.ca/content/dam/ircc/documents/json/data-ptime-en.json,official,active,,,2026-09-25T01:18:44.823Z
ca-study-permit--az,ircc-ptime,CA,permit,backward,ca-study-permit,Study permit (applying from outside Canada),AZ,Azerbaijan,6 weeks,42,weeks,ok,2026-09-22,2026-09-25T00:45:26.696Z,https://www.canada.ca/content/dam/ircc/documents/json/data-ptime-en.json,official,active,,,2026-09-25T01:18:44.823Z
ca-study-permit--ba,ircc-ptime,CA,permit,backward,ca-study-permit,Study permit (applying from outside Canada),BA,Bosnia & Herzegovina,No processing time available,,,unavailable,2026-09-22,2026-09-25T00:45:26.696Z,https://www.canada.ca/content/dam/ircc/documents/json/data-ptime-en.json,official,active,,,2026-09-25T01:18:44.823Z
ca-study-permit--bb,ircc-ptime,CA,permit,backward,ca-study-permit,Study permit (applying from outside Canada),BB,Barbados,4 weeks,28,weeks,ok,2026-09-22,2026-09-25T00:45:26.696Z,https://www.canada.ca/content/dam/ircc/documents/json/data-ptime-en.json,official,active,,,2026-09-25T01:18:44.823Z
ca-study-permit--bd,ircc-ptime,CA,permit,backward,ca-study-permit,Study permit (applying from outside Canada),BD,Bangladesh,5 weeks,35,weeks,ok,2026-09-22,2026-09-25T00:45:26.696Z,https://www.canada.ca/content/dam/ircc/documents/json/data-ptime-en.json,official,active,,,2026-09-25T01:18:44.823Z
ca-study-permit--be,ircc-ptime,CA,permit,backward,ca-study-permit,Study permit (applying from outside Canada),BE,Belgium,6 weeks,42,weeks,ok,2026-09-22,2026-09-25T00:45:26.696Z,https://www.canada.ca/content/dam/ircc/documents/json/data-ptime-en.json,official,active,,,2026-09-25T01:18:44.823Z
ca-study-permit--bf,ircc-ptime,CA,permit,backward,ca-study-permit,Study permit (applying from outside Canada),BF,Burkina Faso,5 weeks,35,weeks,ok,2026-09-22,2026-09-25T00:45:26.696Z,https://www.canada.ca/content/dam/ircc/documents/json/data-ptime-en.json,official,active,,,2026-09-25T01:18:44.823Z
ca-study-permit--bg,ircc-ptime,CA,permit,backward,ca-study-permit,Study permit (applying from outside Canada),BG,Bulgaria,No processing time available,,,unavailable,2026-09-22,2026-09-25T00:45:26.696Z,https://www.canada.ca/content/dam/ircc/documents/json/data-ptime-en.json,official,active,,,2026-09-25T01:18:44.823Z
ca-study-permit--bh,ircc-ptime,CA,permit,backward,ca-study-permit,Study permit (applying from outside Canada),BH,Bahrain,No processing time available,,,unavailable,2026-09-22,2026-09-25T00:45:26.696Z,https://www.canada.ca/content/dam/ircc/documents/json/data-ptime-en.json,official,active,,,2026-09-25T01:18:44.823Z
ca-study-permit--bi,ircc-ptime,CA,permit,backward,ca-study-permit,Study permit (applying from outside Canada),BI,Burundi,6 weeks,42,weeks,ok,2026-09-22,2026-09-25T00:45:26.696Z,https://www.canada.ca/content/dam/ircc/documents/json/data-ptime-en.json,official,active,,,2026-09-25T01:18:44.823Z
ca-study-permit--bj,ircc-ptime,CA,permit,backward,ca-study-permit,Study permit (applying from outside Canada),BJ,Benin,17 weeks,119,weeks,ok,2026-09-22,2026-09-25T00:45:26.696Z,https://www.canada.ca/content/dam/ircc/documents/json/data-ptime-en.json,official,active,,,2026-09-25T01:18:44.823Z
ca-study-permit--bm,ircc-ptime,CA,permit,backward,ca-study-permit,Study permit (applying from outside Canada),BM,Bermuda,No processing time available,,,unavailable,2026-09-22,2026-09-25T00:45:26.696Z,https://www.canada.ca/content/dam/ircc/documents/json/data-ptime-en.json,official,active,,,2026-09-25T01:18:44.823Z
ca-study-permit--bn,ircc-ptime,CA,permit,backward,ca-study-permit,Study permit (applying from outside Canada),BN,Brunei,No processing time available,,,unavailable,2026-09-22,2026-09-25T00:45:26.696Z,https://www.canada.ca/content/dam/ircc/documents/json/data-ptime-en.json,official,active,,,2026-09-25T01:18:44.823Z
ca-study-permit--bo,ircc-ptime,CA,permit,backward,ca-study-permit,Study permit (applying from outside Canada),BO,Bolivia,No processing time available,,,unavailable,2026-09-22,2026-09-25T00:45:26.696Z,https://www.canada.ca/content/dam/ircc/documents/json/data-ptime-en.json,official,active,,,2026-09-25T01:18:44.823Z
ca-study-permit--bq,ircc-ptime,CA,permit,backward,ca-study-permit,Study permit (applying from outside Canada),BQ,Caribbean Netherlands,No processing time available,,,unavailable,2026-09-22,2026-09-25T00:45:26.696Z,https://www.canada.ca/content/dam/ircc/documents/json/data-ptime-en.json,official,active,,,2026-09-25T01:18:44.823Z
ca-study-permit--br,ircc-ptime,CA,permit,backward,ca-study-permit,Study permit (applying from outside Canada),BR,Brazil,5 weeks,35,weeks,ok,2026-09-22,2026-09-25T00:45:26.696Z,https://www.canada.ca/content/dam/ircc/documents/json/data-ptime-en.json,official,active,,,2026-09-25T01:18:44.823Z
ca-study-permit--bs,ircc-ptime,CA,permit,backward,ca-study-permit,Study permit (applying from outside Canada),BS,Bahamas,4 weeks,28,weeks,ok,2026-09-22,2026-09-25T00:45:26.696Z,https://www.canada.ca/content/dam/ircc/documents/json/data-ptime-en.json,official,active,,,2026-09-25T01:18:44.823Z
ca-study-permit--bt,ircc-ptime,CA,permit,backward,ca-study-permit,Study permit (applying from outside Canada),BT,Bhutan,No processing time available,,,unavailable,2026-09-22,2026-09-25T00:45:26.696Z,https://www.canada.ca/content/dam/ircc/documents/json/data-ptime-en.json,official,active,,,2026-09-25T01:18:44.823Z
ca-study-permit--bw,ircc-ptime,CA,permit,backward,ca-study-permit,Study permit (applying from outside Canada),BW,Botswana,No processing time available,,,unavailable,2026-09-22,2026-09-25T00:45:26.696Z,https://www.canada.ca/content/dam/ircc/documents/json/data-ptime-en.json,official,active,,,2026-09-25T01:18:44.823Z
ca-study-permit--by,ircc-ptime,CA,permit,backward,ca-study-permit,Study permit (applying from outside Canada),BY,Belarus,No processing time available,,,unavailable,2026-09-22,2026-09-25T00:45:26.696Z,https://www.canada.ca/content/dam/ircc/documents/json/data-ptime-en.json,official,active,,,2026-09-25T01:18:44.823Z
ca-study-permit--bz,ircc-ptime,CA,permit,backward,ca-study-permit,Study permit (applying from outside Canada),BZ,Belize,No processing time available,,,unavailable,2026-09-22,2026-09-25T00:45:26.696Z,https://www.canada.ca/content/dam/ircc/documents/json/data-ptime-en.json,official,active,,,2026-09-25T01:18:44.823Z
ca-study-permit--ca,ircc-ptime,CA,permit,backward,ca-study-permit,Study permit (applying from outside Canada),CA,Canada,8 weeks,56,weeks,ok,2026-09-22,2026-09-25T00:45:26.696Z,https://www.canada.ca/content/dam/ircc/documents/json/data-ptime-en.json,official,active,,,2026-09-25T01:18:44.823Z
ca-study-permit--cd,ircc-ptime,CA,permit,backward,ca-study-permit,Study permit (applying from outside Canada),CD,Congo - Kinshasa,No processing time available,,,unavailable,2026-09-22,2026-09-25T00:45:26.696Z,https://www.canada.ca/content/dam/ircc/documents/json/data-ptime-en.json,official,active,,,2026-09-25T01:18:44.823Z
ca-study-permit--cf,ircc-ptime,CA,permit,backward,ca-study-permit,Study permit (applying from outside Canada),CF,Central African Republic,No processing time available,,,unavailable,2026-09-22,2026-09-25T00:45:26.696Z,https://www.canada.ca/content/dam/ircc/documents/json/data-ptime-en.json,official,active,,,2026-09-25T01:18:44.823Z
ca-study-permit--cg,ircc-ptime,CA,permit,backward,ca-study-permit,Study permit (applying from outside Canada),CG,Congo - Brazzaville,7 weeks,49,weeks,ok,2026-09-22,2026-09-25T00:45:26.696Z,https://www.canada.ca/content/dam/ircc/documents/json/data-ptime-en.json,official,active,,,2026-09-25T01:18:44.823Z
ca-study-permit--ch,ircc-ptime,CA,permit,backward,ca-study-permit,Study permit (applying from outside Canada),CH,Switzerland,5 weeks,35,weeks,ok,2026-09-22,2026-09-25T00:45:26.696Z,https://www.canada.ca/content/dam/ircc/documents/json/data-ptime-en.json,official,active,,,2026-09-25T01:18:44.823Z
ca-study-permit--ci,ircc-ptime,CA,permit,backward,ca-study-permit,Study permit (applying from outside Canada),CI,Côte d’Ivoire,8 weeks,56,weeks,ok,2026-09-22,2026-09-25T00:45:26.696Z,https://www.canada.ca/content/dam/ircc/documents/json/data-ptime-en.json,official,active,,,2026-09-25T01:18:44.823Z
ca-study-permit--cl,ircc-ptime,CA,permit,backward,ca-study-permit,Study permit (applying from outside Canada),CL,Chile,4 weeks,28,weeks,ok,2026-09-22,2026-09-25T00:45:26.696Z,https://www.canada.ca/content/dam/ircc/documents/json/data-ptime-en.json,official,active,,,2026-09-25T01:18:44.823Z
ca-study-permit--cm,ircc-ptime,CA,permit,backward,ca-study-permit,Study permit (applying from outside Canada),CM,Cameroon,7 weeks,49,weeks,ok,2026-09-22,2026-09-25T00:45:26.696Z,https://www.canada.ca/content/dam/ircc/documents/json/data-ptime-en.json,official,active,,,2026-09-25T01:18:44.823Z
ca-study-permit--cn,ircc-ptime,CA,permit,backward,ca-study-permit,Study permit (applying from outside Canada),CN,China,4 weeks,28,weeks,ok,2026-09-22,2026-09-25T00:45:26.696Z,https://www.canada.ca/content/dam/ircc/documents/json/data-ptime-en.json,official,active,,,2026-09-25T01:18:44.823Z
ca-study-permit--co,ircc-ptime,CA,permit,backward,ca-study-permit,Study permit (applying from outside Canada),CO,Colombia,6 weeks,42,weeks,ok,2026-09-22,2026-09-25T00:45:26.696Z,https://www.canada.ca/content/dam/ircc/documents/json/data-ptime-en.json,official,active,,,2026-09-25T01:18:44.823Z
ca-study-permit--cr,ircc-ptime,CA,permit,backward,ca-study-permit,Study permit (applying from outside Canada),CR,Costa Rica,No processing time available,,,unavailable,2026-09-22,2026-09-25T00:45:26.696Z,https://www.canada.ca/content/dam/ircc/documents/json/data-ptime-en.json,official,active,,,2026-09-25T01:18:44.823Z
ca-study-permit--cu,ircc-ptime,CA,permit,backward,ca-study-permit,Study permit (applying from outside Canada),CU,Cuba,No processing time available,,,unavailable,2026-09-22,2026-09-25T00:45:26.696Z,https://www.canada.ca/content/dam/ircc/documents/json/data-ptime-en.json,official,active,,,2026-09-25T01:18:44.823Z
ca-study-permit--cv,ircc-ptime,CA,permit,backward,ca-study-permit,Study permit (applying from outside Canada),CV,Cape Verde,No processing time available,,,unavailable,2026-09-22,2026-09-25T00:45:26.696Z,https://www.canada.ca/content/dam/ircc/documents/json/data-ptime-en.json,official,active,,,2026-09-25T01:18:44.823Z
ca-study-permit--cy,ircc-ptime,CA,permit,backward,ca-study-permit,Study permit (applying from outside Canada),CY,Cyprus,No processing time available,,,unavailable,2026-09-22,2026-09-25T00:45:26.696Z,https://www.canada.ca/content/dam/ircc/documents/json/data-ptime-en.json,official,active,,,2026-09-25T01:18:44.823Z
ca-study-permit--cz,ircc-ptime,CA,permit,backward,ca-study-permit,Study permit (applying from outside Canada),CZ,Czechia,4 weeks,28,weeks,ok,2026-09-22,2026-09-25T00:45:26.696Z,https://www.canada.ca/content/dam/ircc/documents/json/data-ptime-en.json,official,active,,,2026-09-25T01:18:44.823Z
ca-study-permit--de,ircc-ptime,CA,permit,backward,ca-study-permit,Study permit (applying from outside Canada),DE,Germany,4 weeks,28,weeks,ok,2026-09-22,2026-09-25T00:45:26.696Z,https://www.canada.ca/content/dam/ircc/documents/json/data-ptime-en.json,official,active,,,2026-09-25T01:18:44.823Z
ca-study-permit--dj,ircc-ptime,CA,permit,backward,ca-study-permit,Study permit (applying from outside Canada),DJ,Djibouti,No processing time available,,,unavailable,2026-09-22,2026-09-25T00:45:26.696Z,https://www.canada.ca/content/dam/ircc/documents/json/data-ptime-en.json,official,active,,,2026-09-25T01:18:44.823Z
ca-study-permit--dk,ircc-ptime,CA,permit,backward,ca-study-permit,Study permit (applying from outside Canada),DK,Denmark,3 weeks,21,weeks,ok,2026-09-22,2026-09-25T00:45:26.696Z,https://www.canada.ca/content/dam/ircc/documents/json/data-ptime-en.json,official,active,,,2026-09-25T01:18:44.823Z
ca-study-permit--dm,ircc-ptime,CA,permit,backward,ca-study-permit,Study permit (applying from outside Canada),DM,Dominica,No processing time available,,,unavailable,2026-09-22,2026-09-25T00:45:26.696Z,https://www.canada.ca/content/dam/ircc/documents/json/data-ptime-en.json,official,active,,,2026-09-25T01:18:44.823Z
ca-study-permit--do,ircc-ptime,CA,permit,backward,ca-study-permit,Study permit (applying from outside Canada),DO,Dominican Republic,4 weeks,28,weeks,ok,2026-09-22,2026-09-25T00:45:26.696Z,https://www.canada.ca/content/dam/ircc/documents/json/data-ptime-en.json,official,active,,,2026-09-25T01:18:44.823Z
ca-study-permit--dz,ircc-ptime,CA,permit,backward,ca-study-permit,Study permit (applying from outside Canada),DZ,Algeria,7 weeks,49,weeks,ok,2026-09-22,2026-09-25T00:45:26.696Z,https://www.canada.ca/content/dam/ircc/documents/json/data-ptime-en.json,official,active,,,2026-09-25T01:18:44.823Z
ca-study-permit--ec,ircc-ptime,CA,permit,backward,ca-study-permit,Study permit (applying from outside Canada),EC,Ecuador,6 weeks,42,weeks,ok,2026-09-22,2026-09-25T00:45:26.696Z,https://www.canada.ca/content/dam/ircc/documents/json/data-ptime-en.json,official,active,,,2026-09-25T01:18:44.823Z
ca-study-permit--ee,ircc-ptime,CA,permit,backward,ca-study-permit,Study permit (applying from outside Canada),EE,Estonia,No processing time available,,,unavailable,2026-09-22,2026-09-25T00:45:26.696Z,https://www.canada.ca/content/dam/ircc/documents/json/data-ptime-en.json,official,active,,,2026-09-25T01:18:44.823Z
ca-study-permit--eg,ircc-ptime,CA,permit,backward,ca-study-permit,Study permit (applying from outside Canada),EG,Egypt,8 weeks,56,weeks,ok,2026-09-22,2026-09-25T00:45:26.696Z,https://www.canada.ca/content/dam/ircc/documents/json/data-ptime-en.json,official,active,,,2026-09-25T01:18:44.823Z
ca-study-permit--er,ircc-ptime,CA,permit,backward,ca-study-permit,Study permit (applying from outside Canada),ER,Eritrea,No processing time available,,,unavailable,2026-09-22,2026-09-25T00:45:26.696Z,https://www.canada.ca/content/dam/ircc/documents/json/data-ptime-en.json,official,active,,,2026-09-25T01:18:44.823Z
ca-study-permit--es,ircc-ptime,CA,permit,backward,ca-study-permit,Study permit (applying from outside Canada),ES,Spain,3 weeks,21,weeks,ok,2026-09-22,2026-09-25T00:45:26.696Z,https://www.canada.ca/content/dam/ircc/documents/json/data-ptime-en.json,official,active,,,2026-09-25T01:18:44.823Z
ca-study-permit--et,ircc-ptime,CA,permit,backward,ca-study-permit,Study permit (applying from outside Canada),ET,Ethiopia,7 weeks,49,weeks,ok,2026-09-22,2026-09-25T00:45:26.696Z,https://www.canada.ca/content/dam/ircc/documents/json/data-ptime-en.json,official,active,,,2026-09-25T01:18:44.823Z
ca-study-permit--fi,ircc-ptime,CA,permit,backward,ca-study-permit,Study permit (applying from outside Canada),FI,Finland,4 weeks,28,weeks,ok,2026-09-22,2026-09-25T00:45:26.696Z,https://www.canada.ca/content/dam/ircc/documents/json/data-ptime-en.json,official,active,,,2026-09-25T01:18:44.823Z
ca-study-permit--fj,ircc-ptime,CA,permit,backward,ca-study-permit,Study permit (applying from outside Canada),FJ,Fiji,No processing time available,,,unavailable,2026-09-22,2026-09-25T00:45:26.696Z,https://www.canada.ca/content/dam/ircc/documents/json/data-ptime-en.json,official,active,,,2026-09-25T01:18:44.823Z
ca-study-permit--fm,ircc-ptime,CA,permit,backward,ca-study-permit,Study permit (applying from outside Canada),FM,Micronesia,No processing time available,,,unavailable,2026-09-22,2026-09-25T00:45:26.696Z,https://www.canada.ca/content/dam/ircc/documents/json/data-ptime-en.json,official,active,,,2026-09-25T01:18:44.823Z
ca-study-permit--fr,ircc-ptime,CA,permit,backward,ca-study-permit,Study permit (applying from outside Canada),FR,France,4 weeks,28,weeks,ok,2026-09-22,2026-09-25T00:45:26.696Z,https://www.canada.ca/content/dam/ircc/documents/json/data-ptime-en.json,official,active,,,2026-09-25T01:18:44.823Z
ca-study-permit--ga,ircc-ptime,CA,permit,backward,ca-study-permit,Study permit (applying from outside Canada),GA,Gabon,No processing time available,,,unavailable,2026-09-22,2026-09-25T00:45:26.696Z,https://www.canada.ca/content/dam/ircc/documents/json/data-ptime-en.json,official,active,,,2026-09-25T01:18:44.823Z
ca-study-permit--gb,ircc-ptime,CA,permit,backward,ca-study-permit,Study permit (applying from outside Canada),GB,United Kingdom,5 weeks,35,weeks,ok,2026-09-22,2026-09-25T00:45:26.696Z,https://www.canada.ca/content/dam/ircc/documents/json/data-ptime-en.json,official,active,,,2026-09-25T01:18:44.823Z
ca-study-permit--gd,ircc-ptime,CA,permit,backward,ca-study-permit,Study permit (applying from outside Canada),GD,Grenada,No processing time available,,,unavailable,2026-09-22,2026-09-25T00:45:26.696Z,https://www.canada.ca/content/dam/ircc/documents/json/data-ptime-en.json,official,active,,,2026-09-25T01:18:44.823Z
ca-study-permit--ge,ircc-ptime,CA,permit,backward,ca-study-permit,Study permit (applying from outside Canada),GE,Georgia,No processing time available,,,unavailable,2026-09-22,2026-09-25T00:45:26.696Z,https://www.canada.ca/content/dam/ircc/documents/json/data-ptime-en.json,official,active,,,2026-09-25T01:18:44.823Z
ca-study-permit--gh,ircc-ptime,CA,permit,backward,ca-study-permit,Study permit (applying from outside Canada),GH,Ghana,5 weeks,35,weeks,ok,2026-09-22,2026-09-25T00:45:26.696Z,https://www.canada.ca/content/dam/ircc/documents/json/data-ptime-en.json,official,active,,,2026-09-25T01:18:44.823Z
ca-study-permit--gl,ircc-ptime,CA,permit,backward,ca-study-permit,Study permit (applying from outside Canada),GL,Greenland,No processing time available,,,unavailable,2026-09-22,2026-09-25T00:45:26.696Z,https://www.canada.ca/content/dam/ircc/documents/json/data-ptime-en.json,official,active,,,2026-09-25T01:18:44.823Z
ca-study-permit--gm,ircc-ptime,CA,permit,backward,ca-study-permit,Study permit (applying from outside Canada),GM,Gambia,5 weeks,35,weeks,ok,2026-09-22,2026-09-25T00:45:26.696Z,https://www.canada.ca/content/dam/ircc/documents/json/data-ptime-en.json,official,active,,,2026-09-25T01:18:44.823Z
ca-study-permit--gn,ircc-ptime,CA,permit,backward,ca-study-permit,Study permit (applying from outside Canada),GN,Guinea,6 weeks,42,weeks,ok,2026-09-22,2026-09-25T00:45:26.696Z,https://www.canada.ca/content/dam/ircc/documents/json/data-ptime-en.json,official,active,,,2026-09-25T01:18:44.823Z
ca-study-permit--gq,ircc-ptime,CA,permit,backward,ca-study-permit,Study permit (applying from outside Canada),GQ,Equatorial Guinea,No processing time available,,,unavailable,2026-09-22,2026-09-25T00:45:26.696Z,https://www.canada.ca/content/dam/ircc/documents/json/data-ptime-en.json,official,active,,,2026-09-25T01:18:44.823Z
ca-study-permit--gr,ircc-ptime,CA,permit,backward,ca-study-permit,Study permit (applying from outside Canada),GR,Greece,No processing time available,,,unavailable,2026-09-22,2026-09-25T00:45:26.696Z,https://www.canada.ca/content/dam/ircc/documents/json/data-ptime-en.json,official,active,,,2026-09-25T01:18:44.823Z
ca-study-permit--gt,ircc-ptime,CA,permit,backward,ca-study-permit,Study permit (applying from outside Canada),GT,Guatemala,No processing time available,,,unavailable,2026-09-22,2026-09-25T00:45:26.696Z,https://www.canada.ca/content/dam/ircc/documents/json/data-ptime-en.json,official,active,,,2026-09-25T01:18:44.823Z
ca-study-permit--gw,ircc-ptime,CA,permit,backward,ca-study-permit,Study permit (applying from outside Canada),GW,Guinea-Bissau,No processing time available,,,unavailable,2026-09-22,2026-09-25T00:45:26.696Z,https://www.canada.ca/content/dam/ircc/documents/json/data-ptime-en.json,official,active,,,2026-09-25T01:18:44.823Z
ca-study-permit--gy,ircc-ptime,CA,permit,backward,ca-study-permit,Study permit (applying from outside Canada),GY,Guyana,No processing time available,,,unavailable,2026-09-22,2026-09-25T00:45:26.696Z,https://www.canada.ca/content/dam/ircc/documents/json/data-ptime-en.json,official,active,,,2026-09-25T01:18:44.823Z
ca-study-permit--hk,ircc-ptime,CA,permit,backward,ca-study-permit,Study permit (applying from outside Canada),HK,Hong Kong SAR China,5 weeks,35,weeks,ok,2026-09-22,2026-09-25T00:45:26.696Z,https://www.canada.ca/content/dam/ircc/documents/json/data-ptime-en.json,official,active,,,2026-09-25T01:18:44.823Z
ca-study-permit--hn,ircc-ptime,CA,permit,backward,ca-study-permit,Study permit (applying from outside Canada),HN,Honduras,No processing time available,,,unavailable,2026-09-22,2026-09-25T00:45:26.696Z,https://www.canada.ca/content/dam/ircc/documents/json/data-ptime-en.json,official,active,,,2026-09-25T01:18:44.823Z
ca-study-permit--hr,ircc-ptime,CA,permit,backward,ca-study-permit,Study permit (applying from outside Canada),HR,Croatia,No processing time available,,,unavailable,2026-09-22,2026-09-25T00:45:26.696Z,https://www.canada.ca/content/dam/ircc/documents/json/data-ptime-en.json,official,active,,,2026-09-25T01:18:44.823Z
ca-study-permit--ht,ircc-ptime,CA,permit,backward,ca-study-permit,Study permit (applying from outside Canada),HT,Haiti,3 weeks,21,weeks,ok,2026-09-22,2026-09-25T00:45:26.696Z,https://www.canada.ca/content/dam/ircc/documents/json/data-ptime-en.json,official,active,,,2026-09-25T01:18:44.823Z
ca-study-permit--hu,ircc-ptime,CA,permit,backward,ca-study-permit,Study permit (applying from outside Canada),HU,Hungary,No processing time available,,,unavailable,2026-09-22,2026-09-25T00:45:26.696Z,https://www.canada.ca/content/dam/ircc/documents/json/data-ptime-en.json,official,active,,,2026-09-25T01:18:44.823Z
ca-study-permit--id,ircc-ptime,CA,permit,backward,ca-study-permit,Study permit (applying from outside Canada),ID,Indonesia,7 weeks,49,weeks,ok,2026-09-22,2026-09-25T00:45:26.696Z,https://www.canada.ca/content/dam/ircc/documents/json/data-ptime-en.json,official,active,,,2026-09-25T01:18:44.823Z
ca-study-permit--ie,ircc-ptime,CA,permit,backward,ca-study-permit,Study permit (applying from outside Canada),IE,Ireland,4 weeks,28,weeks,ok,2026-09-22,2026-09-25T00:45:26.696Z,https://www.canada.ca/content/dam/ircc/documents/json/data-ptime-en.json,official,active,,,2026-09-25T01:18:44.823Z
ca-study-permit--il,ircc-ptime,CA,permit,backward,ca-study-permit,Study permit (applying from outside Canada),IL,Israel,6 weeks,42,weeks,ok,2026-09-22,2026-09-25T00:45:26.696Z,https://www.canada.ca/content/dam/ircc/documents/json/data-ptime-en.json,official,active,,,2026-09-25T01:18:44.823Z
ca-study-permit--in,ircc-ptime,CA,permit,backward,ca-study-permit,Study permit (applying from outside Canada),IN,India,5 weeks,35,weeks,ok,2026-09-22,2026-09-25T00:45:26.696Z,https://www.canada.ca/content/dam/ircc/documents/json/data-ptime-en.json,official,active,,,2026-09-25T01:18:44.823Z
ca-study-permit--io,ircc-ptime,CA,permit,backward,ca-study-permit,Study permit (applying from outside Canada),IO,British Indian Ocean Territory,No processing time available,,,unavailable,2026-09-22,2026-09-25T00:45:26.696Z,https://www.canada.ca/content/dam/ircc/documents/json/data-ptime-en.json,official,active,,,2026-09-25T01:18:44.823Z
ca-study-permit--iq,ircc-ptime,CA,permit,backward,ca-study-permit,Study permit (applying from outside Canada),IQ,Iraq,10 weeks,70,weeks,ok,2026-09-22,2026-09-25T00:45:26.696Z,https://www.canada.ca/content/dam/ircc/documents/json/data-ptime-en.json,official,active,,,2026-09-25T01:18:44.823Z
ca-study-permit--ir,ircc-ptime,CA,permit,backward,ca-study-permit,Study permit (applying from outside Canada),IR,Iran,14 weeks,98,weeks,ok,2026-09-22,2026-09-25T00:45:26.696Z,https://www.canada.ca/content/dam/ircc/documents/json/data-ptime-en.json,official,active,,,2026-09-25T01:18:44.823Z
ca-study-permit--is,ircc-ptime,CA,permit,backward,ca-study-permit,Study permit (applying from outside Canada),IS,Iceland,No processing time available,,,unavailable,2026-09-22,2026-09-25T00:45:26.696Z,https://www.canada.ca/content/dam/ircc/documents/json/data-ptime-en.json,official,active,,,2026-09-25T01:18:44.823Z
ca-study-permit--it,ircc-ptime,CA,permit,backward,ca-study-permit,Study permit (applying from outside Canada),IT,Italy,7 weeks,49,weeks,ok,2026-09-22,2026-09-25T00:45:26.696Z,https://www.canada.ca/content/dam/ircc/documents/json/data-ptime-en.json,official,active,,,2026-09-25T01:18:44.823Z
ca-study-permit--jm,ircc-ptime,CA,permit,backward,ca-study-permit,Study permit (applying from outside Canada),JM,Jamaica,3 weeks,21,weeks,ok,2026-09-22,2026-09-25T00:45:26.696Z,https://www.canada.ca/content/dam/ircc/documents/json/data-ptime-en.json,official,active,,,2026-09-25T01:18:44.823Z
ca-study-permit--jo,ircc-ptime,CA,permit,backward,ca-study-permit,Study permit (applying from outside Canada),JO,Jordan,8 weeks,56,weeks,ok,2026-09-22,2026-09-25T00:45:26.696Z,https://www.canada.ca/content/dam/ircc/documents/json/data-ptime-en.json,official,active,,,2026-09-25T01:18:44.823Z
ca-study-permit--jp,ircc-ptime,CA,permit,backward,ca-study-permit,Study permit (applying from outside Canada),JP,Japan,4 weeks,28,weeks,ok,2026-09-22,2026-09-25T00:45:26.696Z,https://www.canada.ca/content/dam/ircc/documents/json/data-ptime-en.json,official,active,,,2026-09-25T01:18:44.823Z
ca-study-permit--ke,ircc-ptime,CA,permit,backward,ca-study-permit,Study permit (applying from outside Canada),KE,Kenya,6 weeks,42,weeks,ok,2026-09-22,2026-09-25T00:45:26.696Z,https://www.canada.ca/content/dam/ircc/documents/json/data-ptime-en.json,official,active,,,2026-09-25T01:18:44.823Z
ca-study-permit--kg,ircc-ptime,CA,permit,backward,ca-study-permit,Study permit (applying from outside Canada),KG,Kyrgyzstan,3 weeks,21,weeks,ok,2026-09-22,2026-09-25T00:45:26.696Z,https://www.canada.ca/content/dam/ircc/documents/json/data-ptime-en.json,official,active,,,2026-09-25T01:18:44.823Z
ca-study-permit--kh,ircc-ptime,CA,permit,backward,ca-study-permit,Study permit (applying from outside Canada),KH,Cambodia,5 weeks,35,weeks,ok,2026-09-22,2026-09-25T00:45:26.696Z,https://www.canada.ca/content/dam/ircc/documents/json/data-ptime-en.json,official,active,,,2026-09-25T01:18:44.823Z
ca-study-permit--ki,ircc-ptime,CA,permit,backward,ca-study-permit,Study permit (applying from outside Canada),KI,Kiribati,No processing time available,,,unavailable,2026-09-22,2026-09-25T00:45:26.696Z,https://www.canada.ca/content/dam/ircc/documents/json/data-ptime-en.json,official,active,,,2026-09-25T01:18:44.823Z
ca-study-permit--km,ircc-ptime,CA,permit,backward,ca-study-permit,Study permit (applying from outside Canada),KM,Comoros,No processing time available,,,unavailable,2026-09-22,2026-09-25T00:45:26.696Z,https://www.canada.ca/content/dam/ircc/documents/json/data-ptime-en.json,official,active,,,2026-09-25T01:18:44.823Z
ca-study-permit--kn,ircc-ptime,CA,permit,backward,ca-study-permit,Study permit (applying from outside Canada),KN,St. Kitts & Nevis,No processing time available,,,unavailable,2026-09-22,2026-09-25T00:45:26.696Z,https://www.canada.ca/content/dam/ircc/documents/json/data-ptime-en.json,official,active,,,2026-09-25T01:18:44.823Z
ca-study-permit--kp,ircc-ptime,CA,permit,backward,ca-study-permit,Study permit (applying from outside Canada),KP,North Korea,No processing time available,,,unavailable,2026-09-22,2026-09-25T00:45:26.696Z,https://www.canada.ca/content/dam/ircc/documents/json/data-ptime-en.json,official,active,,,2026-09-25T01:18:44.823Z
ca-study-permit--kr,ircc-ptime,CA,permit,backward,ca-study-permit,Study permit (applying from outside Canada),KR,South Korea,4 weeks,28,weeks,ok,2026-09-22,2026-09-25T00:45:26.696Z,https://www.canada.ca/content/dam/ircc/documents/json/data-ptime-en.json,official,active,,,2026-09-25T01:18:44.823Z
ca-study-permit--kw,ircc-ptime,CA,permit,backward,ca-study-permit,Study permit (applying from outside Canada),KW,Kuwait,3 weeks,21,weeks,ok,2026-09-22,2026-09-25T00:45:26.696Z,https://www.canada.ca/content/dam/ircc/documents/json/data-ptime-en.json,official,active,,,2026-09-25T01:18:44.823Z
ca-study-permit--ky,ircc-ptime,CA,permit,backward,ca-study-permit,Study permit (applying from outside Canada),KY,Cayman Islands,No processing time available,,,unavailable,2026-09-22,2026-09-25T00:45:26.696Z,https://www.canada.ca/content/dam/ircc/documents/json/data-ptime-en.json,official,active,,,2026-09-25T01:18:44.823Z
ca-study-permit--kz,ircc-ptime,CA,permit,backward,ca-study-permit,Study permit (applying from outside Canada),KZ,Kazakhstan,6 weeks,42,weeks,ok,2026-09-22,2026-09-25T00:45:26.696Z,https://www.canada.ca/content/dam/ircc/documents/json/data-ptime-en.json,official,active,,,2026-09-25T01:18:44.823Z
ca-study-permit--la,ircc-ptime,CA,permit,backward,ca-study-permit,Study permit (applying from outside Canada),LA,Laos,No processing time available,,,unavailable,2026-09-22,2026-09-25T00:45:26.696Z,https://www.canada.ca/content/dam/ircc/documents/json/data-ptime-en.json,official,active,,,2026-09-25T01:18:44.823Z
ca-study-permit--lb,ircc-ptime,CA,permit,backward,ca-study-permit,Study permit (applying from outside Canada),LB,Lebanon,8 weeks,56,weeks,ok,2026-09-22,2026-09-25T00:45:26.696Z,https://www.canada.ca/content/dam/ircc/documents/json/data-ptime-en.json,official,active,,,2026-09-25T01:18:44.823Z
ca-study-permit--lc,ircc-ptime,CA,permit,backward,ca-study-permit,Study permit (applying from outside Canada),LC,St. Lucia,No processing time available,,,unavailable,2026-09-22,2026-09-25T00:45:26.696Z,https://www.canada.ca/content/dam/ircc/documents/json/data-ptime-en.json,official,active,,,2026-09-25T01:18:44.823Z
ca-study-permit--li,ircc-ptime,CA,permit,backward,ca-study-permit,Study permit (applying from outside Canada),LI,Liechtenstein,No processing time available,,,unavailable,2026-09-22,2026-09-25T00:45:26.696Z,https://www.canada.ca/content/dam/ircc/documents/json/data-ptime-en.json,official,active,,,2026-09-25T01:18:44.823Z
ca-study-permit--lk,ircc-ptime,CA,permit,backward,ca-study-permit,Study permit (applying from outside Canada),LK,Sri Lanka,4 weeks,28,weeks,ok,2026-09-22,2026-09-25T00:45:26.696Z,https://www.canada.ca/content/dam/ircc/documents/json/data-ptime-en.json,official,active,,,2026-09-25T01:18:44.823Z
ca-study-permit--lr,ircc-ptime,CA,permit,backward,ca-study-permit,Study permit (applying from outside Canada),LR,Liberia,No processing time available,,,unavailable,2026-09-22,2026-09-25T00:45:26.696Z,https://www.canada.ca/content/dam/ircc/documents/json/data-ptime-en.json,official,active,,,2026-09-25T01:18:44.823Z
ca-study-permit--ls,ircc-ptime,CA,permit,backward,ca-study-permit,Study permit (applying from outside Canada),LS,Lesotho,No processing time available,,,unavailable,2026-09-22,2026-09-25T00:45:26.696Z,https://www.canada.ca/content/dam/ircc/documents/json/data-ptime-en.json,official,active,,,2026-09-25T01:18:44.823Z
ca-study-permit--lt,ircc-ptime,CA,permit,backward,ca-study-permit,Study permit (applying from outside Canada),LT,Lithuania,No processing time available,,,unavailable,2026-09-22,2026-09-25T00:45:26.696Z,https://www.canada.ca/content/dam/ircc/documents/json/data-ptime-en.json,official,active,,,2026-09-25T01:18:44.823Z
ca-study-permit--lu,ircc-ptime,CA,permit,backward,ca-study-permit,Study permit (applying from outside Canada),LU,Luxembourg,No processing time available,,,unavailable,2026-09-22,2026-09-25T00:45:26.696Z,https://www.canada.ca/content/dam/ircc/documents/json/data-ptime-en.json,official,active,,,2026-09-25T01:18:44.823Z
ca-study-permit--lv,ircc-ptime,CA,permit,backward,ca-study-permit,Study permit (applying from outside Canada),LV,Latvia,No processing time available,,,unavailable,2026-09-22,2026-09-25T00:45:26.696Z,https://www.canada.ca/content/dam/ircc/documents/json/data-ptime-en.json,official,active,,,2026-09-25T01:18:44.823Z
ca-study-permit--ly,ircc-ptime,CA,permit,backward,ca-study-permit,Study permit (applying from outside Canada),LY,Libya,3 weeks,21,weeks,ok,2026-09-22,2026-09-25T00:45:26.696Z,https://www.canada.ca/content/dam/ircc/documents/json/data-ptime-en.json,official,active,,,2026-09-25T01:18:44.823Z
ca-study-permit--ma,ircc-ptime,CA,permit,backward,ca-study-permit,Study permit (applying from outside Canada),MA,Morocco,7 weeks,49,weeks,ok,2026-09-22,2026-09-25T00:45:26.696Z,https://www.canada.ca/content/dam/ircc/documents/json/data-ptime-en.json,official,active,,,2026-09-25T01:18:44.823Z
ca-study-permit--mc,ircc-ptime,CA,permit,backward,ca-study-permit,Study permit (applying from outside Canada),MC,Monaco,No processing time available,,,unavailable,2026-09-22,2026-09-25T00:45:26.696Z,https://www.canada.ca/content/dam/ircc/documents/json/data-ptime-en.json,official,active,,,2026-09-25T01:18:44.823Z
ca-study-permit--md,ircc-ptime,CA,permit,backward,ca-study-permit,Study permit (applying from outside Canada),MD,Moldova,No processing time available,,,unavailable,2026-09-22,2026-09-25T00:45:26.696Z,https://www.canada.ca/content/dam/ircc/documents/json/data-ptime-en.json,official,active,,,2026-09-25T01:18:44.823Z
ca-study-permit--me,ircc-ptime,CA,permit,backward,ca-study-permit,Study permit (applying from outside Canada),ME,Montenegro,No processing time available,,,unavailable,2026-09-22,2026-09-25T00:45:26.696Z,https://www.canada.ca/content/dam/ircc/documents/json/data-ptime-en.json,official,active,,,2026-09-25T01:18:44.823Z
ca-study-permit--mg,ircc-ptime,CA,permit,backward,ca-study-permit,Study permit (applying from outside Canada),MG,Madagascar,17 weeks,119,weeks,ok,2026-09-22,2026-09-25T00:45:26.696Z,https://www.canada.ca/content/dam/ircc/documents/json/data-ptime-en.json,official,active,,,2026-09-25T01:18:44.823Z
ca-study-permit--mh,ircc-ptime,CA,permit,backward,ca-study-permit,Study permit (applying from outside Canada),MH,Marshall Islands,No processing time available,,,unavailable,2026-09-22,2026-09-25T00:45:26.696Z,https://www.canada.ca/content/dam/ircc/documents/json/data-ptime-en.json,official,active,,,2026-09-25T01:18:44.823Z
ca-study-permit--mk,ircc-ptime,CA,permit,backward,ca-study-permit,Study permit (applying from outside Canada),MK,North Macedonia,No processing time available,,,unavailable,2026-09-22,2026-09-25T00:45:26.696Z,https://www.canada.ca/content/dam/ircc/documents/json/data-ptime-en.json,official,active,,,2026-09-25T01:18:44.823Z
ca-study-permit--ml,ircc-ptime,CA,permit,backward,ca-study-permit,Study permit (applying from outside Canada),ML,Mali,4 weeks,28,weeks,ok,2026-09-22,2026-09-25T00:45:26.696Z,https://www.canada.ca/content/dam/ircc/documents/json/data-ptime-en.json,official,active,,,2026-09-25T01:18:44.823Z
ca-study-permit--mm,ircc-ptime,CA,permit,backward,ca-study-permit,Study permit (applying from outside Canada),MM,Myanmar (Burma),5 weeks,35,weeks,ok,2026-09-22,2026-09-25T00:45:26.696Z,https://www.canada.ca/content/dam/ircc/documents/json/data-ptime-en.json,official,active,,,2026-09-25T01:18:44.823Z
ca-study-permit--mn,ircc-ptime,CA,permit,backward,ca-study-permit,Study permit (applying from outside Canada),MN,Mongolia,3 weeks,21,weeks,ok,2026-09-22,2026-09-25T00:45:26.696Z,https://www.canada.ca/content/dam/ircc/documents/json/data-ptime-en.json,official,active,,,2026-09-25T01:18:44.823Z
ca-study-permit--mo,ircc-ptime,CA,permit,backward,ca-study-permit,Study permit (applying from outside Canada),MO,Macao SAR China,No processing time available,,,unavailable,2026-09-22,2026-09-25T00:45:26.696Z,https://www.canada.ca/content/dam/ircc/documents/json/data-ptime-en.json,official,active,,,2026-09-25T01:18:44.823Z
ca-study-permit--mq,ircc-ptime,CA,permit,backward,ca-study-permit,Study permit (applying from outside Canada),MQ,Martinique,6 weeks,42,weeks,ok,2026-09-22,2026-09-25T00:45:26.696Z,https://www.canada.ca/content/dam/ircc/documents/json/data-ptime-en.json,official,active,,,2026-09-25T01:18:44.823Z
ca-study-permit--mr,ircc-ptime,CA,permit,backward,ca-study-permit,Study permit (applying from outside Canada),MR,Mauritania,No processing time available,,,unavailable,2026-09-22,2026-09-25T00:45:26.696Z,https://www.canada.ca/content/dam/ircc/documents/json/data-ptime-en.json,official,active,,,2026-09-25T01:18:44.823Z
ca-study-permit--mt,ircc-ptime,CA,permit,backward,ca-study-permit,Study permit (applying from outside Canada),MT,Malta,No processing time available,,,unavailable,2026-09-22,2026-09-25T00:45:26.696Z,https://www.canada.ca/content/dam/ircc/documents/json/data-ptime-en.json,official,active,,,2026-09-25T01:18:44.823Z
ca-study-permit--mu,ircc-ptime,CA,permit,backward,ca-study-permit,Study permit (applying from outside Canada),MU,Mauritius,13 weeks,91,weeks,ok,2026-09-22,2026-09-25T00:45:26.696Z,https://www.canada.ca/content/dam/ircc/documents/json/data-ptime-en.json,official,active,,,2026-09-25T01:18:44.823Z
ca-study-permit--mv,ircc-ptime,CA,permit,backward,ca-study-permit,Study permit (applying from outside Canada),MV,Maldives,No processing time available,,,unavailable,2026-09-22,2026-09-25T00:45:26.696Z,https://www.canada.ca/content/dam/ircc/documents/json/data-ptime-en.json,official,active,,,2026-09-25T01:18:44.823Z
ca-study-permit--mw,ircc-ptime,CA,permit,backward,ca-study-permit,Study permit (applying from outside Canada),MW,Malawi,No processing time available,,,unavailable,2026-09-22,2026-09-25T00:45:26.696Z,https://www.canada.ca/content/dam/ircc/documents/json/data-ptime-en.json,official,active,,,2026-09-25T01:18:44.823Z
ca-study-permit--mx,ircc-ptime,CA,permit,backward,ca-study-permit,Study permit (applying from outside Canada),MX,Mexico,3 weeks,21,weeks,ok,2026-09-22,2026-09-25T00:45:26.696Z,https://www.canada.ca/content/dam/ircc/documents/json/data-ptime-en.json,official,active,,,2026-09-25T01:18:44.823Z
ca-study-permit--my,ircc-ptime,CA,permit,backward,ca-study-permit,Study permit (applying from outside Canada),MY,Malaysia,4 weeks,28,weeks,ok,2026-09-22,2026-09-25T00:45:26.696Z,https://www.canada.ca/content/dam/ircc/documents/json/data-ptime-en.json,official,active,,,2026-09-25T01:18:44.823Z
ca-study-permit--mz,ircc-ptime,CA,permit,backward,ca-study-permit,Study permit (applying from outside Canada),MZ,Mozambique,No processing time available,,,unavailable,2026-09-22,2026-09-25T00:45:26.696Z,https://www.canada.ca/content/dam/ircc/documents/json/data-ptime-en.json,official,active,,,2026-09-25T01:18:44.823Z
ca-study-permit--na,ircc-ptime,CA,permit,backward,ca-study-permit,Study permit (applying from outside Canada),NA,Namibia,No processing time available,,,unavailable,2026-09-22,2026-09-25T00:45:26.696Z,https://www.canada.ca/content/dam/ircc/documents/json/data-ptime-en.json,official,active,,,2026-09-25T01:18:44.823Z
ca-study-permit--nc,ircc-ptime,CA,permit,backward,ca-study-permit,Study permit (applying from outside Canada),NC,New Caledonia,No processing time available,,,unavailable,2026-09-22,2026-09-25T00:45:26.696Z,https://www.canada.ca/content/dam/ircc/documents/json/data-ptime-en.json,official,active,,,2026-09-25T01:18:44.823Z
ca-study-permit--ne,ircc-ptime,CA,permit,backward,ca-study-permit,Study permit (applying from outside Canada),NE,Niger,5 weeks,35,weeks,ok,2026-09-22,2026-09-25T00:45:26.696Z,https://www.canada.ca/content/dam/ircc/documents/json/data-ptime-en.json,official,active,,,2026-09-25T01:18:44.823Z
ca-study-permit--ng,ircc-ptime,CA,permit,backward,ca-study-permit,Study permit (applying from outside Canada),NG,Nigeria,10 weeks,70,weeks,ok,2026-09-22,2026-09-25T00:45:26.696Z,https://www.canada.ca/content/dam/ircc/documents/json/data-ptime-en.json,official,active,,,2026-09-25T01:18:44.823Z
ca-study-permit--ni,ircc-ptime,CA,permit,backward,ca-study-permit,Study permit (applying from outside Canada),NI,Nicaragua,No processing time available,,,unavailable,2026-09-22,2026-09-25T00:45:26.696Z,https://www.canada.ca/content/dam/ircc/documents/json/data-ptime-en.json,official,active,,,2026-09-25T01:18:44.823Z
ca-study-permit--nl,ircc-ptime,CA,permit,backward,ca-study-permit,Study permit (applying from outside Canada),NL,Netherlands,4 weeks,28,weeks,ok,2026-09-22,2026-09-25T00:45:26.696Z,https://www.canada.ca/content/dam/ircc/documents/json/data-ptime-en.json,official,active,,,2026-09-25T01:18:44.823Z
ca-study-permit--no,ircc-ptime,CA,permit,backward,ca-study-permit,Study permit (applying from outside Canada),NO,Norway,3 weeks,21,weeks,ok,2026-09-22,2026-09-25T00:45:26.696Z,https://www.canada.ca/content/dam/ircc/documents/json/data-ptime-en.json,official,active,,,2026-09-25T01:18:44.823Z
ca-study-permit--np,ircc-ptime,CA,permit,backward,ca-study-permit,Study permit (applying from outside Canada),NP,Nepal,5 weeks,35,weeks,ok,2026-09-22,2026-09-25T00:45:26.696Z,https://www.canada.ca/content/dam/ircc/documents/json/data-ptime-en.json,official,active,,,2026-09-25T01:18:44.823Z
ca-study-permit--nr,ircc-ptime,CA,permit,backward,ca-study-permit,Study permit (applying from outside Canada),NR,Nauru,No processing time available,,,unavailable,2026-09-22,2026-09-25T00:45:26.696Z,https://www.canada.ca/content/dam/ircc/documents/json/data-ptime-en.json,official,active,,,2026-09-25T01:18:44.823Z
ca-study-permit--nz,ircc-ptime,CA,permit,backward,ca-study-permit,Study permit (applying from outside Canada),NZ,New Zealand,No processing time available,,,unavailable,2026-09-22,2026-09-25T00:45:26.696Z,https://www.canada.ca/content/dam/ircc/documents/json/data-ptime-en.json,official,active,,,2026-09-25T01:18:44.823Z
ca-study-permit--om,ircc-ptime,CA,permit,backward,ca-study-permit,Study permit (applying from outside Canada),OM,Oman,4 weeks,28,weeks,ok,2026-09-22,2026-09-25T00:45:26.696Z,https://www.canada.ca/content/dam/ircc/documents/json/data-ptime-en.json,official,active,,,2026-09-25T01:18:44.823Z
ca-study-permit--pa,ircc-ptime,CA,permit,backward,ca-study-permit,Study permit (applying from outside Canada),PA,Panama,6 weeks,42,weeks,ok,2026-09-22,2026-09-25T00:45:26.696Z,https://www.canada.ca/content/dam/ircc/documents/json/data-ptime-en.json,official,active,,,2026-09-25T01:18:44.823Z
ca-study-permit--pe,ircc-ptime,CA,permit,backward,ca-study-permit,Study permit (applying from outside Canada),PE,Peru,5 weeks,35,weeks,ok,2026-09-22,2026-09-25T00:45:26.696Z,https://www.canada.ca/content/dam/ircc/documents/json/data-ptime-en.json,official,active,,,2026-09-25T01:18:44.823Z
ca-study-permit--pf,ircc-ptime,CA,permit,backward,ca-study-permit,Study permit (applying from outside Canada),PF,French Polynesia,No processing time available,,,unavailable,2026-09-22,2026-09-25T00:45:26.696Z,https://www.canada.ca/content/dam/ircc/documents/json/data-ptime-en.json,official,active,,,2026-09-25T01:18:44.823Z
ca-study-permit--pg,ircc-ptime,CA,permit,backward,ca-study-permit,Study permit (applying from outside Canada),PG,Papua New Guinea,No processing time available,,,unavailable,2026-09-22,2026-09-25T00:45:26.696Z,https://www.canada.ca/content/dam/ircc/documents/json/data-ptime-en.json,official,active,,,2026-09-25T01:18:44.823Z
ca-study-permit--ph,ircc-ptime,CA,permit,backward,ca-study-permit,Study permit (applying from outside Canada),PH,Philippines,5 weeks,35,weeks,ok,2026-09-22,2026-09-25T00:45:26.696Z,https://www.canada.ca/content/dam/ircc/documents/json/data-ptime-en.json,official,active,,,2026-09-25T01:18:44.823Z
ca-study-permit--pk,ircc-ptime,CA,permit,backward,ca-study-permit,Study permit (applying from outside Canada),PK,Pakistan,7 weeks,49,weeks,ok,2026-09-22,2026-09-25T00:45:26.696Z,https://www.canada.ca/content/dam/ircc/documents/json/data-ptime-en.json,official,active,,,2026-09-25T01:18:44.823Z
ca-study-permit--pl,ircc-ptime,CA,permit,backward,ca-study-permit,Study permit (applying from outside Canada),PL,Poland,3 weeks,21,weeks,ok,2026-09-22,2026-09-25T00:45:26.696Z,https://www.canada.ca/content/dam/ircc/documents/json/data-ptime-en.json,official,active,,,2026-09-25T01:18:44.823Z
ca-study-permit--pr,ircc-ptime,CA,permit,backward,ca-study-permit,Study permit (applying from outside Canada),PR,Puerto Rico,No processing time available,,,unavailable,2026-09-22,2026-09-25T00:45:26.696Z,https://www.canada.ca/content/dam/ircc/documents/json/data-ptime-en.json,official,active,,,2026-09-25T01:18:44.823Z
ca-study-permit--ps,ircc-ptime,CA,permit,backward,ca-study-permit,Study permit (applying from outside Canada),PS,Palestinian Territories,No processing time available,,,unavailable,2026-09-22,2026-09-25T00:45:26.696Z,https://www.canada.ca/content/dam/ircc/documents/json/data-ptime-en.json,official,active,,,2026-09-25T01:18:44.823Z
ca-study-permit--pt,ircc-ptime,CA,permit,backward,ca-study-permit,Study permit (applying from outside Canada),PT,Portugal,No processing time available,,,unavailable,2026-09-22,2026-09-25T00:45:26.696Z,https://www.canada.ca/content/dam/ircc/documents/json/data-ptime-en.json,official,active,,,2026-09-25T01:18:44.823Z
ca-study-permit--py,ircc-ptime,CA,permit,backward,ca-study-permit,Study permit (applying from outside Canada),PY,Paraguay,No processing time available,,,unavailable,2026-09-22,2026-09-25T00:45:26.696Z,https://www.canada.ca/content/dam/ircc/documents/json/data-ptime-en.json,official,active,,,2026-09-25T01:18:44.823Z
ca-study-permit--qa,ircc-ptime,CA,permit,backward,ca-study-permit,Study permit (applying from outside Canada),QA,Qatar,6 weeks,42,weeks,ok,2026-09-22,2026-09-25T00:45:26.696Z,https://www.canada.ca/content/dam/ircc/documents/json/data-ptime-en.json,official,active,,,2026-09-25T01:18:44.823Z
ca-study-permit--ro,ircc-ptime,CA,permit,backward,ca-study-permit,Study permit (applying from outside Canada),RO,Romania,No processing time available,,,unavailable,2026-09-22,2026-09-25T00:45:26.696Z,https://www.canada.ca/content/dam/ircc/documents/json/data-ptime-en.json,official,active,,,2026-09-25T01:18:44.823Z
ca-study-permit--rs,ircc-ptime,CA,permit,backward,ca-study-permit,Study permit (applying from outside Canada),RS,Serbia,No processing time available,,,unavailable,2026-09-22,2026-09-25T00:45:26.696Z,https://www.canada.ca/content/dam/ircc/documents/json/data-ptime-en.json,official,active,,,2026-09-25T01:18:44.823Z
ca-study-permit--ru,ircc-ptime,CA,permit,backward,ca-study-permit,Study permit (applying from outside Canada),RU,Russia,5 weeks,35,weeks,ok,2026-09-22,2026-09-25T00:45:26.696Z,https://www.canada.ca/content/dam/ircc/documents/json/data-ptime-en.json,official,active,,,2026-09-25T01:18:44.823Z
ca-study-permit--rw,ircc-ptime,CA,permit,backward,ca-study-permit,Study permit (applying from outside Canada),RW,Rwanda,6 weeks,42,weeks,ok,2026-09-22,2026-09-25T00:45:26.696Z,https://www.canada.ca/content/dam/ircc/documents/json/data-ptime-en.json,official,active,,,2026-09-25T01:18:44.823Z
ca-study-permit--sa,ircc-ptime,CA,permit,backward,ca-study-permit,Study permit (applying from outside Canada),SA,Saudi Arabia,4 weeks,28,weeks,ok,2026-09-22,2026-09-25T00:45:26.696Z,https://www.canada.ca/content/dam/ircc/documents/json/data-ptime-en.json,official,active,,,2026-09-25T01:18:44.823Z
ca-study-permit--sb,ircc-ptime,CA,permit,backward,ca-study-permit,Study permit (applying from outside Canada),SB,Solomon Islands,No processing time available,,,unavailable,2026-09-22,2026-09-25T00:45:26.696Z,https://www.canada.ca/content/dam/ircc/documents/json/data-ptime-en.json,official,active,,,2026-09-25T01:18:44.823Z
ca-study-permit--sc,ircc-ptime,CA,permit,backward,ca-study-permit,Study permit (applying from outside Canada),SC,Seychelles,No processing time available,,,unavailable,2026-09-22,2026-09-25T00:45:26.696Z,https://www.canada.ca/content/dam/ircc/documents/json/data-ptime-en.json,official,active,,,2026-09-25T01:18:44.823Z
ca-study-permit--sd,ircc-ptime,CA,permit,backward,ca-study-permit,Study permit (applying from outside Canada),SD,Sudan,No processing time available,,,unavailable,2026-09-22,2026-09-25T00:45:26.696Z,https://www.canada.ca/content/dam/ircc/documents/json/data-ptime-en.json,official,active,,,2026-09-25T01:18:44.823Z
ca-study-permit--se,ircc-ptime,CA,permit,backward,ca-study-permit,Study permit (applying from outside Canada),SE,Sweden,4 weeks,28,weeks,ok,2026-09-22,2026-09-25T00:45:26.696Z,https://www.canada.ca/content/dam/ircc/documents/json/data-ptime-en.json,official,active,,,2026-09-25T01:18:44.823Z
ca-study-permit--sg,ircc-ptime,CA,permit,backward,ca-study-permit,Study permit (applying from outside Canada),SG,Singapore,10 weeks,70,weeks,ok,2026-09-22,2026-09-25T00:45:26.696Z,https://www.canada.ca/content/dam/ircc/documents/json/data-ptime-en.json,official,active,,,2026-09-25T01:18:44.823Z
ca-study-permit--si,ircc-ptime,CA,permit,backward,ca-study-permit,Study permit (applying from outside Canada),SI,Slovenia,No processing time available,,,unavailable,2026-09-22,2026-09-25T00:45:26.696Z,https://www.canada.ca/content/dam/ircc/documents/json/data-ptime-en.json,official,active,,,2026-09-25T01:18:44.823Z
ca-study-permit--sk,ircc-ptime,CA,permit,backward,ca-study-permit,Study permit (applying from outside Canada),SK,Slovakia,3 weeks,21,weeks,ok,2026-09-22,2026-09-25T00:45:26.696Z,https://www.canada.ca/content/dam/ircc/documents/json/data-ptime-en.json,official,active,,,2026-09-25T01:18:44.823Z
ca-study-permit--sl,ircc-ptime,CA,permit,backward,ca-study-permit,Study permit (applying from outside Canada),SL,Sierra Leone,No processing time available,,,unavailable,2026-09-22,2026-09-25T00:45:26.696Z,https://www.canada.ca/content/dam/ircc/documents/json/data-ptime-en.json,official,active,,,2026-09-25T01:18:44.823Z
ca-study-permit--sm,ircc-ptime,CA,permit,backward,ca-study-permit,Study permit (applying from outside Canada),SM,San Marino,No processing time available,,,unavailable,2026-09-22,2026-09-25T00:45:26.696Z,https://www.canada.ca/content/dam/ircc/documents/json/data-ptime-en.json,official,active,,,2026-09-25T01:18:44.823Z
ca-study-permit--sn,ircc-ptime,CA,permit,backward,ca-study-permit,Study permit (applying from outside Canada),SN,Senegal,7 weeks,49,weeks,ok,2026-09-22,2026-09-25T00:45:26.696Z,https://www.canada.ca/content/dam/ircc/documents/json/data-ptime-en.json,official,active,,,2026-09-25T01:18:44.823Z
ca-study-permit--so,ircc-ptime,CA,permit,backward,ca-study-permit,Study permit (applying from outside Canada),SO,Somalia,No processing time available,,,unavailable,2026-09-22,2026-09-25T00:45:26.696Z,https://www.canada.ca/content/dam/ircc/documents/json/data-ptime-en.json,official,active,,,2026-09-25T01:18:44.823Z
ca-study-permit--sr,ircc-ptime,CA,permit,backward,ca-study-permit,Study permit (applying from outside Canada),SR,Suriname,No processing time available,,,unavailable,2026-09-22,2026-09-25T00:45:26.696Z,https://www.canada.ca/content/dam/ircc/documents/json/data-ptime-en.json,official,active,,,2026-09-25T01:18:44.823Z
ca-study-permit--ss,ircc-ptime,CA,permit,backward,ca-study-permit,Study permit (applying from outside Canada),SS,South Sudan,No processing time available,,,unavailable,2026-09-22,2026-09-25T00:45:26.696Z,https://www.canada.ca/content/dam/ircc/documents/json/data-ptime-en.json,official,active,,,2026-09-25T01:18:44.823Z
ca-study-permit--st,ircc-ptime,CA,permit,backward,ca-study-permit,Study permit (applying from outside Canada),ST,São Tomé & Príncipe,No processing time available,,,unavailable,2026-09-22,2026-09-25T00:45:26.696Z,https://www.canada.ca/content/dam/ircc/documents/json/data-ptime-en.json,official,active,,,2026-09-25T01:18:44.823Z
ca-study-permit--sv,ircc-ptime,CA,permit,backward,ca-study-permit,Study permit (applying from outside Canada),SV,El Salvador,No processing time available,,,unavailable,2026-09-22,2026-09-25T00:45:26.696Z,https://www.canada.ca/content/dam/ircc/documents/json/data-ptime-en.json,official,active,,,2026-09-25T01:18:44.823Z
ca-study-permit--sy,ircc-ptime,CA,permit,backward,ca-study-permit,Study permit (applying from outside Canada),SY,Syria,No processing time available,,,unavailable,2026-09-22,2026-09-25T00:45:26.696Z,https://www.canada.ca/content/dam/ircc/documents/json/data-ptime-en.json,official,active,,,2026-09-25T01:18:44.823Z
ca-study-permit--sz,ircc-ptime,CA,permit,backward,ca-study-permit,Study permit (applying from outside Canada),SZ,Eswatini,No processing time available,,,unavailable,2026-09-22,2026-09-25T00:45:26.696Z,https://www.canada.ca/content/dam/ircc/documents/json/data-ptime-en.json,official,active,,,2026-09-25T01:18:44.823Z
ca-study-permit--tc,ircc-ptime,CA,permit,backward,ca-study-permit,Study permit (applying from outside Canada),TC,Turks & Caicos Islands,No processing time available,,,unavailable,2026-09-22,2026-09-25T00:45:26.696Z,https://www.canada.ca/content/dam/ircc/documents/json/data-ptime-en.json,official,active,,,2026-09-25T01:18:44.823Z
ca-study-permit--td,ircc-ptime,CA,permit,backward,ca-study-permit,Study permit (applying from outside Canada),TD,Chad,3 weeks,21,weeks,ok,2026-09-22,2026-09-25T00:45:26.696Z,https://www.canada.ca/content/dam/ircc/documents/json/data-ptime-en.json,official,active,,,2026-09-25T01:18:44.823Z
ca-study-permit--tg,ircc-ptime,CA,permit,backward,ca-study-permit,Study permit (applying from outside Canada),TG,Togo,16 weeks,112,weeks,ok,2026-09-22,2026-09-25T00:45:26.696Z,https://www.canada.ca/content/dam/ircc/documents/json/data-ptime-en.json,official,active,,,2026-09-25T01:18:44.823Z
ca-study-permit--th,ircc-ptime,CA,permit,backward,ca-study-permit,Study permit (applying from outside Canada),TH,Thailand,6 weeks,42,weeks,ok,2026-09-22,2026-09-25T00:45:26.696Z,https://www.canada.ca/content/dam/ircc/documents/json/data-ptime-en.json,official,active,,,2026-09-25T01:18:44.823Z
ca-study-permit--tj,ircc-ptime,CA,permit,backward,ca-study-permit,Study permit (applying from outside Canada),TJ,Tajikistan,No processing time available,,,unavailable,2026-09-22,2026-09-25T00:45:26.696Z,https://www.canada.ca/content/dam/ircc/documents/json/data-ptime-en.json,official,active,,,2026-09-25T01:18:44.823Z
ca-study-permit--tl,ircc-ptime,CA,permit,backward,ca-study-permit,Study permit (applying from outside Canada),TL,Timor-Leste,No processing time available,,,unavailable,2026-09-22,2026-09-25T00:45:26.696Z,https://www.canada.ca/content/dam/ircc/documents/json/data-ptime-en.json,official,active,,,2026-09-25T01:18:44.823Z
ca-study-permit--tm,ircc-ptime,CA,permit,backward,ca-study-permit,Study permit (applying from outside Canada),TM,Turkmenistan,No processing time available,,,unavailable,2026-09-22,2026-09-25T00:45:26.696Z,https://www.canada.ca/content/dam/ircc/documents/json/data-ptime-en.json,official,active,,,2026-09-25T01:18:44.823Z
ca-study-permit--tn,ircc-ptime,CA,permit,backward,ca-study-permit,Study permit (applying from outside Canada),TN,Tunisia,4 weeks,28,weeks,ok,2026-09-22,2026-09-25T00:45:26.696Z,https://www.canada.ca/content/dam/ircc/documents/json/data-ptime-en.json,official,active,,,2026-09-25T01:18:44.823Z
ca-study-permit--to,ircc-ptime,CA,permit,backward,ca-study-permit,Study permit (applying from outside Canada),TO,Tonga,No processing time available,,,unavailable,2026-09-22,2026-09-25T00:45:26.696Z,https://www.canada.ca/content/dam/ircc/documents/json/data-ptime-en.json,official,active,,,2026-09-25T01:18:44.823Z
ca-study-permit--tr,ircc-ptime,CA,permit,backward,ca-study-permit,Study permit (applying from outside Canada),TR,Türkiye,6 weeks,42,weeks,ok,2026-09-22,2026-09-25T00:45:26.696Z,https://www.canada.ca/content/dam/ircc/documents/json/data-ptime-en.json,official,active,,,2026-09-25T01:18:44.823Z
ca-study-permit--tt,ircc-ptime,CA,permit,backward,ca-study-permit,Study permit (applying from outside Canada),TT,Trinidad & Tobago,6 weeks,42,weeks,ok,2026-09-22,2026-09-25T00:45:26.696Z,https://www.canada.ca/content/dam/ircc/documents/json/data-ptime-en.json,official,active,,,2026-09-25T01:18:44.823Z
ca-study-permit--tv,ircc-ptime,CA,permit,backward,ca-study-permit,Study permit (applying from outside Canada),TV,Tuvalu,No processing time available,,,unavailable,2026-09-22,2026-09-25T00:45:26.696Z,https://www.canada.ca/content/dam/ircc/documents/json/data-ptime-en.json,official,active,,,2026-09-25T01:18:44.823Z
ca-study-permit--tw,ircc-ptime,CA,permit,backward,ca-study-permit,Study permit (applying from outside Canada),TW,Taiwan,7 weeks,49,weeks,ok,2026-09-22,2026-09-25T00:45:26.696Z,https://www.canada.ca/content/dam/ircc/documents/json/data-ptime-en.json,official,active,,,2026-09-25T01:18:44.823Z
ca-study-permit--tz,ircc-ptime,CA,permit,backward,ca-study-permit,Study permit (applying from outside Canada),TZ,Tanzania,6 weeks,42,weeks,ok,2026-09-22,2026-09-25T00:45:26.696Z,https://www.canada.ca/content/dam/ircc/documents/json/data-ptime-en.json,official,active,,,2026-09-25T01:18:44.823Z
ca-study-permit--ua,ircc-ptime,CA,permit,backward,ca-study-permit,Study permit (applying from outside Canada),UA,Ukraine,7 weeks,49,weeks,ok,2026-09-22,2026-09-25T00:45:26.696Z,https://www.canada.ca/content/dam/ircc/documents/json/data-ptime-en.json,official,active,,,2026-09-25T01:18:44.823Z
ca-study-permit--ug,ircc-ptime,CA,permit,backward,ca-study-permit,Study permit (applying from outside Canada),UG,Uganda,No processing time available,,,unavailable,2026-09-22,2026-09-25T00:45:26.696Z,https://www.canada.ca/content/dam/ircc/documents/json/data-ptime-en.json,official,active,,,2026-09-25T01:18:44.823Z
ca-study-permit--us,ircc-ptime,CA,permit,backward,ca-study-permit,Study permit (applying from outside Canada),US,United States,6 weeks,42,weeks,ok,2026-09-22,2026-09-25T00:45:26.696Z,https://www.canada.ca/content/dam/ircc/documents/json/data-ptime-en.json,official,active,,,2026-09-25T01:18:44.823Z
ca-study-permit--uy,ircc-ptime,CA,permit,backward,ca-study-permit,Study permit (applying from outside Canada),UY,Uruguay,No processing time available,,,unavailable,2026-09-22,2026-09-25T00:45:26.696Z,https://www.canada.ca/content/dam/ircc/documents/json/data-ptime-en.json,official,active,,,2026-09-25T01:18:44.823Z
ca-study-permit--uz,ircc-ptime,CA,permit,backward,ca-study-permit,Study permit (applying from outside Canada),UZ,Uzbekistan,6 weeks,42,weeks,ok,2026-09-22,2026-09-25T00:45:26.696Z,https://www.canada.ca/content/dam/ircc/documents/json/data-ptime-en.json,official,active,,,2026-09-25T01:18:44.823Z
ca-study-permit--va,ircc-ptime,CA,permit,backward,ca-study-permit,Study permit (applying from outside Canada),VA,Vatican City,No processing time available,,,unavailable,2026-09-22,2026-09-25T00:45:26.696Z,https://www.canada.ca/content/dam/ircc/documents/json/data-ptime-en.json,official,active,,,2026-09-25T01:18:44.823Z
ca-study-permit--vc,ircc-ptime,CA,permit,backward,ca-study-permit,Study permit (applying from outside Canada),VC,St. Vincent & Grenadines,No processing time available,,,unavailable,2026-09-22,2026-09-25T00:45:26.696Z,https://www.canada.ca/content/dam/ircc/documents/json/data-ptime-en.json,official,active,,,2026-09-25T01:18:44.823Z
ca-study-permit--ve,ircc-ptime,CA,permit,backward,ca-study-permit,Study permit (applying from outside Canada),VE,Venezuela,No processing time available,,,unavailable,2026-09-22,2026-09-25T00:45:26.696Z,https://www.canada.ca/content/dam/ircc/documents/json/data-ptime-en.json,official,active,,,2026-09-25T01:18:44.823Z
ca-study-permit--vi,ircc-ptime,CA,permit,backward,ca-study-permit,Study permit (applying from outside Canada),VI,U.S. Virgin Islands,No processing time available,,,unavailable,2026-09-22,2026-09-25T00:45:26.696Z,https://www.canada.ca/content/dam/ircc/documents/json/data-ptime-en.json,official,active,,,2026-09-25T01:18:44.823Z
ca-study-permit--vn,ircc-ptime,CA,permit,backward,ca-study-permit,Study permit (applying from outside Canada),VN,Vietnam,4 weeks,28,weeks,ok,2026-09-22,2026-09-25T00:45:26.696Z,https://www.canada.ca/content/dam/ircc/documents/json/data-ptime-en.json,official,active,,,2026-09-25T01:18:44.823Z
ca-study-permit--vu,ircc-ptime,CA,permit,backward,ca-study-permit,Study permit (applying from outside Canada),VU,Vanuatu,No processing time available,,,unavailable,2026-09-22,2026-09-25T00:45:26.696Z,https://www.canada.ca/content/dam/ircc/documents/json/data-ptime-en.json,official,active,,,2026-09-25T01:18:44.823Z
ca-study-permit--wb,ircc-ptime,CA,permit,backward,ca-study-permit,Study permit (applying from outside Canada),WB,WB,No processing time available,,,unavailable,2026-09-22,2026-09-25T00:45:26.696Z,https://www.canada.ca/content/dam/ircc/documents/json/data-ptime-en.json,official,active,,,2026-09-25T01:18:44.823Z
ca-study-permit--ws,ircc-ptime,CA,permit,backward,ca-study-permit,Study permit (applying from outside Canada),WS,Samoa,No processing time available,,,unavailable,2026-09-22,2026-09-25T00:45:26.696Z,https://www.canada.ca/content/dam/ircc/documents/json/data-ptime-en.json,official,active,,,2026-09-25T01:18:44.823Z
ca-study-permit--xk,ircc-ptime,CA,permit,backward,ca-study-permit,Study permit (applying from outside Canada),XK,Kosovo,No processing time available,,,unavailable,2026-09-22,2026-09-25T00:45:26.696Z,https://www.canada.ca/content/dam/ircc/documents/json/data-ptime-en.json,official,active,,,2026-09-25T01:18:44.823Z
ca-study-permit--ye,ircc-ptime,CA,permit,backward,ca-study-permit,Study permit (applying from outside Canada),YE,Yemen,No processing time available,,,unavailable,2026-09-22,2026-09-25T00:45:26.696Z,https://www.canada.ca/content/dam/ircc/documents/json/data-ptime-en.json,official,active,,,2026-09-25T01:18:44.823Z
ca-study-permit--za,ircc-ptime,CA,permit,backward,ca-study-permit,Study permit (applying from outside Canada),ZA,South Africa,16 weeks,112,weeks,ok,2026-09-22,2026-09-25T00:45:26.696Z,https://www.canada.ca/content/dam/ircc/documents/json/data-ptime-en.json,official,active,,,2026-09-25T01:18:44.823Z
ca-study-permit--zm,ircc-ptime,CA,permit,backward,ca-study-permit,Study permit (applying from outside Canada),ZM,Zambia,12 weeks,84,weeks,ok,2026-09-22,2026-09-25T00:45:26.696Z,https://www.canada.ca/content/dam/ircc/documents/json/data-ptime-en.json,official,active,,,2026-09-25T01:18:44.823Z
ca-study-permit--zw,ircc-ptime,CA,permit,backward,ca-study-permit,Study permit (applying from outside Canada),ZW,Zimbabwe,14 weeks,98,weeks,ok,2026-09-22,2026-09-25T00:45:26.696Z,https://www.canada.ca/content/dam/ircc/documents/json/data-ptime-en.json,official,active,,,2026-09-25T01:18:44.823Z
ca-study-permit-extension,ircc-noncountry,CA,permit,published,ca-study-permit-extension,Study permit extension,,,62 days,62,days,ok,2026-09-22,2026-09-25T00:45:33.675Z,https://www.canada.ca/content/dam/ircc/documents/json/data-ptime-non-country-en.json,official,active,,,2026-09-25T01:18:50.817Z
ca-super-visa--ad,ircc-ptime,CA,visa,backward,ca-super-visa,Super visa (parents and grandparents),AD,Andorra,No processing time available,,,unavailable,2026-09-22,2026-09-25T00:45:26.696Z,https://www.canada.ca/content/dam/ircc/documents/json/data-ptime-en.json,official,active,,,2026-09-25T01:18:44.823Z
ca-super-visa--ae,ircc-ptime,CA,visa,backward,ca-super-visa,Super visa (parents and grandparents),AE,United Arab Emirates,72 days,72,days,ok,2026-09-22,2026-09-25T00:45:26.696Z,https://www.canada.ca/content/dam/ircc/documents/json/data-ptime-en.json,official,active,,,2026-09-25T01:18:44.823Z
ca-super-visa--af,ircc-ptime,CA,visa,backward,ca-super-visa,Super visa (parents and grandparents),AF,Afghanistan,No processing time available,,,unavailable,2026-09-22,2026-09-25T00:45:26.696Z,https://www.canada.ca/content/dam/ircc/documents/json/data-ptime-en.json,official,active,,,2026-09-25T01:18:44.823Z
ca-super-visa--ag,ircc-ptime,CA,visa,backward,ca-super-visa,Super visa (parents and grandparents),AG,Antigua & Barbuda,No processing time available,,,unavailable,2026-09-22,2026-09-25T00:45:26.696Z,https://www.canada.ca/content/dam/ircc/documents/json/data-ptime-en.json,official,active,,,2026-09-25T01:18:44.823Z
ca-super-visa--ai,ircc-ptime,CA,visa,backward,ca-super-visa,Super visa (parents and grandparents),AI,Anguilla,No processing time available,,,unavailable,2026-09-22,2026-09-25T00:45:26.696Z,https://www.canada.ca/content/dam/ircc/documents/json/data-ptime-en.json,official,active,,,2026-09-25T01:18:44.823Z
ca-super-visa--al,ircc-ptime,CA,visa,backward,ca-super-visa,Super visa (parents and grandparents),AL,Albania,No processing time available,,,unavailable,2026-09-22,2026-09-25T00:45:26.696Z,https://www.canada.ca/content/dam/ircc/documents/json/data-ptime-en.json,official,active,,,2026-09-25T01:18:44.823Z
ca-super-visa--am,ircc-ptime,CA,visa,backward,ca-super-visa,Super visa (parents and grandparents),AM,Armenia,No processing time available,,,unavailable,2026-09-22,2026-09-25T00:45:26.696Z,https://www.canada.ca/content/dam/ircc/documents/json/data-ptime-en.json,official,active,,,2026-09-25T01:18:44.823Z
ca-super-visa--ao,ircc-ptime,CA,visa,backward,ca-super-visa,Super visa (parents and grandparents),AO,Angola,No processing time available,,,unavailable,2026-09-22,2026-09-25T00:45:26.696Z,https://www.canada.ca/content/dam/ircc/documents/json/data-ptime-en.json,official,active,,,2026-09-25T01:18:44.823Z
ca-super-visa--ar,ircc-ptime,CA,visa,backward,ca-super-visa,Super visa (parents and grandparents),AR,Argentina,No processing time available,,,unavailable,2026-09-22,2026-09-25T00:45:26.696Z,https://www.canada.ca/content/dam/ircc/documents/json/data-ptime-en.json,official,active,,,2026-09-25T01:18:44.823Z
ca-super-visa--at,ircc-ptime,CA,visa,backward,ca-super-visa,Super visa (parents and grandparents),AT,Austria,No processing time available,,,unavailable,2026-09-22,2026-09-25T00:45:26.696Z,https://www.canada.ca/content/dam/ircc/documents/json/data-ptime-en.json,official,active,,,2026-09-25T01:18:44.823Z
ca-super-visa--au,ircc-ptime,CA,visa,backward,ca-super-visa,Super visa (parents and grandparents),AU,Australia,No processing time available,,,unavailable,2026-09-22,2026-09-25T00:45:26.696Z,https://www.canada.ca/content/dam/ircc/documents/json/data-ptime-en.json,official,active,,,2026-09-25T01:18:44.823Z
ca-super-visa--aw,ircc-ptime,CA,visa,backward,ca-super-visa,Super visa (parents and grandparents),AW,Aruba,No processing time available,,,unavailable,2026-09-22,2026-09-25T00:45:26.696Z,https://www.canada.ca/content/dam/ircc/documents/json/data-ptime-en.json,official,active,,,2026-09-25T01:18:44.823Z
ca-super-visa--az,ircc-ptime,CA,visa,backward,ca-super-visa,Super visa (parents and grandparents),AZ,Azerbaijan,No processing time available,,,unavailable,2026-09-22,2026-09-25T00:45:26.696Z,https://www.canada.ca/content/dam/ircc/documents/json/data-ptime-en.json,official,active,,,2026-09-25T01:18:44.823Z
ca-super-visa--ba,ircc-ptime,CA,visa,backward,ca-super-visa,Super visa (parents and grandparents),BA,Bosnia & Herzegovina,No processing time available,,,unavailable,2026-09-22,2026-09-25T00:45:26.696Z,https://www.canada.ca/content/dam/ircc/documents/json/data-ptime-en.json,official,active,,,2026-09-25T01:18:44.823Z
ca-super-visa--bb,ircc-ptime,CA,visa,backward,ca-super-visa,Super visa (parents and grandparents),BB,Barbados,No processing time available,,,unavailable,2026-09-22,2026-09-25T00:45:26.696Z,https://www.canada.ca/content/dam/ircc/documents/json/data-ptime-en.json,official,active,,,2026-09-25T01:18:44.823Z
ca-super-visa--bd,ircc-ptime,CA,visa,backward,ca-super-visa,Super visa (parents and grandparents),BD,Bangladesh,55 days,55,days,ok,2026-09-22,2026-09-25T00:45:26.696Z,https://www.canada.ca/content/dam/ircc/documents/json/data-ptime-en.json,official,active,,,2026-09-25T01:18:44.823Z
ca-super-visa--be,ircc-ptime,CA,visa,backward,ca-super-visa,Super visa (parents and grandparents),BE,Belgium,No processing time available,,,unavailable,2026-09-22,2026-09-25T00:45:26.696Z,https://www.canada.ca/content/dam/ircc/documents/json/data-ptime-en.json,official,active,,,2026-09-25T01:18:44.823Z
ca-super-visa--bf,ircc-ptime,CA,visa,backward,ca-super-visa,Super visa (parents and grandparents),BF,Burkina Faso,No processing time available,,,unavailable,2026-09-22,2026-09-25T00:45:26.696Z,https://www.canada.ca/content/dam/ircc/documents/json/data-ptime-en.json,official,active,,,2026-09-25T01:18:44.823Z
ca-super-visa--bg,ircc-ptime,CA,visa,backward,ca-super-visa,Super visa (parents and grandparents),BG,Bulgaria,No processing time available,,,unavailable,2026-09-22,2026-09-25T00:45:26.696Z,https://www.canada.ca/content/dam/ircc/documents/json/data-ptime-en.json,official,active,,,2026-09-25T01:18:44.823Z
ca-super-visa--bh,ircc-ptime,CA,visa,backward,ca-super-visa,Super visa (parents and grandparents),BH,Bahrain,No processing time available,,,unavailable,2026-09-22,2026-09-25T00:45:26.696Z,https://www.canada.ca/content/dam/ircc/documents/json/data-ptime-en.json,official,active,,,2026-09-25T01:18:44.823Z
ca-super-visa--bi,ircc-ptime,CA,visa,backward,ca-super-visa,Super visa (parents and grandparents),BI,Burundi,66 days,66,days,ok,2026-09-22,2026-09-25T00:45:26.696Z,https://www.canada.ca/content/dam/ircc/documents/json/data-ptime-en.json,official,active,,,2026-09-25T01:18:44.823Z
ca-super-visa--bj,ircc-ptime,CA,visa,backward,ca-super-visa,Super visa (parents and grandparents),BJ,Benin,No processing time available,,,unavailable,2026-09-22,2026-09-25T00:45:26.696Z,https://www.canada.ca/content/dam/ircc/documents/json/data-ptime-en.json,official,active,,,2026-09-25T01:18:44.823Z
ca-super-visa--bm,ircc-ptime,CA,visa,backward,ca-super-visa,Super visa (parents and grandparents),BM,Bermuda,No processing time available,,,unavailable,2026-09-22,2026-09-25T00:45:26.696Z,https://www.canada.ca/content/dam/ircc/documents/json/data-ptime-en.json,official,active,,,2026-09-25T01:18:44.823Z
ca-super-visa--bn,ircc-ptime,CA,visa,backward,ca-super-visa,Super visa (parents and grandparents),BN,Brunei,No processing time available,,,unavailable,2026-09-22,2026-09-25T00:45:26.696Z,https://www.canada.ca/content/dam/ircc/documents/json/data-ptime-en.json,official,active,,,2026-09-25T01:18:44.823Z
ca-super-visa--bo,ircc-ptime,CA,visa,backward,ca-super-visa,Super visa (parents and grandparents),BO,Bolivia,No processing time available,,,unavailable,2026-09-22,2026-09-25T00:45:26.696Z,https://www.canada.ca/content/dam/ircc/documents/json/data-ptime-en.json,official,active,,,2026-09-25T01:18:44.823Z
ca-super-visa--bq,ircc-ptime,CA,visa,backward,ca-super-visa,Super visa (parents and grandparents),BQ,Caribbean Netherlands,No processing time available,,,unavailable,2026-09-22,2026-09-25T00:45:26.696Z,https://www.canada.ca/content/dam/ircc/documents/json/data-ptime-en.json,official,active,,,2026-09-25T01:18:44.823Z
ca-super-visa--br,ircc-ptime,CA,visa,backward,ca-super-visa,Super visa (parents and grandparents),BR,Brazil,15 days,15,days,ok,2026-09-22,2026-09-25T00:45:26.696Z,https://www.canada.ca/content/dam/ircc/documents/json/data-ptime-en.json,official,active,,,2026-09-25T01:18:44.823Z
ca-super-visa--bs,ircc-ptime,CA,visa,backward,ca-super-visa,Super visa (parents and grandparents),BS,Bahamas,No processing time available,,,unavailable,2026-09-22,2026-09-25T00:45:26.696Z,https://www.canada.ca/content/dam/ircc/documents/json/data-ptime-en.json,official,active,,,2026-09-25T01:18:44.823Z
ca-super-visa--bt,ircc-ptime,CA,visa,backward,ca-super-visa,Super visa (parents and grandparents),BT,Bhutan,No processing time available,,,unavailable,2026-09-22,2026-09-25T00:45:26.696Z,https://www.canada.ca/content/dam/ircc/documents/json/data-ptime-en.json,official,active,,,2026-09-25T01:18:44.823Z
ca-super-visa--bw,ircc-ptime,CA,visa,backward,ca-super-visa,Super visa (parents and grandparents),BW,Botswana,No processing time available,,,unavailable,2026-09-22,2026-09-25T00:45:26.696Z,https://www.canada.ca/content/dam/ircc/documents/json/data-ptime-en.json,official,active,,,2026-09-25T01:18:44.823Z
ca-super-visa--by,ircc-ptime,CA,visa,backward,ca-super-visa,Super visa (parents and grandparents),BY,Belarus,No processing time available,,,unavailable,2026-09-22,2026-09-25T00:45:26.696Z,https://www.canada.ca/content/dam/ircc/documents/json/data-ptime-en.json,official,active,,,2026-09-25T01:18:44.823Z
ca-super-visa--bz,ircc-ptime,CA,visa,backward,ca-super-visa,Super visa (parents and grandparents),BZ,Belize,No processing time available,,,unavailable,2026-09-22,2026-09-25T00:45:26.696Z,https://www.canada.ca/content/dam/ircc/documents/json/data-ptime-en.json,official,active,,,2026-09-25T01:18:44.823Z
ca-super-visa--ca,ircc-ptime,CA,visa,backward,ca-super-visa,Super visa (parents and grandparents),CA,Canada,No processing time available,,,unavailable,2026-09-22,2026-09-25T00:45:26.696Z,https://www.canada.ca/content/dam/ircc/documents/json/data-ptime-en.json,official,active,,,2026-09-25T01:18:44.823Z
ca-super-visa--cd,ircc-ptime,CA,visa,backward,ca-super-visa,Super visa (parents and grandparents),CD,Congo - Kinshasa,No processing time available,,,unavailable,2026-09-22,2026-09-25T00:45:26.696Z,https://www.canada.ca/content/dam/ircc/documents/json/data-ptime-en.json,official,active,,,2026-09-25T01:18:44.823Z
ca-super-visa--cf,ircc-ptime,CA,visa,backward,ca-super-visa,Super visa (parents and grandparents),CF,Central African Republic,No processing time available,,,unavailable,2026-09-22,2026-09-25T00:45:26.696Z,https://www.canada.ca/content/dam/ircc/documents/json/data-ptime-en.json,official,active,,,2026-09-25T01:18:44.823Z
ca-super-visa--cg,ircc-ptime,CA,visa,backward,ca-super-visa,Super visa (parents and grandparents),CG,Congo - Brazzaville,No processing time available,,,unavailable,2026-09-22,2026-09-25T00:45:26.696Z,https://www.canada.ca/content/dam/ircc/documents/json/data-ptime-en.json,official,active,,,2026-09-25T01:18:44.823Z
ca-super-visa--ch,ircc-ptime,CA,visa,backward,ca-super-visa,Super visa (parents and grandparents),CH,Switzerland,No processing time available,,,unavailable,2026-09-22,2026-09-25T00:45:26.696Z,https://www.canada.ca/content/dam/ircc/documents/json/data-ptime-en.json,official,active,,,2026-09-25T01:18:44.823Z
ca-super-visa--ci,ircc-ptime,CA,visa,backward,ca-super-visa,Super visa (parents and grandparents),CI,Côte d’Ivoire,26 days,26,days,ok,2026-09-22,2026-09-25T00:45:26.696Z,https://www.canada.ca/content/dam/ircc/documents/json/data-ptime-en.json,official,active,,,2026-09-25T01:18:44.823Z
ca-super-visa--cl,ircc-ptime,CA,visa,backward,ca-super-visa,Super visa (parents and grandparents),CL,Chile,No processing time available,,,unavailable,2026-09-22,2026-09-25T00:45:26.696Z,https://www.canada.ca/content/dam/ircc/documents/json/data-ptime-en.json,official,active,,,2026-09-25T01:18:44.823Z
ca-super-visa--cm,ircc-ptime,CA,visa,backward,ca-super-visa,Super visa (parents and grandparents),CM,Cameroon,79 days,79,days,ok,2026-09-22,2026-09-25T00:45:26.696Z,https://www.canada.ca/content/dam/ircc/documents/json/data-ptime-en.json,official,active,,,2026-09-25T01:18:44.823Z
ca-super-visa--cn,ircc-ptime,CA,visa,backward,ca-super-visa,Super visa (parents and grandparents),CN,China,77 days,77,days,ok,2026-09-22,2026-09-25T00:45:26.696Z,https://www.canada.ca/content/dam/ircc/documents/json/data-ptime-en.json,official,active,,,2026-09-25T01:18:44.823Z
ca-super-visa--co,ircc-ptime,CA,visa,backward,ca-super-visa,Super visa (parents and grandparents),CO,Colombia,92 days,92,days,ok,2026-09-22,2026-09-25T00:45:26.696Z,https://www.canada.ca/content/dam/ircc/documents/json/data-ptime-en.json,official,active,,,2026-09-25T01:18:44.823Z
ca-super-visa--cr,ircc-ptime,CA,visa,backward,ca-super-visa,Super visa (parents and grandparents),CR,Costa Rica,No processing time available,,,unavailable,2026-09-22,2026-09-25T00:45:26.696Z,https://www.canada.ca/content/dam/ircc/documents/json/data-ptime-en.json,official,active,,,2026-09-25T01:18:44.823Z
ca-super-visa--cu,ircc-ptime,CA,visa,backward,ca-super-visa,Super visa (parents and grandparents),CU,Cuba,58 days,58,days,ok,2026-09-22,2026-09-25T00:45:26.696Z,https://www.canada.ca/content/dam/ircc/documents/json/data-ptime-en.json,official,active,,,2026-09-25T01:18:44.823Z
ca-super-visa--cv,ircc-ptime,CA,visa,backward,ca-super-visa,Super visa (parents and grandparents),CV,Cape Verde,No processing time available,,,unavailable,2026-09-22,2026-09-25T00:45:26.696Z,https://www.canada.ca/content/dam/ircc/documents/json/data-ptime-en.json,official,active,,,2026-09-25T01:18:44.823Z
ca-super-visa--cy,ircc-ptime,CA,visa,backward,ca-super-visa,Super visa (parents and grandparents),CY,Cyprus,No processing time available,,,unavailable,2026-09-22,2026-09-25T00:45:26.696Z,https://www.canada.ca/content/dam/ircc/documents/json/data-ptime-en.json,official,active,,,2026-09-25T01:18:44.823Z
ca-super-visa--cz,ircc-ptime,CA,visa,backward,ca-super-visa,Super visa (parents and grandparents),CZ,Czechia,No processing time available,,,unavailable,2026-09-22,2026-09-25T00:45:26.696Z,https://www.canada.ca/content/dam/ircc/documents/json/data-ptime-en.json,official,active,,,2026-09-25T01:18:44.823Z
ca-super-visa--de,ircc-ptime,CA,visa,backward,ca-super-visa,Super visa (parents and grandparents),DE,Germany,No processing time available,,,unavailable,2026-09-22,2026-09-25T00:45:26.696Z,https://www.canada.ca/content/dam/ircc/documents/json/data-ptime-en.json,official,active,,,2026-09-25T01:18:44.823Z
ca-super-visa--dj,ircc-ptime,CA,visa,backward,ca-super-visa,Super visa (parents and grandparents),DJ,Djibouti,No processing time available,,,unavailable,2026-09-22,2026-09-25T00:45:26.696Z,https://www.canada.ca/content/dam/ircc/documents/json/data-ptime-en.json,official,active,,,2026-09-25T01:18:44.823Z
ca-super-visa--dk,ircc-ptime,CA,visa,backward,ca-super-visa,Super visa (parents and grandparents),DK,Denmark,No processing time available,,,unavailable,2026-09-22,2026-09-25T00:45:26.696Z,https://www.canada.ca/content/dam/ircc/documents/json/data-ptime-en.json,official,active,,,2026-09-25T01:18:44.823Z
ca-super-visa--dm,ircc-ptime,CA,visa,backward,ca-super-visa,Super visa (parents and grandparents),DM,Dominica,No processing time available,,,unavailable,2026-09-22,2026-09-25T00:45:26.696Z,https://www.canada.ca/content/dam/ircc/documents/json/data-ptime-en.json,official,active,,,2026-09-25T01:18:44.823Z
ca-super-visa--do,ircc-ptime,CA,visa,backward,ca-super-visa,Super visa (parents and grandparents),DO,Dominican Republic,No processing time available,,,unavailable,2026-09-22,2026-09-25T00:45:26.696Z,https://www.canada.ca/content/dam/ircc/documents/json/data-ptime-en.json,official,active,,,2026-09-25T01:18:44.823Z
ca-super-visa--dz,ircc-ptime,CA,visa,backward,ca-super-visa,Super visa (parents and grandparents),DZ,Algeria,56 days,56,days,ok,2026-09-22,2026-09-25T00:45:26.696Z,https://www.canada.ca/content/dam/ircc/documents/json/data-ptime-en.json,official,active,,,2026-09-25T01:18:44.823Z
ca-super-visa--ec,ircc-ptime,CA,visa,backward,ca-super-visa,Super visa (parents and grandparents),EC,Ecuador,No processing time available,,,unavailable,2026-09-22,2026-09-25T00:45:26.696Z,https://www.canada.ca/content/dam/ircc/documents/json/data-ptime-en.json,official,active,,,2026-09-25T01:18:44.823Z
ca-super-visa--ee,ircc-ptime,CA,visa,backward,ca-super-visa,Super visa (parents and grandparents),EE,Estonia,No processing time available,,,unavailable,2026-09-22,2026-09-25T00:45:26.696Z,https://www.canada.ca/content/dam/ircc/documents/json/data-ptime-en.json,official,active,,,2026-09-25T01:18:44.823Z
ca-super-visa--eg,ircc-ptime,CA,visa,backward,ca-super-visa,Super visa (parents and grandparents),EG,Egypt,39 days,39,days,ok,2026-09-22,2026-09-25T00:45:26.696Z,https://www.canada.ca/content/dam/ircc/documents/json/data-ptime-en.json,official,active,,,2026-09-25T01:18:44.823Z
ca-super-visa--er,ircc-ptime,CA,visa,backward,ca-super-visa,Super visa (parents and grandparents),ER,Eritrea,No processing time available,,,unavailable,2026-09-22,2026-09-25T00:45:26.696Z,https://www.canada.ca/content/dam/ircc/documents/json/data-ptime-en.json,official,active,,,2026-09-25T01:18:44.823Z
ca-super-visa--es,ircc-ptime,CA,visa,backward,ca-super-visa,Super visa (parents and grandparents),ES,Spain,No processing time available,,,unavailable,2026-09-22,2026-09-25T00:45:26.696Z,https://www.canada.ca/content/dam/ircc/documents/json/data-ptime-en.json,official,active,,,2026-09-25T01:18:44.823Z
ca-super-visa--et,ircc-ptime,CA,visa,backward,ca-super-visa,Super visa (parents and grandparents),ET,Ethiopia,38 days,38,days,ok,2026-09-22,2026-09-25T00:45:26.696Z,https://www.canada.ca/content/dam/ircc/documents/json/data-ptime-en.json,official,active,,,2026-09-25T01:18:44.823Z
ca-super-visa--fi,ircc-ptime,CA,visa,backward,ca-super-visa,Super visa (parents and grandparents),FI,Finland,No processing time available,,,unavailable,2026-09-22,2026-09-25T00:45:26.696Z,https://www.canada.ca/content/dam/ircc/documents/json/data-ptime-en.json,official,active,,,2026-09-25T01:18:44.823Z
ca-super-visa--fj,ircc-ptime,CA,visa,backward,ca-super-visa,Super visa (parents and grandparents),FJ,Fiji,No processing time available,,,unavailable,2026-09-22,2026-09-25T00:45:26.696Z,https://www.canada.ca/content/dam/ircc/documents/json/data-ptime-en.json,official,active,,,2026-09-25T01:18:44.823Z
ca-super-visa--fm,ircc-ptime,CA,visa,backward,ca-super-visa,Super visa (parents and grandparents),FM,Micronesia,No processing time available,,,unavailable,2026-09-22,2026-09-25T00:45:26.696Z,https://www.canada.ca/content/dam/ircc/documents/json/data-ptime-en.json,official,active,,,2026-09-25T01:18:44.823Z
ca-super-visa--fr,ircc-ptime,CA,visa,backward,ca-super-visa,Super visa (parents and grandparents),FR,France,110 days,110,days,ok,2026-09-22,2026-09-25T00:45:26.696Z,https://www.canada.ca/content/dam/ircc/documents/json/data-ptime-en.json,official,active,,,2026-09-25T01:18:44.823Z
ca-super-visa--ga,ircc-ptime,CA,visa,backward,ca-super-visa,Super visa (parents and grandparents),GA,Gabon,No processing time available,,,unavailable,2026-09-22,2026-09-25T00:45:26.696Z,https://www.canada.ca/content/dam/ircc/documents/json/data-ptime-en.json,official,active,,,2026-09-25T01:18:44.823Z
ca-super-visa--gb,ircc-ptime,CA,visa,backward,ca-super-visa,Super visa (parents and grandparents),GB,United Kingdom,75 days,75,days,ok,2026-09-22,2026-09-25T00:45:26.696Z,https://www.canada.ca/content/dam/ircc/documents/json/data-ptime-en.json,official,active,,,2026-09-25T01:18:44.823Z
ca-super-visa--gd,ircc-ptime,CA,visa,backward,ca-super-visa,Super visa (parents and grandparents),GD,Grenada,No processing time available,,,unavailable,2026-09-22,2026-09-25T00:45:26.696Z,https://www.canada.ca/content/dam/ircc/documents/json/data-ptime-en.json,official,active,,,2026-09-25T01:18:44.823Z
ca-super-visa--ge,ircc-ptime,CA,visa,backward,ca-super-visa,Super visa (parents and grandparents),GE,Georgia,No processing time available,,,unavailable,2026-09-22,2026-09-25T00:45:26.696Z,https://www.canada.ca/content/dam/ircc/documents/json/data-ptime-en.json,official,active,,,2026-09-25T01:18:44.823Z
ca-super-visa--gh,ircc-ptime,CA,visa,backward,ca-super-visa,Super visa (parents and grandparents),GH,Ghana,32 days,32,days,ok,2026-09-22,2026-09-25T00:45:26.696Z,https://www.canada.ca/content/dam/ircc/documents/json/data-ptime-en.json,official,active,,,2026-09-25T01:18:44.823Z
ca-super-visa--gl,ircc-ptime,CA,visa,backward,ca-super-visa,Super visa (parents and grandparents),GL,Greenland,No processing time available,,,unavailable,2026-09-22,2026-09-25T00:45:26.696Z,https://www.canada.ca/content/dam/ircc/documents/json/data-ptime-en.json,official,active,,,2026-09-25T01:18:44.823Z
ca-super-visa--gm,ircc-ptime,CA,visa,backward,ca-super-visa,Super visa (parents and grandparents),GM,Gambia,No processing time available,,,unavailable,2026-09-22,2026-09-25T00:45:26.696Z,https://www.canada.ca/content/dam/ircc/documents/json/data-ptime-en.json,official,active,,,2026-09-25T01:18:44.823Z
ca-super-visa--gn,ircc-ptime,CA,visa,backward,ca-super-visa,Super visa (parents and grandparents),GN,Guinea,No processing time available,,,unavailable,2026-09-22,2026-09-25T00:45:26.696Z,https://www.canada.ca/content/dam/ircc/documents/json/data-ptime-en.json,official,active,,,2026-09-25T01:18:44.823Z
ca-super-visa--gq,ircc-ptime,CA,visa,backward,ca-super-visa,Super visa (parents and grandparents),GQ,Equatorial Guinea,No processing time available,,,unavailable,2026-09-22,2026-09-25T00:45:26.696Z,https://www.canada.ca/content/dam/ircc/documents/json/data-ptime-en.json,official,active,,,2026-09-25T01:18:44.823Z
ca-super-visa--gr,ircc-ptime,CA,visa,backward,ca-super-visa,Super visa (parents and grandparents),GR,Greece,No processing time available,,,unavailable,2026-09-22,2026-09-25T00:45:26.696Z,https://www.canada.ca/content/dam/ircc/documents/json/data-ptime-en.json,official,active,,,2026-09-25T01:18:44.823Z
ca-super-visa--gt,ircc-ptime,CA,visa,backward,ca-super-visa,Super visa (parents and grandparents),GT,Guatemala,No processing time available,,,unavailable,2026-09-22,2026-09-25T00:45:26.696Z,https://www.canada.ca/content/dam/ircc/documents/json/data-ptime-en.json,official,active,,,2026-09-25T01:18:44.823Z
ca-super-visa--gw,ircc-ptime,CA,visa,backward,ca-super-visa,Super visa (parents and grandparents),GW,Guinea-Bissau,No processing time available,,,unavailable,2026-09-22,2026-09-25T00:45:26.696Z,https://www.canada.ca/content/dam/ircc/documents/json/data-ptime-en.json,official,active,,,2026-09-25T01:18:44.823Z
ca-super-visa--gy,ircc-ptime,CA,visa,backward,ca-super-visa,Super visa (parents and grandparents),GY,Guyana,No processing time available,,,unavailable,2026-09-22,2026-09-25T00:45:26.696Z,https://www.canada.ca/content/dam/ircc/documents/json/data-ptime-en.json,official,active,,,2026-09-25T01:18:44.823Z
ca-super-visa--hk,ircc-ptime,CA,visa,backward,ca-super-visa,Super visa (parents and grandparents),HK,Hong Kong SAR China,51 days,51,days,ok,2026-09-22,2026-09-25T00:45:26.696Z,https://www.canada.ca/content/dam/ircc/documents/json/data-ptime-en.json,official,active,,,2026-09-25T01:18:44.823Z
ca-super-visa--hn,ircc-ptime,CA,visa,backward,ca-super-visa,Super visa (parents and grandparents),HN,Honduras,No processing time available,,,unavailable,2026-09-22,2026-09-25T00:45:26.696Z,https://www.canada.ca/content/dam/ircc/documents/json/data-ptime-en.json,official,active,,,2026-09-25T01:18:44.823Z
ca-super-visa--hr,ircc-ptime,CA,visa,backward,ca-super-visa,Super visa (parents and grandparents),HR,Croatia,No processing time available,,,unavailable,2026-09-22,2026-09-25T00:45:26.696Z,https://www.canada.ca/content/dam/ircc/documents/json/data-ptime-en.json,official,active,,,2026-09-25T01:18:44.823Z
ca-super-visa--ht,ircc-ptime,CA,visa,backward,ca-super-visa,Super visa (parents and grandparents),HT,Haiti,36 days,36,days,ok,2026-09-22,2026-09-25T00:45:26.696Z,https://www.canada.ca/content/dam/ircc/documents/json/data-ptime-en.json,official,active,,,2026-09-25T01:18:44.823Z
ca-super-visa--hu,ircc-ptime,CA,visa,backward,ca-super-visa,Super visa (parents and grandparents),HU,Hungary,No processing time available,,,unavailable,2026-09-22,2026-09-25T00:45:26.696Z,https://www.canada.ca/content/dam/ircc/documents/json/data-ptime-en.json,official,active,,,2026-09-25T01:18:44.823Z
ca-super-visa--id,ircc-ptime,CA,visa,backward,ca-super-visa,Super visa (parents and grandparents),ID,Indonesia,No processing time available,,,unavailable,2026-09-22,2026-09-25T00:45:26.696Z,https://www.canada.ca/content/dam/ircc/documents/json/data-ptime-en.json,official,active,,,2026-09-25T01:18:44.823Z
ca-super-visa--ie,ircc-ptime,CA,visa,backward,ca-super-visa,Super visa (parents and grandparents),IE,Ireland,No processing time available,,,unavailable,2026-09-22,2026-09-25T00:45:26.696Z,https://www.canada.ca/content/dam/ircc/documents/json/data-ptime-en.json,official,active,,,2026-09-25T01:18:44.823Z
ca-super-visa--il,ircc-ptime,CA,visa,backward,ca-super-visa,Super visa (parents and grandparents),IL,Israel,No processing time available,,,unavailable,2026-09-22,2026-09-25T00:45:26.696Z,https://www.canada.ca/content/dam/ircc/documents/json/data-ptime-en.json,official,active,,,2026-09-25T01:18:44.823Z
ca-super-visa--in,ircc-ptime,CA,visa,backward,ca-super-visa,Super visa (parents and grandparents),IN,India,70 days,70,days,ok,2026-09-22,2026-09-25T00:45:26.696Z,https://www.canada.ca/content/dam/ircc/documents/json/data-ptime-en.json,official,active,,,2026-09-25T01:18:44.823Z
ca-super-visa--io,ircc-ptime,CA,visa,backward,ca-super-visa,Super visa (parents and grandparents),IO,British Indian Ocean Territory,No processing time available,,,unavailable,2026-09-22,2026-09-25T00:45:26.696Z,https://www.canada.ca/content/dam/ircc/documents/json/data-ptime-en.json,official,active,,,2026-09-25T01:18:44.823Z
ca-super-visa--iq,ircc-ptime,CA,visa,backward,ca-super-visa,Super visa (parents and grandparents),IQ,Iraq,No processing time available,,,unavailable,2026-09-22,2026-09-25T00:45:26.696Z,https://www.canada.ca/content/dam/ircc/documents/json/data-ptime-en.json,official,active,,,2026-09-25T01:18:44.823Z
ca-super-visa--ir,ircc-ptime,CA,visa,backward,ca-super-visa,Super visa (parents and grandparents),IR,Iran,265 days,265,days,ok,2026-09-22,2026-09-25T00:45:26.696Z,https://www.canada.ca/content/dam/ircc/documents/json/data-ptime-en.json,official,active,,,2026-09-25T01:18:44.823Z
ca-super-visa--is,ircc-ptime,CA,visa,backward,ca-super-visa,Super visa (parents and grandparents),IS,Iceland,No processing time available,,,unavailable,2026-09-22,2026-09-25T00:45:26.696Z,https://www.canada.ca/content/dam/ircc/documents/json/data-ptime-en.json,official,active,,,2026-09-25T01:18:44.823Z
ca-super-visa--it,ircc-ptime,CA,visa,backward,ca-super-visa,Super visa (parents and grandparents),IT,Italy,No processing time available,,,unavailable,2026-09-22,2026-09-25T00:45:26.696Z,https://www.canada.ca/content/dam/ircc/documents/json/data-ptime-en.json,official,active,,,2026-09-25T01:18:44.823Z
ca-super-visa--jm,ircc-ptime,CA,visa,backward,ca-super-visa,Super visa (parents and grandparents),JM,Jamaica,46 days,46,days,ok,2026-09-22,2026-09-25T00:45:26.696Z,https://www.canada.ca/content/dam/ircc/documents/json/data-ptime-en.json,official,active,,,2026-09-25T01:18:44.823Z
ca-super-visa--jo,ircc-ptime,CA,visa,backward,ca-super-visa,Super visa (parents and grandparents),JO,Jordan,No processing time available,,,unavailable,2026-09-22,2026-09-25T00:45:26.696Z,https://www.canada.ca/content/dam/ircc/documents/json/data-ptime-en.json,official,active,,,2026-09-25T01:18:44.823Z
ca-super-visa--jp,ircc-ptime,CA,visa,backward,ca-super-visa,Super visa (parents and grandparents),JP,Japan,No processing time available,,,unavailable,2026-09-22,2026-09-25T00:45:26.696Z,https://www.canada.ca/content/dam/ircc/documents/json/data-ptime-en.json,official,active,,,2026-09-25T01:18:44.823Z
ca-super-visa--ke,ircc-ptime,CA,visa,backward,ca-super-visa,Super visa (parents and grandparents),KE,Kenya,No processing time available,,,unavailable,2026-09-22,2026-09-25T00:45:26.696Z,https://www.canada.ca/content/dam/ircc/documents/json/data-ptime-en.json,official,active,,,2026-09-25T01:18:44.823Z
ca-super-visa--kg,ircc-ptime,CA,visa,backward,ca-super-visa,Super visa (parents and grandparents),KG,Kyrgyzstan,No processing time available,,,unavailable,2026-09-22,2026-09-25T00:45:26.696Z,https://www.canada.ca/content/dam/ircc/documents/json/data-ptime-en.json,official,active,,,2026-09-25T01:18:44.823Z
ca-super-visa--kh,ircc-ptime,CA,visa,backward,ca-super-visa,Super visa (parents and grandparents),KH,Cambodia,No processing time available,,,unavailable,2026-09-22,2026-09-25T00:45:26.696Z,https://www.canada.ca/content/dam/ircc/documents/json/data-ptime-en.json,official,active,,,2026-09-25T01:18:44.823Z
ca-super-visa--ki,ircc-ptime,CA,visa,backward,ca-super-visa,Super visa (parents and grandparents),KI,Kiribati,No processing time available,,,unavailable,2026-09-22,2026-09-25T00:45:26.696Z,https://www.canada.ca/content/dam/ircc/documents/json/data-ptime-en.json,official,active,,,2026-09-25T01:18:44.823Z
ca-super-visa--km,ircc-ptime,CA,visa,backward,ca-super-visa,Super visa (parents and grandparents),KM,Comoros,No processing time available,,,unavailable,2026-09-22,2026-09-25T00:45:26.696Z,https://www.canada.ca/content/dam/ircc/documents/json/data-ptime-en.json,official,active,,,2026-09-25T01:18:44.823Z
ca-super-visa--kn,ircc-ptime,CA,visa,backward,ca-super-visa,Super visa (parents and grandparents),KN,St. Kitts & Nevis,No processing time available,,,unavailable,2026-09-22,2026-09-25T00:45:26.696Z,https://www.canada.ca/content/dam/ircc/documents/json/data-ptime-en.json,official,active,,,2026-09-25T01:18:44.823Z
ca-super-visa--kp,ircc-ptime,CA,visa,backward,ca-super-visa,Super visa (parents and grandparents),KP,North Korea,No processing time available,,,unavailable,2026-09-22,2026-09-25T00:45:26.696Z,https://www.canada.ca/content/dam/ircc/documents/json/data-ptime-en.json,official,active,,,2026-09-25T01:18:44.823Z
ca-super-visa--kr,ircc-ptime,CA,visa,backward,ca-super-visa,Super visa (parents and grandparents),KR,South Korea,No processing time available,,,unavailable,2026-09-22,2026-09-25T00:45:26.696Z,https://www.canada.ca/content/dam/ircc/documents/json/data-ptime-en.json,official,active,,,2026-09-25T01:18:44.823Z
ca-super-visa--kw,ircc-ptime,CA,visa,backward,ca-super-visa,Super visa (parents and grandparents),KW,Kuwait,No processing time available,,,unavailable,2026-09-22,2026-09-25T00:45:26.696Z,https://www.canada.ca/content/dam/ircc/documents/json/data-ptime-en.json,official,active,,,2026-09-25T01:18:44.823Z
ca-super-visa--ky,ircc-ptime,CA,visa,backward,ca-super-visa,Super visa (parents and grandparents),KY,Cayman Islands,No processing time available,,,unavailable,2026-09-22,2026-09-25T00:45:26.696Z,https://www.canada.ca/content/dam/ircc/documents/json/data-ptime-en.json,official,active,,,2026-09-25T01:18:44.823Z
ca-super-visa--kz,ircc-ptime,CA,visa,backward,ca-super-visa,Super visa (parents and grandparents),KZ,Kazakhstan,No processing time available,,,unavailable,2026-09-22,2026-09-25T00:45:26.696Z,https://www.canada.ca/content/dam/ircc/documents/json/data-ptime-en.json,official,active,,,2026-09-25T01:18:44.823Z
ca-super-visa--la,ircc-ptime,CA,visa,backward,ca-super-visa,Super visa (parents and grandparents),LA,Laos,No processing time available,,,unavailable,2026-09-22,2026-09-25T00:45:26.696Z,https://www.canada.ca/content/dam/ircc/documents/json/data-ptime-en.json,official,active,,,2026-09-25T01:18:44.823Z
ca-super-visa--lb,ircc-ptime,CA,visa,backward,ca-super-visa,Super visa (parents and grandparents),LB,Lebanon,24 days,24,days,ok,2026-09-22,2026-09-25T00:45:26.696Z,https://www.canada.ca/content/dam/ircc/documents/json/data-ptime-en.json,official,active,,,2026-09-25T01:18:44.823Z
ca-super-visa--lc,ircc-ptime,CA,visa,backward,ca-super-visa,Super visa (parents and grandparents),LC,St. Lucia,No processing time available,,,unavailable,2026-09-22,2026-09-25T00:45:26.696Z,https://www.canada.ca/content/dam/ircc/documents/json/data-ptime-en.json,official,active,,,2026-09-25T01:18:44.823Z
ca-super-visa--li,ircc-ptime,CA,visa,backward,ca-super-visa,Super visa (parents and grandparents),LI,Liechtenstein,No processing time available,,,unavailable,2026-09-22,2026-09-25T00:45:26.696Z,https://www.canada.ca/content/dam/ircc/documents/json/data-ptime-en.json,official,active,,,2026-09-25T01:18:44.823Z
ca-super-visa--lk,ircc-ptime,CA,visa,backward,ca-super-visa,Super visa (parents and grandparents),LK,Sri Lanka,35 days,35,days,ok,2026-09-22,2026-09-25T00:45:26.696Z,https://www.canada.ca/content/dam/ircc/documents/json/data-ptime-en.json,official,active,,,2026-09-25T01:18:44.823Z
ca-super-visa--lr,ircc-ptime,CA,visa,backward,ca-super-visa,Super visa (parents and grandparents),LR,Liberia,No processing time available,,,unavailable,2026-09-22,2026-09-25T00:45:26.696Z,https://www.canada.ca/content/dam/ircc/documents/json/data-ptime-en.json,official,active,,,2026-09-25T01:18:44.823Z
ca-super-visa--ls,ircc-ptime,CA,visa,backward,ca-super-visa,Super visa (parents and grandparents),LS,Lesotho,No processing time available,,,unavailable,2026-09-22,2026-09-25T00:45:26.696Z,https://www.canada.ca/content/dam/ircc/documents/json/data-ptime-en.json,official,active,,,2026-09-25T01:18:44.823Z
ca-super-visa--lt,ircc-ptime,CA,visa,backward,ca-super-visa,Super visa (parents and grandparents),LT,Lithuania,No processing time available,,,unavailable,2026-09-22,2026-09-25T00:45:26.696Z,https://www.canada.ca/content/dam/ircc/documents/json/data-ptime-en.json,official,active,,,2026-09-25T01:18:44.823Z
ca-super-visa--lu,ircc-ptime,CA,visa,backward,ca-super-visa,Super visa (parents and grandparents),LU,Luxembourg,No processing time available,,,unavailable,2026-09-22,2026-09-25T00:45:26.696Z,https://www.canada.ca/content/dam/ircc/documents/json/data-ptime-en.json,official,active,,,2026-09-25T01:18:44.823Z
ca-super-visa--lv,ircc-ptime,CA,visa,backward,ca-super-visa,Super visa (parents and grandparents),LV,Latvia,No processing time available,,,unavailable,2026-09-22,2026-09-25T00:45:26.696Z,https://www.canada.ca/content/dam/ircc/documents/json/data-ptime-en.json,official,active,,,2026-09-25T01:18:44.823Z
ca-super-visa--ly,ircc-ptime,CA,visa,backward,ca-super-visa,Super visa (parents and grandparents),LY,Libya,No processing time available,,,unavailable,2026-09-22,2026-09-25T00:45:26.696Z,https://www.canada.ca/content/dam/ircc/documents/json/data-ptime-en.json,official,active,,,2026-09-25T01:18:44.823Z
ca-super-visa--ma,ircc-ptime,CA,visa,backward,ca-super-visa,Super visa (parents and grandparents),MA,Morocco,20 days,20,days,ok,2026-09-22,2026-09-25T00:45:26.696Z,https://www.canada.ca/content/dam/ircc/documents/json/data-ptime-en.json,official,active,,,2026-09-25T01:18:44.823Z
ca-super-visa--mc,ircc-ptime,CA,visa,backward,ca-super-visa,Super visa (parents and grandparents),MC,Monaco,No processing time available,,,unavailable,2026-09-22,2026-09-25T00:45:26.696Z,https://www.canada.ca/content/dam/ircc/documents/json/data-ptime-en.json,official,active,,,2026-09-25T01:18:44.823Z
ca-super-visa--md,ircc-ptime,CA,visa,backward,ca-super-visa,Super visa (parents and grandparents),MD,Moldova,No processing time available,,,unavailable,2026-09-22,2026-09-25T00:45:26.696Z,https://www.canada.ca/content/dam/ircc/documents/json/data-ptime-en.json,official,active,,,2026-09-25T01:18:44.823Z
ca-super-visa--me,ircc-ptime,CA,visa,backward,ca-super-visa,Super visa (parents and grandparents),ME,Montenegro,No processing time available,,,unavailable,2026-09-22,2026-09-25T00:45:26.696Z,https://www.canada.ca/content/dam/ircc/documents/json/data-ptime-en.json,official,active,,,2026-09-25T01:18:44.823Z
ca-super-visa--mg,ircc-ptime,CA,visa,backward,ca-super-visa,Super visa (parents and grandparents),MG,Madagascar,No processing time available,,,unavailable,2026-09-22,2026-09-25T00:45:26.696Z,https://www.canada.ca/content/dam/ircc/documents/json/data-ptime-en.json,official,active,,,2026-09-25T01:18:44.823Z
ca-super-visa--mh,ircc-ptime,CA,visa,backward,ca-super-visa,Super visa (parents and grandparents),MH,Marshall Islands,No processing time available,,,unavailable,2026-09-22,2026-09-25T00:45:26.696Z,https://www.canada.ca/content/dam/ircc/documents/json/data-ptime-en.json,official,active,,,2026-09-25T01:18:44.823Z
ca-super-visa--mk,ircc-ptime,CA,visa,backward,ca-super-visa,Super visa (parents and grandparents),MK,North Macedonia,No processing time available,,,unavailable,2026-09-22,2026-09-25T00:45:26.696Z,https://www.canada.ca/content/dam/ircc/documents/json/data-ptime-en.json,official,active,,,2026-09-25T01:18:44.823Z
ca-super-visa--ml,ircc-ptime,CA,visa,backward,ca-super-visa,Super visa (parents and grandparents),ML,Mali,No processing time available,,,unavailable,2026-09-22,2026-09-25T00:45:26.696Z,https://www.canada.ca/content/dam/ircc/documents/json/data-ptime-en.json,official,active,,,2026-09-25T01:18:44.823Z
ca-super-visa--mm,ircc-ptime,CA,visa,backward,ca-super-visa,Super visa (parents and grandparents),MM,Myanmar (Burma),No processing time available,,,unavailable,2026-09-22,2026-09-25T00:45:26.696Z,https://www.canada.ca/content/dam/ircc/documents/json/data-ptime-en.json,official,active,,,2026-09-25T01:18:44.823Z
ca-super-visa--mn,ircc-ptime,CA,visa,backward,ca-super-visa,Super visa (parents and grandparents),MN,Mongolia,No processing time available,,,unavailable,2026-09-22,2026-09-25T00:45:26.696Z,https://www.canada.ca/content/dam/ircc/documents/json/data-ptime-en.json,official,active,,,2026-09-25T01:18:44.823Z
ca-super-visa--mo,ircc-ptime,CA,visa,backward,ca-super-visa,Super visa (parents and grandparents),MO,Macao SAR China,No processing time available,,,unavailable,2026-09-22,2026-09-25T00:45:26.696Z,https://www.canada.ca/content/dam/ircc/documents/json/data-ptime-en.json,official,active,,,2026-09-25T01:18:44.823Z
ca-super-visa--mq,ircc-ptime,CA,visa,backward,ca-super-visa,Super visa (parents and grandparents),MQ,Martinique,No processing time available,,,unavailable,2026-09-22,2026-09-25T00:45:26.696Z,https://www.canada.ca/content/dam/ircc/documents/json/data-ptime-en.json,official,active,,,2026-09-25T01:18:44.823Z
ca-super-visa--mr,ircc-ptime,CA,visa,backward,ca-super-visa,Super visa (parents and grandparents),MR,Mauritania,No processing time available,,,unavailable,2026-09-22,2026-09-25T00:45:26.696Z,https://www.canada.ca/content/dam/ircc/documents/json/data-ptime-en.json,official,active,,,2026-09-25T01:18:44.823Z
ca-super-visa--mt,ircc-ptime,CA,visa,backward,ca-super-visa,Super visa (parents and grandparents),MT,Malta,No processing time available,,,unavailable,2026-09-22,2026-09-25T00:45:26.696Z,https://www.canada.ca/content/dam/ircc/documents/json/data-ptime-en.json,official,active,,,2026-09-25T01:18:44.823Z
ca-super-visa--mu,ircc-ptime,CA,visa,backward,ca-super-visa,Super visa (parents and grandparents),MU,Mauritius,No processing time available,,,unavailable,2026-09-22,2026-09-25T00:45:26.696Z,https://www.canada.ca/content/dam/ircc/documents/json/data-ptime-en.json,official,active,,,2026-09-25T01:18:44.823Z
ca-super-visa--mv,ircc-ptime,CA,visa,backward,ca-super-visa,Super visa (parents and grandparents),MV,Maldives,No processing time available,,,unavailable,2026-09-22,2026-09-25T00:45:26.696Z,https://www.canada.ca/content/dam/ircc/documents/json/data-ptime-en.json,official,active,,,2026-09-25T01:18:44.823Z
ca-super-visa--mw,ircc-ptime,CA,visa,backward,ca-super-visa,Super visa (parents and grandparents),MW,Malawi,No processing time available,,,unavailable,2026-09-22,2026-09-25T00:45:26.696Z,https://www.canada.ca/content/dam/ircc/documents/json/data-ptime-en.json,official,active,,,2026-09-25T01:18:44.823Z
ca-super-visa--mx,ircc-ptime,CA,visa,backward,ca-super-visa,Super visa (parents and grandparents),MX,Mexico,91 days,91,days,ok,2026-09-22,2026-09-25T00:45:26.696Z,https://www.canada.ca/content/dam/ircc/documents/json/data-ptime-en.json,official,active,,,2026-09-25T01:18:44.823Z
ca-super-visa--my,ircc-ptime,CA,visa,backward,ca-super-visa,Super visa (parents and grandparents),MY,Malaysia,No processing time available,,,unavailable,2026-09-22,2026-09-25T00:45:26.696Z,https://www.canada.ca/content/dam/ircc/documents/json/data-ptime-en.json,official,active,,,2026-09-25T01:18:44.823Z
ca-super-visa--mz,ircc-ptime,CA,visa,backward,ca-super-visa,Super visa (parents and grandparents),MZ,Mozambique,No processing time available,,,unavailable,2026-09-22,2026-09-25T00:45:26.696Z,https://www.canada.ca/content/dam/ircc/documents/json/data-ptime-en.json,official,active,,,2026-09-25T01:18:44.823Z
ca-super-visa--na,ircc-ptime,CA,visa,backward,ca-super-visa,Super visa (parents and grandparents),NA,Namibia,No processing time available,,,unavailable,2026-09-22,2026-09-25T00:45:26.696Z,https://www.canada.ca/content/dam/ircc/documents/json/data-ptime-en.json,official,active,,,2026-09-25T01:18:44.823Z
ca-super-visa--nc,ircc-ptime,CA,visa,backward,ca-super-visa,Super visa (parents and grandparents),NC,New Caledonia,No processing time available,,,unavailable,2026-09-22,2026-09-25T00:45:26.696Z,https://www.canada.ca/content/dam/ircc/documents/json/data-ptime-en.json,official,active,,,2026-09-25T01:18:44.823Z
ca-super-visa--ne,ircc-ptime,CA,visa,backward,ca-super-visa,Super visa (parents and grandparents),NE,Niger,No processing time available,,,unavailable,2026-09-22,2026-09-25T00:45:26.696Z,https://www.canada.ca/content/dam/ircc/documents/json/data-ptime-en.json,official,active,,,2026-09-25T01:18:44.823Z
ca-super-visa--ng,ircc-ptime,CA,visa,backward,ca-super-visa,Super visa (parents and grandparents),NG,Nigeria,44 days,44,days,ok,2026-09-22,2026-09-25T00:45:26.696Z,https://www.canada.ca/content/dam/ircc/documents/json/data-ptime-en.json,official,active,,,2026-09-25T01:18:44.823Z
ca-super-visa--ni,ircc-ptime,CA,visa,backward,ca-super-visa,Super visa (parents and grandparents),NI,Nicaragua,No processing time available,,,unavailable,2026-09-22,2026-09-25T00:45:26.696Z,https://www.canada.ca/content/dam/ircc/documents/json/data-ptime-en.json,official,active,,,2026-09-25T01:18:44.823Z
ca-super-visa--nl,ircc-ptime,CA,visa,backward,ca-super-visa,Super visa (parents and grandparents),NL,Netherlands,No processing time available,,,unavailable,2026-09-22,2026-09-25T00:45:26.696Z,https://www.canada.ca/content/dam/ircc/documents/json/data-ptime-en.json,official,active,,,2026-09-25T01:18:44.823Z
ca-super-visa--no,ircc-ptime,CA,visa,backward,ca-super-visa,Super visa (parents and grandparents),NO,Norway,No processing time available,,,unavailable,2026-09-22,2026-09-25T00:45:26.696Z,https://www.canada.ca/content/dam/ircc/documents/json/data-ptime-en.json,official,active,,,2026-09-25T01:18:44.823Z
ca-super-visa--np,ircc-ptime,CA,visa,backward,ca-super-visa,Super visa (parents and grandparents),NP,Nepal,58 days,58,days,ok,2026-09-22,2026-09-25T00:45:26.696Z,https://www.canada.ca/content/dam/ircc/documents/json/data-ptime-en.json,official,active,,,2026-09-25T01:18:44.823Z
ca-super-visa--nr,ircc-ptime,CA,visa,backward,ca-super-visa,Super visa (parents and grandparents),NR,Nauru,No processing time available,,,unavailable,2026-09-22,2026-09-25T00:45:26.696Z,https://www.canada.ca/content/dam/ircc/documents/json/data-ptime-en.json,official,active,,,2026-09-25T01:18:44.823Z
ca-super-visa--nz,ircc-ptime,CA,visa,backward,ca-super-visa,Super visa (parents and grandparents),NZ,New Zealand,No processing time available,,,unavailable,2026-09-22,2026-09-25T00:45:26.696Z,https://www.canada.ca/content/dam/ircc/documents/json/data-ptime-en.json,official,active,,,2026-09-25T01:18:44.823Z
ca-super-visa--om,ircc-ptime,CA,visa,backward,ca-super-visa,Super visa (parents and grandparents),OM,Oman,No processing time available,,,unavailable,2026-09-22,2026-09-25T00:45:26.696Z,https://www.canada.ca/content/dam/ircc/documents/json/data-ptime-en.json,official,active,,,2026-09-25T01:18:44.823Z
ca-super-visa--pa,ircc-ptime,CA,visa,backward,ca-super-visa,Super visa (parents and grandparents),PA,Panama,No processing time available,,,unavailable,2026-09-22,2026-09-25T00:45:26.696Z,https://www.canada.ca/content/dam/ircc/documents/json/data-ptime-en.json,official,active,,,2026-09-25T01:18:44.823Z
ca-super-visa--pe,ircc-ptime,CA,visa,backward,ca-super-visa,Super visa (parents and grandparents),PE,Peru,No processing time available,,,unavailable,2026-09-22,2026-09-25T00:45:26.696Z,https://www.canada.ca/content/dam/ircc/documents/json/data-ptime-en.json,official,active,,,2026-09-25T01:18:44.823Z
ca-super-visa--pf,ircc-ptime,CA,visa,backward,ca-super-visa,Super visa (parents and grandparents),PF,French Polynesia,No processing time available,,,unavailable,2026-09-22,2026-09-25T00:45:26.696Z,https://www.canada.ca/content/dam/ircc/documents/json/data-ptime-en.json,official,active,,,2026-09-25T01:18:44.823Z
ca-super-visa--pg,ircc-ptime,CA,visa,backward,ca-super-visa,Super visa (parents and grandparents),PG,Papua New Guinea,No processing time available,,,unavailable,2026-09-22,2026-09-25T00:45:26.696Z,https://www.canada.ca/content/dam/ircc/documents/json/data-ptime-en.json,official,active,,,2026-09-25T01:18:44.823Z
ca-super-visa--ph,ircc-ptime,CA,visa,backward,ca-super-visa,Super visa (parents and grandparents),PH,Philippines,90 days,90,days,ok,2026-09-22,2026-09-25T00:45:26.696Z,https://www.canada.ca/content/dam/ircc/documents/json/data-ptime-en.json,official,active,,,2026-09-25T01:18:44.823Z
ca-super-visa--pk,ircc-ptime,CA,visa,backward,ca-super-visa,Super visa (parents and grandparents),PK,Pakistan,92 days,92,days,ok,2026-09-22,2026-09-25T00:45:26.696Z,https://www.canada.ca/content/dam/ircc/documents/json/data-ptime-en.json,official,active,,,2026-09-25T01:18:44.823Z
ca-super-visa--pl,ircc-ptime,CA,visa,backward,ca-super-visa,Super visa (parents and grandparents),PL,Poland,No processing time available,,,unavailable,2026-09-22,2026-09-25T00:45:26.696Z,https://www.canada.ca/content/dam/ircc/documents/json/data-ptime-en.json,official,active,,,2026-09-25T01:18:44.823Z
ca-super-visa--pr,ircc-ptime,CA,visa,backward,ca-super-visa,Super visa (parents and grandparents),PR,Puerto Rico,No processing time available,,,unavailable,2026-09-22,2026-09-25T00:45:26.696Z,https://www.canada.ca/content/dam/ircc/documents/json/data-ptime-en.json,official,active,,,2026-09-25T01:18:44.823Z
ca-super-visa--ps,ircc-ptime,CA,visa,backward,ca-super-visa,Super visa (parents and grandparents),PS,Palestinian Territories,No processing time available,,,unavailable,2026-09-22,2026-09-25T00:45:26.696Z,https://www.canada.ca/content/dam/ircc/documents/json/data-ptime-en.json,official,active,,,2026-09-25T01:18:44.823Z
ca-super-visa--pt,ircc-ptime,CA,visa,backward,ca-super-visa,Super visa (parents and grandparents),PT,Portugal,No processing time available,,,unavailable,2026-09-22,2026-09-25T00:45:26.696Z,https://www.canada.ca/content/dam/ircc/documents/json/data-ptime-en.json,official,active,,,2026-09-25T01:18:44.823Z
ca-super-visa--py,ircc-ptime,CA,visa,backward,ca-super-visa,Super visa (parents and grandparents),PY,Paraguay,No processing time available,,,unavailable,2026-09-22,2026-09-25T00:45:26.696Z,https://www.canada.ca/content/dam/ircc/documents/json/data-ptime-en.json,official,active,,,2026-09-25T01:18:44.823Z
ca-super-visa--qa,ircc-ptime,CA,visa,backward,ca-super-visa,Super visa (parents and grandparents),QA,Qatar,No processing time available,,,unavailable,2026-09-22,2026-09-25T00:45:26.696Z,https://www.canada.ca/content/dam/ircc/documents/json/data-ptime-en.json,official,active,,,2026-09-25T01:18:44.823Z
ca-super-visa--ro,ircc-ptime,CA,visa,backward,ca-super-visa,Super visa (parents and grandparents),RO,Romania,No processing time available,,,unavailable,2026-09-22,2026-09-25T00:45:26.696Z,https://www.canada.ca/content/dam/ircc/documents/json/data-ptime-en.json,official,active,,,2026-09-25T01:18:44.823Z
ca-super-visa--rs,ircc-ptime,CA,visa,backward,ca-super-visa,Super visa (parents and grandparents),RS,Serbia,No processing time available,,,unavailable,2026-09-22,2026-09-25T00:45:26.696Z,https://www.canada.ca/content/dam/ircc/documents/json/data-ptime-en.json,official,active,,,2026-09-25T01:18:44.823Z
ca-super-visa--ru,ircc-ptime,CA,visa,backward,ca-super-visa,Super visa (parents and grandparents),RU,Russia,74 days,74,days,ok,2026-09-22,2026-09-25T00:45:26.696Z,https://www.canada.ca/content/dam/ircc/documents/json/data-ptime-en.json,official,active,,,2026-09-25T01:18:44.823Z
ca-super-visa--rw,ircc-ptime,CA,visa,backward,ca-super-visa,Super visa (parents and grandparents),RW,Rwanda,No processing time available,,,unavailable,2026-09-22,2026-09-25T00:45:26.696Z,https://www.canada.ca/content/dam/ircc/documents/json/data-ptime-en.json,official,active,,,2026-09-25T01:18:44.823Z
ca-super-visa--sa,ircc-ptime,CA,visa,backward,ca-super-visa,Super visa (parents and grandparents),SA,Saudi Arabia,91 days,91,days,ok,2026-09-22,2026-09-25T00:45:26.696Z,https://www.canada.ca/content/dam/ircc/documents/json/data-ptime-en.json,official,active,,,2026-09-25T01:18:44.823Z
ca-super-visa--sb,ircc-ptime,CA,visa,backward,ca-super-visa,Super visa (parents and grandparents),SB,Solomon Islands,No processing time available,,,unavailable,2026-09-22,2026-09-25T00:45:26.696Z,https://www.canada.ca/content/dam/ircc/documents/json/data-ptime-en.json,official,active,,,2026-09-25T01:18:44.823Z
ca-super-visa--sc,ircc-ptime,CA,visa,backward,ca-super-visa,Super visa (parents and grandparents),SC,Seychelles,No processing time available,,,unavailable,2026-09-22,2026-09-25T00:45:26.696Z,https://www.canada.ca/content/dam/ircc/documents/json/data-ptime-en.json,official,active,,,2026-09-25T01:18:44.823Z
ca-super-visa--sd,ircc-ptime,CA,visa,backward,ca-super-visa,Super visa (parents and grandparents),SD,Sudan,No processing time available,,,unavailable,2026-09-22,2026-09-25T00:45:26.696Z,https://www.canada.ca/content/dam/ircc/documents/json/data-ptime-en.json,official,active,,,2026-09-25T01:18:44.823Z
ca-super-visa--se,ircc-ptime,CA,visa,backward,ca-super-visa,Super visa (parents and grandparents),SE,Sweden,No processing time available,,,unavailable,2026-09-22,2026-09-25T00:45:26.696Z,https://www.canada.ca/content/dam/ircc/documents/json/data-ptime-en.json,official,active,,,2026-09-25T01:18:44.823Z
ca-super-visa--sg,ircc-ptime,CA,visa,backward,ca-super-visa,Super visa (parents and grandparents),SG,Singapore,No processing time available,,,unavailable,2026-09-22,2026-09-25T00:45:26.696Z,https://www.canada.ca/content/dam/ircc/documents/json/data-ptime-en.json,official,active,,,2026-09-25T01:18:44.823Z
ca-super-visa--si,ircc-ptime,CA,visa,backward,ca-super-visa,Super visa (parents and grandparents),SI,Slovenia,No processing time available,,,unavailable,2026-09-22,2026-09-25T00:45:26.696Z,https://www.canada.ca/content/dam/ircc/documents/json/data-ptime-en.json,official,active,,,2026-09-25T01:18:44.823Z
ca-super-visa--sk,ircc-ptime,CA,visa,backward,ca-super-visa,Super visa (parents and grandparents),SK,Slovakia,No processing time available,,,unavailable,2026-09-22,2026-09-25T00:45:26.696Z,https://www.canada.ca/content/dam/ircc/documents/json/data-ptime-en.json,official,active,,,2026-09-25T01:18:44.823Z
ca-super-visa--sl,ircc-ptime,CA,visa,backward,ca-super-visa,Super visa (parents and grandparents),SL,Sierra Leone,No processing time available,,,unavailable,2026-09-22,2026-09-25T00:45:26.696Z,https://www.canada.ca/content/dam/ircc/documents/json/data-ptime-en.json,official,active,,,2026-09-25T01:18:44.823Z
ca-super-visa--sm,ircc-ptime,CA,visa,backward,ca-super-visa,Super visa (parents and grandparents),SM,San Marino,No processing time available,,,unavailable,2026-09-22,2026-09-25T00:45:26.696Z,https://www.canada.ca/content/dam/ircc/documents/json/data-ptime-en.json,official,active,,,2026-09-25T01:18:44.823Z
ca-super-visa--sn,ircc-ptime,CA,visa,backward,ca-super-visa,Super visa (parents and grandparents),SN,Senegal,37 days,37,days,ok,2026-09-22,2026-09-25T00:45:26.696Z,https://www.canada.ca/content/dam/ircc/documents/json/data-ptime-en.json,official,active,,,2026-09-25T01:18:44.823Z
ca-super-visa--so,ircc-ptime,CA,visa,backward,ca-super-visa,Super visa (parents and grandparents),SO,Somalia,No processing time available,,,unavailable,2026-09-22,2026-09-25T00:45:26.696Z,https://www.canada.ca/content/dam/ircc/documents/json/data-ptime-en.json,official,active,,,2026-09-25T01:18:44.823Z
ca-super-visa--sr,ircc-ptime,CA,visa,backward,ca-super-visa,Super visa (parents and grandparents),SR,Suriname,No processing time available,,,unavailable,2026-09-22,2026-09-25T00:45:26.696Z,https://www.canada.ca/content/dam/ircc/documents/json/data-ptime-en.json,official,active,,,2026-09-25T01:18:44.823Z
ca-super-visa--ss,ircc-ptime,CA,visa,backward,ca-super-visa,Super visa (parents and grandparents),SS,South Sudan,No processing time available,,,unavailable,2026-09-22,2026-09-25T00:45:26.696Z,https://www.canada.ca/content/dam/ircc/documents/json/data-ptime-en.json,official,active,,,2026-09-25T01:18:44.823Z
ca-super-visa--st,ircc-ptime,CA,visa,backward,ca-super-visa,Super visa (parents and grandparents),ST,São Tomé & Príncipe,No processing time available,,,unavailable,2026-09-22,2026-09-25T00:45:26.696Z,https://www.canada.ca/content/dam/ircc/documents/json/data-ptime-en.json,official,active,,,2026-09-25T01:18:44.823Z
ca-super-visa--sv,ircc-ptime,CA,visa,backward,ca-super-visa,Super visa (parents and grandparents),SV,El Salvador,No processing time available,,,unavailable,2026-09-22,2026-09-25T00:45:26.696Z,https://www.canada.ca/content/dam/ircc/documents/json/data-ptime-en.json,official,active,,,2026-09-25T01:18:44.823Z
ca-super-visa--sy,ircc-ptime,CA,visa,backward,ca-super-visa,Super visa (parents and grandparents),SY,Syria,652 days,652,days,ok,2026-09-22,2026-09-25T00:45:26.696Z,https://www.canada.ca/content/dam/ircc/documents/json/data-ptime-en.json,official,active,,,2026-09-25T01:18:44.823Z
ca-super-visa--sz,ircc-ptime,CA,visa,backward,ca-super-visa,Super visa (parents and grandparents),SZ,Eswatini,No processing time available,,,unavailable,2026-09-22,2026-09-25T00:45:26.696Z,https://www.canada.ca/content/dam/ircc/documents/json/data-ptime-en.json,official,active,,,2026-09-25T01:18:44.823Z
ca-super-visa--tc,ircc-ptime,CA,visa,backward,ca-super-visa,Super visa (parents and grandparents),TC,Turks & Caicos Islands,No processing time available,,,unavailable,2026-09-22,2026-09-25T00:45:26.696Z,https://www.canada.ca/content/dam/ircc/documents/json/data-ptime-en.json,official,active,,,2026-09-25T01:18:44.823Z
ca-super-visa--td,ircc-ptime,CA,visa,backward,ca-super-visa,Super visa (parents and grandparents),TD,Chad,No processing time available,,,unavailable,2026-09-22,2026-09-25T00:45:26.696Z,https://www.canada.ca/content/dam/ircc/documents/json/data-ptime-en.json,official,active,,,2026-09-25T01:18:44.823Z
ca-super-visa--tg,ircc-ptime,CA,visa,backward,ca-super-visa,Super visa (parents and grandparents),TG,Togo,No processing time available,,,unavailable,2026-09-22,2026-09-25T00:45:26.696Z,https://www.canada.ca/content/dam/ircc/documents/json/data-ptime-en.json,official,active,,,2026-09-25T01:18:44.823Z
ca-super-visa--th,ircc-ptime,CA,visa,backward,ca-super-visa,Super visa (parents and grandparents),TH,Thailand,No processing time available,,,unavailable,2026-09-22,2026-09-25T00:45:26.696Z,https://www.canada.ca/content/dam/ircc/documents/json/data-ptime-en.json,official,active,,,2026-09-25T01:18:44.823Z
ca-super-visa--tj,ircc-ptime,CA,visa,backward,ca-super-visa,Super visa (parents and grandparents),TJ,Tajikistan,No processing time available,,,unavailable,2026-09-22,2026-09-25T00:45:26.696Z,https://www.canada.ca/content/dam/ircc/documents/json/data-ptime-en.json,official,active,,,2026-09-25T01:18:44.823Z
ca-super-visa--tl,ircc-ptime,CA,visa,backward,ca-super-visa,Super visa (parents and grandparents),TL,Timor-Leste,No processing time available,,,unavailable,2026-09-22,2026-09-25T00:45:26.696Z,https://www.canada.ca/content/dam/ircc/documents/json/data-ptime-en.json,official,active,,,2026-09-25T01:18:44.823Z
ca-super-visa--tm,ircc-ptime,CA,visa,backward,ca-super-visa,Super visa (parents and grandparents),TM,Turkmenistan,No processing time available,,,unavailable,2026-09-22,2026-09-25T00:45:26.696Z,https://www.canada.ca/content/dam/ircc/documents/json/data-ptime-en.json,official,active,,,2026-09-25T01:18:44.823Z
ca-super-visa--tn,ircc-ptime,CA,visa,backward,ca-super-visa,Super visa (parents and grandparents),TN,Tunisia,21 days,21,days,ok,2026-09-22,2026-09-25T00:45:26.696Z,https://www.canada.ca/content/dam/ircc/documents/json/data-ptime-en.json,official,active,,,2026-09-25T01:18:44.823Z
ca-super-visa--to,ircc-ptime,CA,visa,backward,ca-super-visa,Super visa (parents and grandparents),TO,Tonga,No processing time available,,,unavailable,2026-09-22,2026-09-25T00:45:26.696Z,https://www.canada.ca/content/dam/ircc/documents/json/data-ptime-en.json,official,active,,,2026-09-25T01:18:44.823Z
ca-super-visa--tr,ircc-ptime,CA,visa,backward,ca-super-visa,Super visa (parents and grandparents),TR,Türkiye,72 days,72,days,ok,2026-09-22,2026-09-25T00:45:26.696Z,https://www.canada.ca/content/dam/ircc/documents/json/data-ptime-en.json,official,active,,,2026-09-25T01:18:44.823Z
ca-super-visa--tt,ircc-ptime,CA,visa,backward,ca-super-visa,Super visa (parents and grandparents),TT,Trinidad & Tobago,No processing time available,,,unavailable,2026-09-22,2026-09-25T00:45:26.696Z,https://www.canada.ca/content/dam/ircc/documents/json/data-ptime-en.json,official,active,,,2026-09-25T01:18:44.823Z
ca-super-visa--tv,ircc-ptime,CA,visa,backward,ca-super-visa,Super visa (parents and grandparents),TV,Tuvalu,No processing time available,,,unavailable,2026-09-22,2026-09-25T00:45:26.696Z,https://www.canada.ca/content/dam/ircc/documents/json/data-ptime-en.json,official,active,,,2026-09-25T01:18:44.823Z
ca-super-visa--tw,ircc-ptime,CA,visa,backward,ca-super-visa,Super visa (parents and grandparents),TW,Taiwan,No processing time available,,,unavailable,2026-09-22,2026-09-25T00:45:26.696Z,https://www.canada.ca/content/dam/ircc/documents/json/data-ptime-en.json,official,active,,,2026-09-25T01:18:44.823Z
ca-super-visa--tz,ircc-ptime,CA,visa,backward,ca-super-visa,Super visa (parents and grandparents),TZ,Tanzania,No processing time available,,,unavailable,2026-09-22,2026-09-25T00:45:26.696Z,https://www.canada.ca/content/dam/ircc/documents/json/data-ptime-en.json,official,active,,,2026-09-25T01:18:44.823Z
ca-super-visa--ua,ircc-ptime,CA,visa,backward,ca-super-visa,Super visa (parents and grandparents),UA,Ukraine,71 days,71,days,ok,2026-09-22,2026-09-25T00:45:26.696Z,https://www.canada.ca/content/dam/ircc/documents/json/data-ptime-en.json,official,active,,,2026-09-25T01:18:44.823Z
ca-super-visa--ug,ircc-ptime,CA,visa,backward,ca-super-visa,Super visa (parents and grandparents),UG,Uganda,No processing time available,,,unavailable,2026-09-22,2026-09-25T00:45:26.696Z,https://www.canada.ca/content/dam/ircc/documents/json/data-ptime-en.json,official,active,,,2026-09-25T01:18:44.823Z
ca-super-visa--us,ircc-ptime,CA,visa,backward,ca-super-visa,Super visa (parents and grandparents),US,United States,66 days,66,days,ok,2026-09-22,2026-09-25T00:45:26.696Z,https://www.canada.ca/content/dam/ircc/documents/json/data-ptime-en.json,official,active,,,2026-09-25T01:18:44.823Z
ca-super-visa--uy,ircc-ptime,CA,visa,backward,ca-super-visa,Super visa (parents and grandparents),UY,Uruguay,No processing time available,,,unavailable,2026-09-22,2026-09-25T00:45:26.696Z,https://www.canada.ca/content/dam/ircc/documents/json/data-ptime-en.json,official,active,,,2026-09-25T01:18:44.823Z
ca-super-visa--uz,ircc-ptime,CA,visa,backward,ca-super-visa,Super visa (parents and grandparents),UZ,Uzbekistan,No processing time available,,,unavailable,2026-09-22,2026-09-25T00:45:26.696Z,https://www.canada.ca/content/dam/ircc/documents/json/data-ptime-en.json,official,active,,,2026-09-25T01:18:44.823Z
ca-super-visa--va,ircc-ptime,CA,visa,backward,ca-super-visa,Super visa (parents and grandparents),VA,Vatican City,No processing time available,,,unavailable,2026-09-22,2026-09-25T00:45:26.696Z,https://www.canada.ca/content/dam/ircc/documents/json/data-ptime-en.json,official,active,,,2026-09-25T01:18:44.823Z
ca-super-visa--vc,ircc-ptime,CA,visa,backward,ca-super-visa,Super visa (parents and grandparents),VC,St. Vincent & Grenadines,No processing time available,,,unavailable,2026-09-22,2026-09-25T00:45:26.696Z,https://www.canada.ca/content/dam/ircc/documents/json/data-ptime-en.json,official,active,,,2026-09-25T01:18:44.823Z
ca-super-visa--ve,ircc-ptime,CA,visa,backward,ca-super-visa,Super visa (parents and grandparents),VE,Venezuela,No processing time available,,,unavailable,2026-09-22,2026-09-25T00:45:26.696Z,https://www.canada.ca/content/dam/ircc/documents/json/data-ptime-en.json,official,active,,,2026-09-25T01:18:44.823Z
ca-super-visa--vi,ircc-ptime,CA,visa,backward,ca-super-visa,Super visa (parents and grandparents),VI,U.S. Virgin Islands,No processing time available,,,unavailable,2026-09-22,2026-09-25T00:45:26.696Z,https://www.canada.ca/content/dam/ircc/documents/json/data-ptime-en.json,official,active,,,2026-09-25T01:18:44.823Z
ca-super-visa--vn,ircc-ptime,CA,visa,backward,ca-super-visa,Super visa (parents and grandparents),VN,Vietnam,40 days,40,days,ok,2026-09-22,2026-09-25T00:45:26.696Z,https://www.canada.ca/content/dam/ircc/documents/json/data-ptime-en.json,official,active,,,2026-09-25T01:18:44.823Z
ca-super-visa--vu,ircc-ptime,CA,visa,backward,ca-super-visa,Super visa (parents and grandparents),VU,Vanuatu,No processing time available,,,unavailable,2026-09-22,2026-09-25T00:45:26.696Z,https://www.canada.ca/content/dam/ircc/documents/json/data-ptime-en.json,official,active,,,2026-09-25T01:18:44.823Z
ca-super-visa--wb,ircc-ptime,CA,visa,backward,ca-super-visa,Super visa (parents and grandparents),WB,WB,No processing time available,,,unavailable,2026-09-22,2026-09-25T00:45:26.696Z,https://www.canada.ca/content/dam/ircc/documents/json/data-ptime-en.json,official,active,,,2026-09-25T01:18:44.823Z
ca-super-visa--ws,ircc-ptime,CA,visa,backward,ca-super-visa,Super visa (parents and grandparents),WS,Samoa,No processing time available,,,unavailable,2026-09-22,2026-09-25T00:45:26.696Z,https://www.canada.ca/content/dam/ircc/documents/json/data-ptime-en.json,official,active,,,2026-09-25T01:18:44.823Z
ca-super-visa--xk,ircc-ptime,CA,visa,backward,ca-super-visa,Super visa (parents and grandparents),XK,Kosovo,No processing time available,,,unavailable,2026-09-22,2026-09-25T00:45:26.696Z,https://www.canada.ca/content/dam/ircc/documents/json/data-ptime-en.json,official,active,,,2026-09-25T01:18:44.823Z
ca-super-visa--ye,ircc-ptime,CA,visa,backward,ca-super-visa,Super visa (parents and grandparents),YE,Yemen,No processing time available,,,unavailable,2026-09-22,2026-09-25T00:45:26.696Z,https://www.canada.ca/content/dam/ircc/documents/json/data-ptime-en.json,official,active,,,2026-09-25T01:18:44.823Z
ca-super-visa--za,ircc-ptime,CA,visa,backward,ca-super-visa,Super visa (parents and grandparents),ZA,South Africa,No processing time available,,,unavailable,2026-09-22,2026-09-25T00:45:26.696Z,https://www.canada.ca/content/dam/ircc/documents/json/data-ptime-en.json,official,active,,,2026-09-25T01:18:44.823Z
ca-super-visa--zm,ircc-ptime,CA,visa,backward,ca-super-visa,Super visa (parents and grandparents),ZM,Zambia,No processing time available,,,unavailable,2026-09-22,2026-09-25T00:45:26.696Z,https://www.canada.ca/content/dam/ircc/documents/json/data-ptime-en.json,official,active,,,2026-09-25T01:18:44.823Z
ca-super-visa--zw,ircc-ptime,CA,visa,backward,ca-super-visa,Super visa (parents and grandparents),ZW,Zimbabwe,No processing time available,,,unavailable,2026-09-22,2026-09-25T00:45:26.696Z,https://www.canada.ca/content/dam/ircc/documents/json/data-ptime-en.json,official,active,,,2026-09-25T01:18:44.823Z
ca-verification-of-status,ircc-noncountry,CA,settlement,published,ca-verification-of-status,Verification of status (VoS),,,11 weeks,77,weeks,ok,2026-09-22,2026-09-25T00:45:33.675Z,https://www.canada.ca/content/dam/ircc/documents/json/data-ptime-non-country-en.json,official,active,,,2026-09-25T01:18:50.817Z
ca-visitor-record-extension,ircc-noncountry,CA,permit,published,ca-visitor-record-extension,Visitor record (extend your stay in Canada),,,393 days,393,days,ok,2026-09-22,2026-09-25T00:45:33.675Z,https://www.canada.ca/content/dam/ircc/documents/json/data-ptime-non-country-en.json,official,active,,,2026-09-25T01:18:50.817Z
ca-visitor-visa--ad,ircc-ptime,CA,visa,backward,ca-visitor-visa,Visitor visa (applying from outside Canada),AD,Andorra,No processing time available,,,unavailable,2026-09-22,2026-09-25T00:45:26.696Z,https://www.canada.ca/content/dam/ircc/documents/json/data-ptime-en.json,official,active,,,2026-09-25T01:18:44.823Z
ca-visitor-visa--ae,ircc-ptime,CA,visa,backward,ca-visitor-visa,Visitor visa (applying from outside Canada),AE,United Arab Emirates,56 days,56,days,ok,2026-09-22,2026-09-25T00:45:26.696Z,https://www.canada.ca/content/dam/ircc/documents/json/data-ptime-en.json,official,active,,,2026-09-25T01:18:44.823Z
ca-visitor-visa--af,ircc-ptime,CA,visa,backward,ca-visitor-visa,Visitor visa (applying from outside Canada),AF,Afghanistan,58 days,58,days,ok,2026-09-22,2026-09-25T00:45:26.696Z,https://www.canada.ca/content/dam/ircc/documents/json/data-ptime-en.json,official,active,,,2026-09-25T01:18:44.823Z
ca-visitor-visa--ag,ircc-ptime,CA,visa,backward,ca-visitor-visa,Visitor visa (applying from outside Canada),AG,Antigua & Barbuda,24 days,24,days,ok,2026-09-22,2026-09-25T00:45:26.696Z,https://www.canada.ca/content/dam/ircc/documents/json/data-ptime-en.json,official,active,,,2026-09-25T01:18:44.823Z
ca-visitor-visa--ai,ircc-ptime,CA,visa,backward,ca-visitor-visa,Visitor visa (applying from outside Canada),AI,Anguilla,No processing time available,,,unavailable,2026-09-22,2026-09-25T00:45:26.696Z,https://www.canada.ca/content/dam/ircc/documents/json/data-ptime-en.json,official,active,,,2026-09-25T01:18:44.823Z
ca-visitor-visa--al,ircc-ptime,CA,visa,backward,ca-visitor-visa,Visitor visa (applying from outside Canada),AL,Albania,54 days,54,days,ok,2026-09-22,2026-09-25T00:45:26.696Z,https://www.canada.ca/content/dam/ircc/documents/json/data-ptime-en.json,official,active,,,2026-09-25T01:18:44.823Z
ca-visitor-visa--am,ircc-ptime,CA,visa,backward,ca-visitor-visa,Visitor visa (applying from outside Canada),AM,Armenia,10 days,10,days,ok,2026-09-22,2026-09-25T00:45:26.696Z,https://www.canada.ca/content/dam/ircc/documents/json/data-ptime-en.json,official,active,,,2026-09-25T01:18:44.823Z
ca-visitor-visa--ao,ircc-ptime,CA,visa,backward,ca-visitor-visa,Visitor visa (applying from outside Canada),AO,Angola,174 days,174,days,ok,2026-09-22,2026-09-25T00:45:26.696Z,https://www.canada.ca/content/dam/ircc/documents/json/data-ptime-en.json,official,active,,,2026-09-25T01:18:44.823Z
ca-visitor-visa--ar,ircc-ptime,CA,visa,backward,ca-visitor-visa,Visitor visa (applying from outside Canada),AR,Argentina,21 days,21,days,ok,2026-09-22,2026-09-25T00:45:26.696Z,https://www.canada.ca/content/dam/ircc/documents/json/data-ptime-en.json,official,active,,,2026-09-25T01:18:44.823Z
ca-visitor-visa--at,ircc-ptime,CA,visa,backward,ca-visitor-visa,Visitor visa (applying from outside Canada),AT,Austria,34 days,34,days,ok,2026-09-22,2026-09-25T00:45:26.696Z,https://www.canada.ca/content/dam/ircc/documents/json/data-ptime-en.json,official,active,,,2026-09-25T01:18:44.823Z
ca-visitor-visa--au,ircc-ptime,CA,visa,backward,ca-visitor-visa,Visitor visa (applying from outside Canada),AU,Australia,13 days,13,days,ok,2026-09-22,2026-09-25T00:45:26.696Z,https://www.canada.ca/content/dam/ircc/documents/json/data-ptime-en.json,official,active,,,2026-09-25T01:18:44.823Z
ca-visitor-visa--aw,ircc-ptime,CA,visa,backward,ca-visitor-visa,Visitor visa (applying from outside Canada),AW,Aruba,No processing time available,,,unavailable,2026-09-22,2026-09-25T00:45:26.696Z,https://www.canada.ca/content/dam/ircc/documents/json/data-ptime-en.json,official,active,,,2026-09-25T01:18:44.823Z
ca-visitor-visa--az,ircc-ptime,CA,visa,backward,ca-visitor-visa,Visitor visa (applying from outside Canada),AZ,Azerbaijan,85 days,85,days,ok,2026-09-22,2026-09-25T00:45:26.696Z,https://www.canada.ca/content/dam/ircc/documents/json/data-ptime-en.json,official,active,,,2026-09-25T01:18:44.823Z
ca-visitor-visa--ba,ircc-ptime,CA,visa,backward,ca-visitor-visa,Visitor visa (applying from outside Canada),BA,Bosnia & Herzegovina,45 days,45,days,ok,2026-09-22,2026-09-25T00:45:26.696Z,https://www.canada.ca/content/dam/ircc/documents/json/data-ptime-en.json,official,active,,,2026-09-25T01:18:44.823Z
ca-visitor-visa--bb,ircc-ptime,CA,visa,backward,ca-visitor-visa,Visitor visa (applying from outside Canada),BB,Barbados,35 days,35,days,ok,2026-09-22,2026-09-25T00:45:26.696Z,https://www.canada.ca/content/dam/ircc/documents/json/data-ptime-en.json,official,active,,,2026-09-25T01:18:44.823Z
ca-visitor-visa--bd,ircc-ptime,CA,visa,backward,ca-visitor-visa,Visitor visa (applying from outside Canada),BD,Bangladesh,37 days,37,days,ok,2026-09-22,2026-09-25T00:45:26.696Z,https://www.canada.ca/content/dam/ircc/documents/json/data-ptime-en.json,official,active,,,2026-09-25T01:18:44.823Z
ca-visitor-visa--be,ircc-ptime,CA,visa,backward,ca-visitor-visa,Visitor visa (applying from outside Canada),BE,Belgium,40 days,40,days,ok,2026-09-22,2026-09-25T00:45:26.696Z,https://www.canada.ca/content/dam/ircc/documents/json/data-ptime-en.json,official,active,,,2026-09-25T01:18:44.823Z
ca-visitor-visa--bf,ircc-ptime,CA,visa,backward,ca-visitor-visa,Visitor visa (applying from outside Canada),BF,Burkina Faso,39 days,39,days,ok,2026-09-22,2026-09-25T00:45:26.696Z,https://www.canada.ca/content/dam/ircc/documents/json/data-ptime-en.json,official,active,,,2026-09-25T01:18:44.823Z
ca-visitor-visa--bg,ircc-ptime,CA,visa,backward,ca-visitor-visa,Visitor visa (applying from outside Canada),BG,Bulgaria,31 days,31,days,ok,2026-09-22,2026-09-25T00:45:26.696Z,https://www.canada.ca/content/dam/ircc/documents/json/data-ptime-en.json,official,active,,,2026-09-25T01:18:44.823Z
ca-visitor-visa--bh,ircc-ptime,CA,visa,backward,ca-visitor-visa,Visitor visa (applying from outside Canada),BH,Bahrain,59 days,59,days,ok,2026-09-22,2026-09-25T00:45:26.696Z,https://www.canada.ca/content/dam/ircc/documents/json/data-ptime-en.json,official,active,,,2026-09-25T01:18:44.823Z
ca-visitor-visa--bi,ircc-ptime,CA,visa,backward,ca-visitor-visa,Visitor visa (applying from outside Canada),BI,Burundi,73 days,73,days,ok,2026-09-22,2026-09-25T00:45:26.696Z,https://www.canada.ca/content/dam/ircc/documents/json/data-ptime-en.json,official,active,,,2026-09-25T01:18:44.823Z
ca-visitor-visa--bj,ircc-ptime,CA,visa,backward,ca-visitor-visa,Visitor visa (applying from outside Canada),BJ,Benin,128 days,128,days,ok,2026-09-22,2026-09-25T00:45:26.696Z,https://www.canada.ca/content/dam/ircc/documents/json/data-ptime-en.json,official,active,,,2026-09-25T01:18:44.823Z
ca-visitor-visa--bm,ircc-ptime,CA,visa,backward,ca-visitor-visa,Visitor visa (applying from outside Canada),BM,Bermuda,20 days,20,days,ok,2026-09-22,2026-09-25T00:45:26.696Z,https://www.canada.ca/content/dam/ircc/documents/json/data-ptime-en.json,official,active,,,2026-09-25T01:18:44.823Z
ca-visitor-visa--bn,ircc-ptime,CA,visa,backward,ca-visitor-visa,Visitor visa (applying from outside Canada),BN,Brunei,No processing time available,,,unavailable,2026-09-22,2026-09-25T00:45:26.696Z,https://www.canada.ca/content/dam/ircc/documents/json/data-ptime-en.json,official,active,,,2026-09-25T01:18:44.823Z
ca-visitor-visa--bo,ircc-ptime,CA,visa,backward,ca-visitor-visa,Visitor visa (applying from outside Canada),BO,Bolivia,25 days,25,days,ok,2026-09-22,2026-09-25T00:45:26.696Z,https://www.canada.ca/content/dam/ircc/documents/json/data-ptime-en.json,official,active,,,2026-09-25T01:18:44.823Z
ca-visitor-visa--bq,ircc-ptime,CA,visa,backward,ca-visitor-visa,Visitor visa (applying from outside Canada),BQ,Caribbean Netherlands,No processing time available,,,unavailable,2026-09-22,2026-09-25T00:45:26.696Z,https://www.canada.ca/content/dam/ircc/documents/json/data-ptime-en.json,official,active,,,2026-09-25T01:18:44.823Z
ca-visitor-visa--br,ircc-ptime,CA,visa,backward,ca-visitor-visa,Visitor visa (applying from outside Canada),BR,Brazil,29 days,29,days,ok,2026-09-22,2026-09-25T00:45:26.696Z,https://www.canada.ca/content/dam/ircc/documents/json/data-ptime-en.json,official,active,,,2026-09-25T01:18:44.823Z
ca-visitor-visa--bs,ircc-ptime,CA,visa,backward,ca-visitor-visa,Visitor visa (applying from outside Canada),BS,Bahamas,27 days,27,days,ok,2026-09-22,2026-09-25T00:45:26.696Z,https://www.canada.ca/content/dam/ircc/documents/json/data-ptime-en.json,official,active,,,2026-09-25T01:18:44.823Z
ca-visitor-visa--bt,ircc-ptime,CA,visa,backward,ca-visitor-visa,Visitor visa (applying from outside Canada),BT,Bhutan,25 days,25,days,ok,2026-09-22,2026-09-25T00:45:26.696Z,https://www.canada.ca/content/dam/ircc/documents/json/data-ptime-en.json,official,active,,,2026-09-25T01:18:44.823Z
ca-visitor-visa--bw,ircc-ptime,CA,visa,backward,ca-visitor-visa,Visitor visa (applying from outside Canada),BW,Botswana,607 days,607,days,ok,2026-09-22,2026-09-25T00:45:26.696Z,https://www.canada.ca/content/dam/ircc/documents/json/data-ptime-en.json,official,active,,,2026-09-25T01:18:44.823Z
ca-visitor-visa--by,ircc-ptime,CA,visa,backward,ca-visitor-visa,Visitor visa (applying from outside Canada),BY,Belarus,17 days,17,days,ok,2026-09-22,2026-09-25T00:45:26.696Z,https://www.canada.ca/content/dam/ircc/documents/json/data-ptime-en.json,official,active,,,2026-09-25T01:18:44.823Z
ca-visitor-visa--bz,ircc-ptime,CA,visa,backward,ca-visitor-visa,Visitor visa (applying from outside Canada),BZ,Belize,22 days,22,days,ok,2026-09-22,2026-09-25T00:45:26.696Z,https://www.canada.ca/content/dam/ircc/documents/json/data-ptime-en.json,official,active,,,2026-09-25T01:18:44.823Z
ca-visitor-visa--cd,ircc-ptime,CA,visa,backward,ca-visitor-visa,Visitor visa (applying from outside Canada),CD,Congo - Kinshasa,No processing time available,,,unavailable,2026-09-22,2026-09-25T00:45:26.696Z,https://www.canada.ca/content/dam/ircc/documents/json/data-ptime-en.json,official,active,,,2026-09-25T01:18:44.823Z
ca-visitor-visa--cf,ircc-ptime,CA,visa,backward,ca-visitor-visa,Visitor visa (applying from outside Canada),CF,Central African Republic,113 days,113,days,ok,2026-09-22,2026-09-25T00:45:26.696Z,https://www.canada.ca/content/dam/ircc/documents/json/data-ptime-en.json,official,active,,,2026-09-25T01:18:44.823Z
ca-visitor-visa--cg,ircc-ptime,CA,visa,backward,ca-visitor-visa,Visitor visa (applying from outside Canada),CG,Congo - Brazzaville,39 days,39,days,ok,2026-09-22,2026-09-25T00:45:26.696Z,https://www.canada.ca/content/dam/ircc/documents/json/data-ptime-en.json,official,active,,,2026-09-25T01:18:44.823Z
ca-visitor-visa--ch,ircc-ptime,CA,visa,backward,ca-visitor-visa,Visitor visa (applying from outside Canada),CH,Switzerland,38 days,38,days,ok,2026-09-22,2026-09-25T00:45:26.696Z,https://www.canada.ca/content/dam/ircc/documents/json/data-ptime-en.json,official,active,,,2026-09-25T01:18:44.823Z
ca-visitor-visa--ci,ircc-ptime,CA,visa,backward,ca-visitor-visa,Visitor visa (applying from outside Canada),CI,Côte d’Ivoire,53 days,53,days,ok,2026-09-22,2026-09-25T00:45:26.696Z,https://www.canada.ca/content/dam/ircc/documents/json/data-ptime-en.json,official,active,,,2026-09-25T01:18:44.823Z
ca-visitor-visa--cl,ircc-ptime,CA,visa,backward,ca-visitor-visa,Visitor visa (applying from outside Canada),CL,Chile,27 days,27,days,ok,2026-09-22,2026-09-25T00:45:26.696Z,https://www.canada.ca/content/dam/ircc/documents/json/data-ptime-en.json,official,active,,,2026-09-25T01:18:44.823Z
ca-visitor-visa--cm,ircc-ptime,CA,visa,backward,ca-visitor-visa,Visitor visa (applying from outside Canada),CM,Cameroon,49 days,49,days,ok,2026-09-22,2026-09-25T00:45:26.696Z,https://www.canada.ca/content/dam/ircc/documents/json/data-ptime-en.json,official,active,,,2026-09-25T01:18:44.823Z
ca-visitor-visa--cn,ircc-ptime,CA,visa,backward,ca-visitor-visa,Visitor visa (applying from outside Canada),CN,China,35 days,35,days,ok,2026-09-22,2026-09-25T00:45:26.696Z,https://www.canada.ca/content/dam/ircc/documents/json/data-ptime-en.json,official,active,,,2026-09-25T01:18:44.823Z
ca-visitor-visa--co,ircc-ptime,CA,visa,backward,ca-visitor-visa,Visitor visa (applying from outside Canada),CO,Colombia,23 days,23,days,ok,2026-09-22,2026-09-25T00:45:26.696Z,https://www.canada.ca/content/dam/ircc/documents/json/data-ptime-en.json,official,active,,,2026-09-25T01:18:44.823Z
ca-visitor-visa--cr,ircc-ptime,CA,visa,backward,ca-visitor-visa,Visitor visa (applying from outside Canada),CR,Costa Rica,20 days,20,days,ok,2026-09-22,2026-09-25T00:45:26.696Z,https://www.canada.ca/content/dam/ircc/documents/json/data-ptime-en.json,official,active,,,2026-09-25T01:18:44.823Z
ca-visitor-visa--cu,ircc-ptime,CA,visa,backward,ca-visitor-visa,Visitor visa (applying from outside Canada),CU,Cuba,21 days,21,days,ok,2026-09-22,2026-09-25T00:45:26.696Z,https://www.canada.ca/content/dam/ircc/documents/json/data-ptime-en.json,official,active,,,2026-09-25T01:18:44.823Z
ca-visitor-visa--cv,ircc-ptime,CA,visa,backward,ca-visitor-visa,Visitor visa (applying from outside Canada),CV,Cape Verde,No processing time available,,,unavailable,2026-09-22,2026-09-25T00:45:26.696Z,https://www.canada.ca/content/dam/ircc/documents/json/data-ptime-en.json,official,active,,,2026-09-25T01:18:44.823Z
ca-visitor-visa--cy,ircc-ptime,CA,visa,backward,ca-visitor-visa,Visitor visa (applying from outside Canada),CY,Cyprus,36 days,36,days,ok,2026-09-22,2026-09-25T00:45:26.696Z,https://www.canada.ca/content/dam/ircc/documents/json/data-ptime-en.json,official,active,,,2026-09-25T01:18:44.823Z
ca-visitor-visa--cz,ircc-ptime,CA,visa,backward,ca-visitor-visa,Visitor visa (applying from outside Canada),CZ,Czechia,30 days,30,days,ok,2026-09-22,2026-09-25T00:45:26.696Z,https://www.canada.ca/content/dam/ircc/documents/json/data-ptime-en.json,official,active,,,2026-09-25T01:18:44.823Z
ca-visitor-visa--de,ircc-ptime,CA,visa,backward,ca-visitor-visa,Visitor visa (applying from outside Canada),DE,Germany,28 days,28,days,ok,2026-09-22,2026-09-25T00:45:26.696Z,https://www.canada.ca/content/dam/ircc/documents/json/data-ptime-en.json,official,active,,,2026-09-25T01:18:44.823Z
ca-visitor-visa--dj,ircc-ptime,CA,visa,backward,ca-visitor-visa,Visitor visa (applying from outside Canada),DJ,Djibouti,78 days,78,days,ok,2026-09-22,2026-09-25T00:45:26.696Z,https://www.canada.ca/content/dam/ircc/documents/json/data-ptime-en.json,official,active,,,2026-09-25T01:18:44.823Z
ca-visitor-visa--dk,ircc-ptime,CA,visa,backward,ca-visitor-visa,Visitor visa (applying from outside Canada),DK,Denmark,30 days,30,days,ok,2026-09-22,2026-09-25T00:45:26.696Z,https://www.canada.ca/content/dam/ircc/documents/json/data-ptime-en.json,official,active,,,2026-09-25T01:18:44.823Z
ca-visitor-visa--dm,ircc-ptime,CA,visa,backward,ca-visitor-visa,Visitor visa (applying from outside Canada),DM,Dominica,20 days,20,days,ok,2026-09-22,2026-09-25T00:45:26.696Z,https://www.canada.ca/content/dam/ircc/documents/json/data-ptime-en.json,official,active,,,2026-09-25T01:18:44.823Z
ca-visitor-visa--do,ircc-ptime,CA,visa,backward,ca-visitor-visa,Visitor visa (applying from outside Canada),DO,Dominican Republic,23 days,23,days,ok,2026-09-22,2026-09-25T00:45:26.696Z,https://www.canada.ca/content/dam/ircc/documents/json/data-ptime-en.json,official,active,,,2026-09-25T01:18:44.823Z
ca-visitor-visa--dz,ircc-ptime,CA,visa,backward,ca-visitor-visa,Visitor visa (applying from outside Canada),DZ,Algeria,27 days,27,days,ok,2026-09-22,2026-09-25T00:45:26.696Z,https://www.canada.ca/content/dam/ircc/documents/json/data-ptime-en.json,official,active,,,2026-09-25T01:18:44.823Z
ca-visitor-visa--ec,ircc-ptime,CA,visa,backward,ca-visitor-visa,Visitor visa (applying from outside Canada),EC,Ecuador,28 days,28,days,ok,2026-09-22,2026-09-25T00:45:26.696Z,https://www.canada.ca/content/dam/ircc/documents/json/data-ptime-en.json,official,active,,,2026-09-25T01:18:44.823Z
ca-visitor-visa--ee,ircc-ptime,CA,visa,backward,ca-visitor-visa,Visitor visa (applying from outside Canada),EE,Estonia,36 days,36,days,ok,2026-09-22,2026-09-25T00:45:26.696Z,https://www.canada.ca/content/dam/ircc/documents/json/data-ptime-en.json,official,active,,,2026-09-25T01:18:44.823Z
ca-visitor-visa--eg,ircc-ptime,CA,visa,backward,ca-visitor-visa,Visitor visa (applying from outside Canada),EG,Egypt,59 days,59,days,ok,2026-09-22,2026-09-25T00:45:26.696Z,https://www.canada.ca/content/dam/ircc/documents/json/data-ptime-en.json,official,active,,,2026-09-25T01:18:44.823Z
ca-visitor-visa--er,ircc-ptime,CA,visa,backward,ca-visitor-visa,Visitor visa (applying from outside Canada),ER,Eritrea,123 days,123,days,ok,2026-09-22,2026-09-25T00:45:26.696Z,https://www.canada.ca/content/dam/ircc/documents/json/data-ptime-en.json,official,active,,,2026-09-25T01:18:44.823Z
ca-visitor-visa--es,ircc-ptime,CA,visa,backward,ca-visitor-visa,Visitor visa (applying from outside Canada),ES,Spain,38 days,38,days,ok,2026-09-22,2026-09-25T00:45:26.696Z,https://www.canada.ca/content/dam/ircc/documents/json/data-ptime-en.json,official,active,,,2026-09-25T01:18:44.823Z
ca-visitor-visa--et,ircc-ptime,CA,visa,backward,ca-visitor-visa,Visitor visa (applying from outside Canada),ET,Ethiopia,65 days,65,days,ok,2026-09-22,2026-09-25T00:45:26.696Z,https://www.canada.ca/content/dam/ircc/documents/json/data-ptime-en.json,official,active,,,2026-09-25T01:18:44.823Z
ca-visitor-visa--fi,ircc-ptime,CA,visa,backward,ca-visitor-visa,Visitor visa (applying from outside Canada),FI,Finland,25 days,25,days,ok,2026-09-22,2026-09-25T00:45:26.696Z,https://www.canada.ca/content/dam/ircc/documents/json/data-ptime-en.json,official,active,,,2026-09-25T01:18:44.823Z
ca-visitor-visa--fj,ircc-ptime,CA,visa,backward,ca-visitor-visa,Visitor visa (applying from outside Canada),FJ,Fiji,14 days,14,days,ok,2026-09-22,2026-09-25T00:45:26.696Z,https://www.canada.ca/content/dam/ircc/documents/json/data-ptime-en.json,official,active,,,2026-09-25T01:18:44.823Z
ca-visitor-visa--fm,ircc-ptime,CA,visa,backward,ca-visitor-visa,Visitor visa (applying from outside Canada),FM,Micronesia,No processing time available,,,unavailable,2026-09-22,2026-09-25T00:45:26.696Z,https://www.canada.ca/content/dam/ircc/documents/json/data-ptime-en.json,official,active,,,2026-09-25T01:18:44.823Z
ca-visitor-visa--fr,ircc-ptime,CA,visa,backward,ca-visitor-visa,Visitor visa (applying from outside Canada),FR,France,38 days,38,days,ok,2026-09-22,2026-09-25T00:45:26.696Z,https://www.canada.ca/content/dam/ircc/documents/json/data-ptime-en.json,official,active,,,2026-09-25T01:18:44.823Z
ca-visitor-visa--ga,ircc-ptime,CA,visa,backward,ca-visitor-visa,Visitor visa (applying from outside Canada),GA,Gabon,41 days,41,days,ok,2026-09-22,2026-09-25T00:45:26.696Z,https://www.canada.ca/content/dam/ircc/documents/json/data-ptime-en.json,official,active,,,2026-09-25T01:18:44.823Z
ca-visitor-visa--gb,ircc-ptime,CA,visa,backward,ca-visitor-visa,Visitor visa (applying from outside Canada),GB,United Kingdom,23 days,23,days,ok,2026-09-22,2026-09-25T00:45:26.696Z,https://www.canada.ca/content/dam/ircc/documents/json/data-ptime-en.json,official,active,,,2026-09-25T01:18:44.823Z
ca-visitor-visa--gd,ircc-ptime,CA,visa,backward,ca-visitor-visa,Visitor visa (applying from outside Canada),GD,Grenada,24 days,24,days,ok,2026-09-22,2026-09-25T00:45:26.696Z,https://www.canada.ca/content/dam/ircc/documents/json/data-ptime-en.json,official,active,,,2026-09-25T01:18:44.823Z
ca-visitor-visa--ge,ircc-ptime,CA,visa,backward,ca-visitor-visa,Visitor visa (applying from outside Canada),GE,Georgia,83 days,83,days,ok,2026-09-22,2026-09-25T00:45:26.696Z,https://www.canada.ca/content/dam/ircc/documents/json/data-ptime-en.json,official,active,,,2026-09-25T01:18:44.823Z
ca-visitor-visa--gh,ircc-ptime,CA,visa,backward,ca-visitor-visa,Visitor visa (applying from outside Canada),GH,Ghana,78 days,78,days,ok,2026-09-22,2026-09-25T00:45:26.696Z,https://www.canada.ca/content/dam/ircc/documents/json/data-ptime-en.json,official,active,,,2026-09-25T01:18:44.823Z
ca-visitor-visa--gl,ircc-ptime,CA,visa,backward,ca-visitor-visa,Visitor visa (applying from outside Canada),GL,Greenland,No processing time available,,,unavailable,2026-09-22,2026-09-25T00:45:26.696Z,https://www.canada.ca/content/dam/ircc/documents/json/data-ptime-en.json,official,active,,,2026-09-25T01:18:44.823Z
ca-visitor-visa--gm,ircc-ptime,CA,visa,backward,ca-visitor-visa,Visitor visa (applying from outside Canada),GM,Gambia,93 days,93,days,ok,2026-09-22,2026-09-25T00:45:26.696Z,https://www.canada.ca/content/dam/ircc/documents/json/data-ptime-en.json,official,active,,,2026-09-25T01:18:44.823Z
ca-visitor-visa--gn,ircc-ptime,CA,visa,backward,ca-visitor-visa,Visitor visa (applying from outside Canada),GN,Guinea,74 days,74,days,ok,2026-09-22,2026-09-25T00:45:26.696Z,https://www.canada.ca/content/dam/ircc/documents/json/data-ptime-en.json,official,active,,,2026-09-25T01:18:44.823Z
ca-visitor-visa--gq,ircc-ptime,CA,visa,backward,ca-visitor-visa,Visitor visa (applying from outside Canada),GQ,Equatorial Guinea,119 days,119,days,ok,2026-09-22,2026-09-25T00:45:26.696Z,https://www.canada.ca/content/dam/ircc/documents/json/data-ptime-en.json,official,active,,,2026-09-25T01:18:44.823Z
ca-visitor-visa--gr,ircc-ptime,CA,visa,backward,ca-visitor-visa,Visitor visa (applying from outside Canada),GR,Greece,49 days,49,days,ok,2026-09-22,2026-09-25T00:45:26.696Z,https://www.canada.ca/content/dam/ircc/documents/json/data-ptime-en.json,official,active,,,2026-09-25T01:18:44.823Z
ca-visitor-visa--gt,ircc-ptime,CA,visa,backward,ca-visitor-visa,Visitor visa (applying from outside Canada),GT,Guatemala,22 days,22,days,ok,2026-09-22,2026-09-25T00:45:26.696Z,https://www.canada.ca/content/dam/ircc/documents/json/data-ptime-en.json,official,active,,,2026-09-25T01:18:44.823Z
ca-visitor-visa--gw,ircc-ptime,CA,visa,backward,ca-visitor-visa,Visitor visa (applying from outside Canada),GW,Guinea-Bissau,No processing time available,,,unavailable,2026-09-22,2026-09-25T00:45:26.696Z,https://www.canada.ca/content/dam/ircc/documents/json/data-ptime-en.json,official,active,,,2026-09-25T01:18:44.823Z
ca-visitor-visa--gy,ircc-ptime,CA,visa,backward,ca-visitor-visa,Visitor visa (applying from outside Canada),GY,Guyana,15 days,15,days,ok,2026-09-22,2026-09-25T00:45:26.696Z,https://www.canada.ca/content/dam/ircc/documents/json/data-ptime-en.json,official,active,,,2026-09-25T01:18:44.823Z
ca-visitor-visa--hk,ircc-ptime,CA,visa,backward,ca-visitor-visa,Visitor visa (applying from outside Canada),HK,Hong Kong SAR China,19 days,19,days,ok,2026-09-22,2026-09-25T00:45:26.696Z,https://www.canada.ca/content/dam/ircc/documents/json/data-ptime-en.json,official,active,,,2026-09-25T01:18:44.823Z
ca-visitor-visa--hn,ircc-ptime,CA,visa,backward,ca-visitor-visa,Visitor visa (applying from outside Canada),HN,Honduras,24 days,24,days,ok,2026-09-22,2026-09-25T00:45:26.696Z,https://www.canada.ca/content/dam/ircc/documents/json/data-ptime-en.json,official,active,,,2026-09-25T01:18:44.823Z
ca-visitor-visa--hr,ircc-ptime,CA,visa,backward,ca-visitor-visa,Visitor visa (applying from outside Canada),HR,Croatia,No processing time available,,,unavailable,2026-09-22,2026-09-25T00:45:26.696Z,https://www.canada.ca/content/dam/ircc/documents/json/data-ptime-en.json,official,active,,,2026-09-25T01:18:44.823Z
ca-visitor-visa--ht,ircc-ptime,CA,visa,backward,ca-visitor-visa,Visitor visa (applying from outside Canada),HT,Haiti,23 days,23,days,ok,2026-09-22,2026-09-25T00:45:26.696Z,https://www.canada.ca/content/dam/ircc/documents/json/data-ptime-en.json,official,active,,,2026-09-25T01:18:44.823Z
ca-visitor-visa--hu,ircc-ptime,CA,visa,backward,ca-visitor-visa,Visitor visa (applying from outside Canada),HU,Hungary,27 days,27,days,ok,2026-09-22,2026-09-25T00:45:26.696Z,https://www.canada.ca/content/dam/ircc/documents/json/data-ptime-en.json,official,active,,,2026-09-25T01:18:44.823Z
ca-visitor-visa--id,ircc-ptime,CA,visa,backward,ca-visitor-visa,Visitor visa (applying from outside Canada),ID,Indonesia,26 days,26,days,ok,2026-09-22,2026-09-25T00:45:26.696Z,https://www.canada.ca/content/dam/ircc/documents/json/data-ptime-en.json,official,active,,,2026-09-25T01:18:44.823Z
ca-visitor-visa--ie,ircc-ptime,CA,visa,backward,ca-visitor-visa,Visitor visa (applying from outside Canada),IE,Ireland,23 days,23,days,ok,2026-09-22,2026-09-25T00:45:26.696Z,https://www.canada.ca/content/dam/ircc/documents/json/data-ptime-en.json,official,active,,,2026-09-25T01:18:44.823Z
ca-visitor-visa--il,ircc-ptime,CA,visa,backward,ca-visitor-visa,Visitor visa (applying from outside Canada),IL,Israel,39 days,39,days,ok,2026-09-22,2026-09-25T00:45:26.696Z,https://www.canada.ca/content/dam/ircc/documents/json/data-ptime-en.json,official,active,,,2026-09-25T01:18:44.823Z
ca-visitor-visa--in,ircc-ptime,CA,visa,backward,ca-visitor-visa,Visitor visa (applying from outside Canada),IN,India,32 days,32,days,ok,2026-09-22,2026-09-25T00:45:26.696Z,https://www.canada.ca/content/dam/ircc/documents/json/data-ptime-en.json,official,active,,,2026-09-25T01:18:44.823Z
ca-visitor-visa--io,ircc-ptime,CA,visa,backward,ca-visitor-visa,Visitor visa (applying from outside Canada),IO,British Indian Ocean Territory,No processing time available,,,unavailable,2026-09-22,2026-09-25T00:45:26.696Z,https://www.canada.ca/content/dam/ircc/documents/json/data-ptime-en.json,official,active,,,2026-09-25T01:18:44.823Z
ca-visitor-visa--iq,ircc-ptime,CA,visa,backward,ca-visitor-visa,Visitor visa (applying from outside Canada),IQ,Iraq,80 days,80,days,ok,2026-09-22,2026-09-25T00:45:26.696Z,https://www.canada.ca/content/dam/ircc/documents/json/data-ptime-en.json,official,active,,,2026-09-25T01:18:44.823Z
ca-visitor-visa--ir,ircc-ptime,CA,visa,backward,ca-visitor-visa,Visitor visa (applying from outside Canada),IR,Iran,95 days,95,days,ok,2026-09-22,2026-09-25T00:45:26.696Z,https://www.canada.ca/content/dam/ircc/documents/json/data-ptime-en.json,official,active,,,2026-09-25T01:18:44.823Z
ca-visitor-visa--is,ircc-ptime,CA,visa,backward,ca-visitor-visa,Visitor visa (applying from outside Canada),IS,Iceland,57 days,57,days,ok,2026-09-22,2026-09-25T00:45:26.696Z,https://www.canada.ca/content/dam/ircc/documents/json/data-ptime-en.json,official,active,,,2026-09-25T01:18:44.823Z
ca-visitor-visa--it,ircc-ptime,CA,visa,backward,ca-visitor-visa,Visitor visa (applying from outside Canada),IT,Italy,44 days,44,days,ok,2026-09-22,2026-09-25T00:45:26.696Z,https://www.canada.ca/content/dam/ircc/documents/json/data-ptime-en.json,official,active,,,2026-09-25T01:18:44.823Z
ca-visitor-visa--jm,ircc-ptime,CA,visa,backward,ca-visitor-visa,Visitor visa (applying from outside Canada),JM,Jamaica,26 days,26,days,ok,2026-09-22,2026-09-25T00:45:26.696Z,https://www.canada.ca/content/dam/ircc/documents/json/data-ptime-en.json,official,active,,,2026-09-25T01:18:44.823Z
ca-visitor-visa--jo,ircc-ptime,CA,visa,backward,ca-visitor-visa,Visitor visa (applying from outside Canada),JO,Jordan,56 days,56,days,ok,2026-09-22,2026-09-25T00:45:26.696Z,https://www.canada.ca/content/dam/ircc/documents/json/data-ptime-en.json,official,active,,,2026-09-25T01:18:44.823Z
ca-visitor-visa--jp,ircc-ptime,CA,visa,backward,ca-visitor-visa,Visitor visa (applying from outside Canada),JP,Japan,56 days,56,days,ok,2026-09-22,2026-09-25T00:45:26.696Z,https://www.canada.ca/content/dam/ircc/documents/json/data-ptime-en.json,official,active,,,2026-09-25T01:18:44.823Z
ca-visitor-visa--ke,ircc-ptime,CA,visa,backward,ca-visitor-visa,Visitor visa (applying from outside Canada),KE,Kenya,60 days,60,days,ok,2026-09-22,2026-09-25T00:45:26.696Z,https://www.canada.ca/content/dam/ircc/documents/json/data-ptime-en.json,official,active,,,2026-09-25T01:18:44.823Z
ca-visitor-visa--kg,ircc-ptime,CA,visa,backward,ca-visitor-visa,Visitor visa (applying from outside Canada),KG,Kyrgyzstan,9 days,9,days,ok,2026-09-22,2026-09-25T00:45:26.696Z,https://www.canada.ca/content/dam/ircc/documents/json/data-ptime-en.json,official,active,,,2026-09-25T01:18:44.823Z
ca-visitor-visa--kh,ircc-ptime,CA,visa,backward,ca-visitor-visa,Visitor visa (applying from outside Canada),KH,Cambodia,49 days,49,days,ok,2026-09-22,2026-09-25T00:45:26.696Z,https://www.canada.ca/content/dam/ircc/documents/json/data-ptime-en.json,official,active,,,2026-09-25T01:18:44.823Z
ca-visitor-visa--ki,ircc-ptime,CA,visa,backward,ca-visitor-visa,Visitor visa (applying from outside Canada),KI,Kiribati,No processing time available,,,unavailable,2026-09-22,2026-09-25T00:45:26.696Z,https://www.canada.ca/content/dam/ircc/documents/json/data-ptime-en.json,official,active,,,2026-09-25T01:18:44.823Z
ca-visitor-visa--km,ircc-ptime,CA,visa,backward,ca-visitor-visa,Visitor visa (applying from outside Canada),KM,Comoros,No processing time available,,,unavailable,2026-09-22,2026-09-25T00:45:26.696Z,https://www.canada.ca/content/dam/ircc/documents/json/data-ptime-en.json,official,active,,,2026-09-25T01:18:44.823Z
ca-visitor-visa--kn,ircc-ptime,CA,visa,backward,ca-visitor-visa,Visitor visa (applying from outside Canada),KN,St. Kitts & Nevis,20 days,20,days,ok,2026-09-22,2026-09-25T00:45:26.696Z,https://www.canada.ca/content/dam/ircc/documents/json/data-ptime-en.json,official,active,,,2026-09-25T01:18:44.823Z
ca-visitor-visa--kp,ircc-ptime,CA,visa,backward,ca-visitor-visa,Visitor visa (applying from outside Canada),KP,North Korea,No processing time available,,,unavailable,2026-09-22,2026-09-25T00:45:26.696Z,https://www.canada.ca/content/dam/ircc/documents/json/data-ptime-en.json,official,active,,,2026-09-25T01:18:44.823Z
ca-visitor-visa--kr,ircc-ptime,CA,visa,backward,ca-visitor-visa,Visitor visa (applying from outside Canada),KR,South Korea,56 days,56,days,ok,2026-09-22,2026-09-25T00:45:26.696Z,https://www.canada.ca/content/dam/ircc/documents/json/data-ptime-en.json,official,active,,,2026-09-25T01:18:44.823Z
ca-visitor-visa--kw,ircc-ptime,CA,visa,backward,ca-visitor-visa,Visitor visa (applying from outside Canada),KW,Kuwait,61 days,61,days,ok,2026-09-22,2026-09-25T00:45:26.696Z,https://www.canada.ca/content/dam/ircc/documents/json/data-ptime-en.json,official,active,,,2026-09-25T01:18:44.823Z
ca-visitor-visa--ky,ircc-ptime,CA,visa,backward,ca-visitor-visa,Visitor visa (applying from outside Canada),KY,Cayman Islands,27 days,27,days,ok,2026-09-22,2026-09-25T00:45:26.696Z,https://www.canada.ca/content/dam/ircc/documents/json/data-ptime-en.json,official,active,,,2026-09-25T01:18:44.823Z
ca-visitor-visa--kz,ircc-ptime,CA,visa,backward,ca-visitor-visa,Visitor visa (applying from outside Canada),KZ,Kazakhstan,10 days,10,days,ok,2026-09-22,2026-09-25T00:45:26.696Z,https://www.canada.ca/content/dam/ircc/documents/json/data-ptime-en.json,official,active,,,2026-09-25T01:18:44.823Z
ca-visitor-visa--la,ircc-ptime,CA,visa,backward,ca-visitor-visa,Visitor visa (applying from outside Canada),LA,Laos,34 days,34,days,ok,2026-09-22,2026-09-25T00:45:26.696Z,https://www.canada.ca/content/dam/ircc/documents/json/data-ptime-en.json,official,active,,,2026-09-25T01:18:44.823Z
ca-visitor-visa--lb,ircc-ptime,CA,visa,backward,ca-visitor-visa,Visitor visa (applying from outside Canada),LB,Lebanon,71 days,71,days,ok,2026-09-22,2026-09-25T00:45:26.696Z,https://www.canada.ca/content/dam/ircc/documents/json/data-ptime-en.json,official,active,,,2026-09-25T01:18:44.823Z
ca-visitor-visa--lc,ircc-ptime,CA,visa,backward,ca-visitor-visa,Visitor visa (applying from outside Canada),LC,St. Lucia,15 days,15,days,ok,2026-09-22,2026-09-25T00:45:26.696Z,https://www.canada.ca/content/dam/ircc/documents/json/data-ptime-en.json,official,active,,,2026-09-25T01:18:44.823Z
ca-visitor-visa--li,ircc-ptime,CA,visa,backward,ca-visitor-visa,Visitor visa (applying from outside Canada),LI,Liechtenstein,No processing time available,,,unavailable,2026-09-22,2026-09-25T00:45:26.696Z,https://www.canada.ca/content/dam/ircc/documents/json/data-ptime-en.json,official,active,,,2026-09-25T01:18:44.823Z
ca-visitor-visa--lk,ircc-ptime,CA,visa,backward,ca-visitor-visa,Visitor visa (applying from outside Canada),LK,Sri Lanka,44 days,44,days,ok,2026-09-22,2026-09-25T00:45:26.696Z,https://www.canada.ca/content/dam/ircc/documents/json/data-ptime-en.json,official,active,,,2026-09-25T01:18:44.823Z
ca-visitor-visa--lr,ircc-ptime,CA,visa,backward,ca-visitor-visa,Visitor visa (applying from outside Canada),LR,Liberia,87 days,87,days,ok,2026-09-22,2026-09-25T00:45:26.696Z,https://www.canada.ca/content/dam/ircc/documents/json/data-ptime-en.json,official,active,,,2026-09-25T01:18:44.823Z
ca-visitor-visa--ls,ircc-ptime,CA,visa,backward,ca-visitor-visa,Visitor visa (applying from outside Canada),LS,Lesotho,110 days,110,days,ok,2026-09-22,2026-09-25T00:45:26.696Z,https://www.canada.ca/content/dam/ircc/documents/json/data-ptime-en.json,official,active,,,2026-09-25T01:18:44.823Z
ca-visitor-visa--lt,ircc-ptime,CA,visa,backward,ca-visitor-visa,Visitor visa (applying from outside Canada),LT,Lithuania,20 days,20,days,ok,2026-09-22,2026-09-25T00:45:26.696Z,https://www.canada.ca/content/dam/ircc/documents/json/data-ptime-en.json,official,active,,,2026-09-25T01:18:44.823Z
ca-visitor-visa--lu,ircc-ptime,CA,visa,backward,ca-visitor-visa,Visitor visa (applying from outside Canada),LU,Luxembourg,36 days,36,days,ok,2026-09-22,2026-09-25T00:45:26.696Z,https://www.canada.ca/content/dam/ircc/documents/json/data-ptime-en.json,official,active,,,2026-09-25T01:18:44.823Z
ca-visitor-visa--lv,ircc-ptime,CA,visa,backward,ca-visitor-visa,Visitor visa (applying from outside Canada),LV,Latvia,28 days,28,days,ok,2026-09-22,2026-09-25T00:45:26.696Z,https://www.canada.ca/content/dam/ircc/documents/json/data-ptime-en.json,official,active,,,2026-09-25T01:18:44.823Z
ca-visitor-visa--ly,ircc-ptime,CA,visa,backward,ca-visitor-visa,Visitor visa (applying from outside Canada),LY,Libya,37 days,37,days,ok,2026-09-22,2026-09-25T00:45:26.696Z,https://www.canada.ca/content/dam/ircc/documents/json/data-ptime-en.json,official,active,,,2026-09-25T01:18:44.823Z
ca-visitor-visa--ma,ircc-ptime,CA,visa,backward,ca-visitor-visa,Visitor visa (applying from outside Canada),MA,Morocco,21 days,21,days,ok,2026-09-22,2026-09-25T00:45:26.696Z,https://www.canada.ca/content/dam/ircc/documents/json/data-ptime-en.json,official,active,,,2026-09-25T01:18:44.823Z
ca-visitor-visa--mc,ircc-ptime,CA,visa,backward,ca-visitor-visa,Visitor visa (applying from outside Canada),MC,Monaco,No processing time available,,,unavailable,2026-09-22,2026-09-25T00:45:26.696Z,https://www.canada.ca/content/dam/ircc/documents/json/data-ptime-en.json,official,active,,,2026-09-25T01:18:44.823Z
ca-visitor-visa--md,ircc-ptime,CA,visa,backward,ca-visitor-visa,Visitor visa (applying from outside Canada),MD,Moldova,38 days,38,days,ok,2026-09-22,2026-09-25T00:45:26.696Z,https://www.canada.ca/content/dam/ircc/documents/json/data-ptime-en.json,official,active,,,2026-09-25T01:18:44.823Z
ca-visitor-visa--me,ircc-ptime,CA,visa,backward,ca-visitor-visa,Visitor visa (applying from outside Canada),ME,Montenegro,24 days,24,days,ok,2026-09-22,2026-09-25T00:45:26.696Z,https://www.canada.ca/content/dam/ircc/documents/json/data-ptime-en.json,official,active,,,2026-09-25T01:18:44.823Z
ca-visitor-visa--mg,ircc-ptime,CA,visa,backward,ca-visitor-visa,Visitor visa (applying from outside Canada),MG,Madagascar,226 days,226,days,ok,2026-09-22,2026-09-25T00:45:26.696Z,https://www.canada.ca/content/dam/ircc/documents/json/data-ptime-en.json,official,active,,,2026-09-25T01:18:44.823Z
ca-visitor-visa--mh,ircc-ptime,CA,visa,backward,ca-visitor-visa,Visitor visa (applying from outside Canada),MH,Marshall Islands,No processing time available,,,unavailable,2026-09-22,2026-09-25T00:45:26.696Z,https://www.canada.ca/content/dam/ircc/documents/json/data-ptime-en.json,official,active,,,2026-09-25T01:18:44.823Z
ca-visitor-visa--mk,ircc-ptime,CA,visa,backward,ca-visitor-visa,Visitor visa (applying from outside Canada),MK,North Macedonia,32 days,32,days,ok,2026-09-22,2026-09-25T00:45:26.696Z,https://www.canada.ca/content/dam/ircc/documents/json/data-ptime-en.json,official,active,,,2026-09-25T01:18:44.823Z
ca-visitor-visa--ml,ircc-ptime,CA,visa,backward,ca-visitor-visa,Visitor visa (applying from outside Canada),ML,Mali,85 days,85,days,ok,2026-09-22,2026-09-25T00:45:26.696Z,https://www.canada.ca/content/dam/ircc/documents/json/data-ptime-en.json,official,active,,,2026-09-25T01:18:44.823Z
ca-visitor-visa--mm,ircc-ptime,CA,visa,backward,ca-visitor-visa,Visitor visa (applying from outside Canada),MM,Myanmar (Burma),43 days,43,days,ok,2026-09-22,2026-09-25T00:45:26.696Z,https://www.canada.ca/content/dam/ircc/documents/json/data-ptime-en.json,official,active,,,2026-09-25T01:18:44.823Z
ca-visitor-visa--mn,ircc-ptime,CA,visa,backward,ca-visitor-visa,Visitor visa (applying from outside Canada),MN,Mongolia,19 days,19,days,ok,2026-09-22,2026-09-25T00:45:26.696Z,https://www.canada.ca/content/dam/ircc/documents/json/data-ptime-en.json,official,active,,,2026-09-25T01:18:44.823Z
ca-visitor-visa--mo,ircc-ptime,CA,visa,backward,ca-visitor-visa,Visitor visa (applying from outside Canada),MO,Macao SAR China,16 days,16,days,ok,2026-09-22,2026-09-25T00:45:26.696Z,https://www.canada.ca/content/dam/ircc/documents/json/data-ptime-en.json,official,active,,,2026-09-25T01:18:44.823Z
ca-visitor-visa--mq,ircc-ptime,CA,visa,backward,ca-visitor-visa,Visitor visa (applying from outside Canada),MQ,Martinique,No processing time available,,,unavailable,2026-09-22,2026-09-25T00:45:26.696Z,https://www.canada.ca/content/dam/ircc/documents/json/data-ptime-en.json,official,active,,,2026-09-25T01:18:44.823Z
ca-visitor-visa--mr,ircc-ptime,CA,visa,backward,ca-visitor-visa,Visitor visa (applying from outside Canada),MR,Mauritania,96 days,96,days,ok,2026-09-22,2026-09-25T00:45:26.696Z,https://www.canada.ca/content/dam/ircc/documents/json/data-ptime-en.json,official,active,,,2026-09-25T01:18:44.823Z
ca-visitor-visa--mt,ircc-ptime,CA,visa,backward,ca-visitor-visa,Visitor visa (applying from outside Canada),MT,Malta,33 days,33,days,ok,2026-09-22,2026-09-25T00:45:26.696Z,https://www.canada.ca/content/dam/ircc/documents/json/data-ptime-en.json,official,active,,,2026-09-25T01:18:44.823Z
ca-visitor-visa--mu,ircc-ptime,CA,visa,backward,ca-visitor-visa,Visitor visa (applying from outside Canada),MU,Mauritius,128 days,128,days,ok,2026-09-22,2026-09-25T00:45:26.696Z,https://www.canada.ca/content/dam/ircc/documents/json/data-ptime-en.json,official,active,,,2026-09-25T01:18:44.823Z
ca-visitor-visa--mv,ircc-ptime,CA,visa,backward,ca-visitor-visa,Visitor visa (applying from outside Canada),MV,Maldives,No processing time available,,,unavailable,2026-09-22,2026-09-25T00:45:26.696Z,https://www.canada.ca/content/dam/ircc/documents/json/data-ptime-en.json,official,active,,,2026-09-25T01:18:44.823Z
ca-visitor-visa--mw,ircc-ptime,CA,visa,backward,ca-visitor-visa,Visitor visa (applying from outside Canada),MW,Malawi,275 days,275,days,ok,2026-09-22,2026-09-25T00:45:26.696Z,https://www.canada.ca/content/dam/ircc/documents/json/data-ptime-en.json,official,active,,,2026-09-25T01:18:44.823Z
ca-visitor-visa--mx,ircc-ptime,CA,visa,backward,ca-visitor-visa,Visitor visa (applying from outside Canada),MX,Mexico,24 days,24,days,ok,2026-09-22,2026-09-25T00:45:26.696Z,https://www.canada.ca/content/dam/ircc/documents/json/data-ptime-en.json,official,active,,,2026-09-25T01:18:44.823Z
ca-visitor-visa--my,ircc-ptime,CA,visa,backward,ca-visitor-visa,Visitor visa (applying from outside Canada),MY,Malaysia,30 days,30,days,ok,2026-09-22,2026-09-25T00:45:26.696Z,https://www.canada.ca/content/dam/ircc/documents/json/data-ptime-en.json,official,active,,,2026-09-25T01:18:44.823Z
ca-visitor-visa--mz,ircc-ptime,CA,visa,backward,ca-visitor-visa,Visitor visa (applying from outside Canada),MZ,Mozambique,439 days,439,days,ok,2026-09-22,2026-09-25T00:45:26.696Z,https://www.canada.ca/content/dam/ircc/documents/json/data-ptime-en.json,official,active,,,2026-09-25T01:18:44.823Z
ca-visitor-visa--na,ircc-ptime,CA,visa,backward,ca-visitor-visa,Visitor visa (applying from outside Canada),NA,Namibia,219 days,219,days,ok,2026-09-22,2026-09-25T00:45:26.696Z,https://www.canada.ca/content/dam/ircc/documents/json/data-ptime-en.json,official,active,,,2026-09-25T01:18:44.823Z
ca-visitor-visa--nc,ircc-ptime,CA,visa,backward,ca-visitor-visa,Visitor visa (applying from outside Canada),NC,New Caledonia,No processing time available,,,unavailable,2026-09-22,2026-09-25T00:45:26.696Z,https://www.canada.ca/content/dam/ircc/documents/json/data-ptime-en.json,official,active,,,2026-09-25T01:18:44.823Z
ca-visitor-visa--ne,ircc-ptime,CA,visa,backward,ca-visitor-visa,Visitor visa (applying from outside Canada),NE,Niger,79 days,79,days,ok,2026-09-22,2026-09-25T00:45:26.696Z,https://www.canada.ca/content/dam/ircc/documents/json/data-ptime-en.json,official,active,,,2026-09-25T01:18:44.823Z
ca-visitor-visa--ng,ircc-ptime,CA,visa,backward,ca-visitor-visa,Visitor visa (applying from outside Canada),NG,Nigeria,93 days,93,days,ok,2026-09-22,2026-09-25T00:45:26.696Z,https://www.canada.ca/content/dam/ircc/documents/json/data-ptime-en.json,official,active,,,2026-09-25T01:18:44.823Z
ca-visitor-visa--ni,ircc-ptime,CA,visa,backward,ca-visitor-visa,Visitor visa (applying from outside Canada),NI,Nicaragua,21 days,21,days,ok,2026-09-22,2026-09-25T00:45:26.696Z,https://www.canada.ca/content/dam/ircc/documents/json/data-ptime-en.json,official,active,,,2026-09-25T01:18:44.823Z
ca-visitor-visa--nl,ircc-ptime,CA,visa,backward,ca-visitor-visa,Visitor visa (applying from outside Canada),NL,Netherlands,30 days,30,days,ok,2026-09-22,2026-09-25T00:45:26.696Z,https://www.canada.ca/content/dam/ircc/documents/json/data-ptime-en.json,official,active,,,2026-09-25T01:18:44.823Z
ca-visitor-visa--no,ircc-ptime,CA,visa,backward,ca-visitor-visa,Visitor visa (applying from outside Canada),NO,Norway,65 days,65,days,ok,2026-09-22,2026-09-25T00:45:26.696Z,https://www.canada.ca/content/dam/ircc/documents/json/data-ptime-en.json,official,active,,,2026-09-25T01:18:44.823Z
ca-visitor-visa--np,ircc-ptime,CA,visa,backward,ca-visitor-visa,Visitor visa (applying from outside Canada),NP,Nepal,42 days,42,days,ok,2026-09-22,2026-09-25T00:45:26.696Z,https://www.canada.ca/content/dam/ircc/documents/json/data-ptime-en.json,official,active,,,2026-09-25T01:18:44.823Z
ca-visitor-visa--nr,ircc-ptime,CA,visa,backward,ca-visitor-visa,Visitor visa (applying from outside Canada),NR,Nauru,No processing time available,,,unavailable,2026-09-22,2026-09-25T00:45:26.696Z,https://www.canada.ca/content/dam/ircc/documents/json/data-ptime-en.json,official,active,,,2026-09-25T01:18:44.823Z
ca-visitor-visa--nz,ircc-ptime,CA,visa,backward,ca-visitor-visa,Visitor visa (applying from outside Canada),NZ,New Zealand,11 days,11,days,ok,2026-09-22,2026-09-25T00:45:26.696Z,https://www.canada.ca/content/dam/ircc/documents/json/data-ptime-en.json,official,active,,,2026-09-25T01:18:44.823Z
ca-visitor-visa--om,ircc-ptime,CA,visa,backward,ca-visitor-visa,Visitor visa (applying from outside Canada),OM,Oman,61 days,61,days,ok,2026-09-22,2026-09-25T00:45:26.696Z,https://www.canada.ca/content/dam/ircc/documents/json/data-ptime-en.json,official,active,,,2026-09-25T01:18:44.823Z
ca-visitor-visa--pa,ircc-ptime,CA,visa,backward,ca-visitor-visa,Visitor visa (applying from outside Canada),PA,Panama,29 days,29,days,ok,2026-09-22,2026-09-25T00:45:26.696Z,https://www.canada.ca/content/dam/ircc/documents/json/data-ptime-en.json,official,active,,,2026-09-25T01:18:44.823Z
ca-visitor-visa--pe,ircc-ptime,CA,visa,backward,ca-visitor-visa,Visitor visa (applying from outside Canada),PE,Peru,25 days,25,days,ok,2026-09-22,2026-09-25T00:45:26.696Z,https://www.canada.ca/content/dam/ircc/documents/json/data-ptime-en.json,official,active,,,2026-09-25T01:18:44.823Z
ca-visitor-visa--pf,ircc-ptime,CA,visa,backward,ca-visitor-visa,Visitor visa (applying from outside Canada),PF,French Polynesia,No processing time available,,,unavailable,2026-09-22,2026-09-25T00:45:26.696Z,https://www.canada.ca/content/dam/ircc/documents/json/data-ptime-en.json,official,active,,,2026-09-25T01:18:44.823Z
ca-visitor-visa--pg,ircc-ptime,CA,visa,backward,ca-visitor-visa,Visitor visa (applying from outside Canada),PG,Papua New Guinea,No processing time available,,,unavailable,2026-09-22,2026-09-25T00:45:26.696Z,https://www.canada.ca/content/dam/ircc/documents/json/data-ptime-en.json,official,active,,,2026-09-25T01:18:44.823Z
ca-visitor-visa--ph,ircc-ptime,CA,visa,backward,ca-visitor-visa,Visitor visa (applying from outside Canada),PH,Philippines,21 days,21,days,ok,2026-09-22,2026-09-25T00:45:26.696Z,https://www.canada.ca/content/dam/ircc/documents/json/data-ptime-en.json,official,active,,,2026-09-25T01:18:44.823Z
ca-visitor-visa--pk,ircc-ptime,CA,visa,backward,ca-visitor-visa,Visitor visa (applying from outside Canada),PK,Pakistan,78 days,78,days,ok,2026-09-22,2026-09-25T00:45:26.696Z,https://www.canada.ca/content/dam/ircc/documents/json/data-ptime-en.json,official,active,,,2026-09-25T01:18:44.823Z
ca-visitor-visa--pl,ircc-ptime,CA,visa,backward,ca-visitor-visa,Visitor visa (applying from outside Canada),PL,Poland,8 days,8,days,ok,2026-09-22,2026-09-25T00:45:26.696Z,https://www.canada.ca/content/dam/ircc/documents/json/data-ptime-en.json,official,active,,,2026-09-25T01:18:44.823Z
ca-visitor-visa--pr,ircc-ptime,CA,visa,backward,ca-visitor-visa,Visitor visa (applying from outside Canada),PR,Puerto Rico,No processing time available,,,unavailable,2026-09-22,2026-09-25T00:45:26.696Z,https://www.canada.ca/content/dam/ircc/documents/json/data-ptime-en.json,official,active,,,2026-09-25T01:18:44.823Z
ca-visitor-visa--ps,ircc-ptime,CA,visa,backward,ca-visitor-visa,Visitor visa (applying from outside Canada),PS,Palestinian Territories,1 days,1,days,ok,2026-09-22,2026-09-25T00:45:26.696Z,https://www.canada.ca/content/dam/ircc/documents/json/data-ptime-en.json,official,active,,,2026-09-25T01:18:44.823Z
ca-visitor-visa--pt,ircc-ptime,CA,visa,backward,ca-visitor-visa,Visitor visa (applying from outside Canada),PT,Portugal,39 days,39,days,ok,2026-09-22,2026-09-25T00:45:26.696Z,https://www.canada.ca/content/dam/ircc/documents/json/data-ptime-en.json,official,active,,,2026-09-25T01:18:44.823Z
ca-visitor-visa--py,ircc-ptime,CA,visa,backward,ca-visitor-visa,Visitor visa (applying from outside Canada),PY,Paraguay,24 days,24,days,ok,2026-09-22,2026-09-25T00:45:26.696Z,https://www.canada.ca/content/dam/ircc/documents/json/data-ptime-en.json,official,active,,,2026-09-25T01:18:44.823Z
ca-visitor-visa--qa,ircc-ptime,CA,visa,backward,ca-visitor-visa,Visitor visa (applying from outside Canada),QA,Qatar,61 days,61,days,ok,2026-09-22,2026-09-25T00:45:26.696Z,https://www.canada.ca/content/dam/ircc/documents/json/data-ptime-en.json,official,active,,,2026-09-25T01:18:44.823Z
ca-visitor-visa--ro,ircc-ptime,CA,visa,backward,ca-visitor-visa,Visitor visa (applying from outside Canada),RO,Romania,37 days,37,days,ok,2026-09-22,2026-09-25T00:45:26.696Z,https://www.canada.ca/content/dam/ircc/documents/json/data-ptime-en.json,official,active,,,2026-09-25T01:18:44.823Z
ca-visitor-visa--rs,ircc-ptime,CA,visa,backward,ca-visitor-visa,Visitor visa (applying from outside Canada),RS,Serbia,35 days,35,days,ok,2026-09-22,2026-09-25T00:45:26.696Z,https://www.canada.ca/content/dam/ircc/documents/json/data-ptime-en.json,official,active,,,2026-09-25T01:18:44.823Z
ca-visitor-visa--ru,ircc-ptime,CA,visa,backward,ca-visitor-visa,Visitor visa (applying from outside Canada),RU,Russia,16 days,16,days,ok,2026-09-22,2026-09-25T00:45:26.696Z,https://www.canada.ca/content/dam/ircc/documents/json/data-ptime-en.json,official,active,,,2026-09-25T01:18:44.823Z
ca-visitor-visa--rw,ircc-ptime,CA,visa,backward,ca-visitor-visa,Visitor visa (applying from outside Canada),RW,Rwanda,50 days,50,days,ok,2026-09-22,2026-09-25T00:45:26.696Z,https://www.canada.ca/content/dam/ircc/documents/json/data-ptime-en.json,official,active,,,2026-09-25T01:18:44.823Z
ca-visitor-visa--sa,ircc-ptime,CA,visa,backward,ca-visitor-visa,Visitor visa (applying from outside Canada),SA,Saudi Arabia,53 days,53,days,ok,2026-09-22,2026-09-25T00:45:26.696Z,https://www.canada.ca/content/dam/ircc/documents/json/data-ptime-en.json,official,active,,,2026-09-25T01:18:44.823Z
ca-visitor-visa--sb,ircc-ptime,CA,visa,backward,ca-visitor-visa,Visitor visa (applying from outside Canada),SB,Solomon Islands,No processing time available,,,unavailable,2026-09-22,2026-09-25T00:45:26.696Z,https://www.canada.ca/content/dam/ircc/documents/json/data-ptime-en.json,official,active,,,2026-09-25T01:18:44.823Z
ca-visitor-visa--sc,ircc-ptime,CA,visa,backward,ca-visitor-visa,Visitor visa (applying from outside Canada),SC,Seychelles,No processing time available,,,unavailable,2026-09-22,2026-09-25T00:45:26.696Z,https://www.canada.ca/content/dam/ircc/documents/json/data-ptime-en.json,official,active,,,2026-09-25T01:18:44.823Z
ca-visitor-visa--sd,ircc-ptime,CA,visa,backward,ca-visitor-visa,Visitor visa (applying from outside Canada),SD,Sudan,No processing time available,,,unavailable,2026-09-22,2026-09-25T00:45:26.696Z,https://www.canada.ca/content/dam/ircc/documents/json/data-ptime-en.json,official,active,,,2026-09-25T01:18:44.823Z
ca-visitor-visa--se,ircc-ptime,CA,visa,backward,ca-visitor-visa,Visitor visa (applying from outside Canada),SE,Sweden,36 days,36,days,ok,2026-09-22,2026-09-25T00:45:26.696Z,https://www.canada.ca/content/dam/ircc/documents/json/data-ptime-en.json,official,active,,,2026-09-25T01:18:44.823Z
ca-visitor-visa--sg,ircc-ptime,CA,visa,backward,ca-visitor-visa,Visitor visa (applying from outside Canada),SG,Singapore,23 days,23,days,ok,2026-09-22,2026-09-25T00:45:26.696Z,https://www.canada.ca/content/dam/ircc/documents/json/data-ptime-en.json,official,active,,,2026-09-25T01:18:44.823Z
ca-visitor-visa--si,ircc-ptime,CA,visa,backward,ca-visitor-visa,Visitor visa (applying from outside Canada),SI,Slovenia,No processing time available,,,unavailable,2026-09-22,2026-09-25T00:45:26.696Z,https://www.canada.ca/content/dam/ircc/documents/json/data-ptime-en.json,official,active,,,2026-09-25T01:18:44.823Z
ca-visitor-visa--sk,ircc-ptime,CA,visa,backward,ca-visitor-visa,Visitor visa (applying from outside Canada),SK,Slovakia,29 days,29,days,ok,2026-09-22,2026-09-25T00:45:26.696Z,https://www.canada.ca/content/dam/ircc/documents/json/data-ptime-en.json,official,active,,,2026-09-25T01:18:44.823Z
ca-visitor-visa--sl,ircc-ptime,CA,visa,backward,ca-visitor-visa,Visitor visa (applying from outside Canada),SL,Sierra Leone,108 days,108,days,ok,2026-09-22,2026-09-25T00:45:26.696Z,https://www.canada.ca/content/dam/ircc/documents/json/data-ptime-en.json,official,active,,,2026-09-25T01:18:44.823Z
ca-visitor-visa--sm,ircc-ptime,CA,visa,backward,ca-visitor-visa,Visitor visa (applying from outside Canada),SM,San Marino,No processing time available,,,unavailable,2026-09-22,2026-09-25T00:45:26.696Z,https://www.canada.ca/content/dam/ircc/documents/json/data-ptime-en.json,official,active,,,2026-09-25T01:18:44.823Z
ca-visitor-visa--sn,ircc-ptime,CA,visa,backward,ca-visitor-visa,Visitor visa (applying from outside Canada),SN,Senegal,54 days,54,days,ok,2026-09-22,2026-09-25T00:45:26.696Z,https://www.canada.ca/content/dam/ircc/documents/json/data-ptime-en.json,official,active,,,2026-09-25T01:18:44.823Z
ca-visitor-visa--so,ircc-ptime,CA,visa,backward,ca-visitor-visa,Visitor visa (applying from outside Canada),SO,Somalia,123 days,123,days,ok,2026-09-22,2026-09-25T00:45:26.696Z,https://www.canada.ca/content/dam/ircc/documents/json/data-ptime-en.json,official,active,,,2026-09-25T01:18:44.823Z
ca-visitor-visa--sr,ircc-ptime,CA,visa,backward,ca-visitor-visa,Visitor visa (applying from outside Canada),SR,Suriname,27 days,27,days,ok,2026-09-22,2026-09-25T00:45:26.696Z,https://www.canada.ca/content/dam/ircc/documents/json/data-ptime-en.json,official,active,,,2026-09-25T01:18:44.823Z
ca-visitor-visa--ss,ircc-ptime,CA,visa,backward,ca-visitor-visa,Visitor visa (applying from outside Canada),SS,South Sudan,No processing time available,,,unavailable,2026-09-22,2026-09-25T00:45:26.696Z,https://www.canada.ca/content/dam/ircc/documents/json/data-ptime-en.json,official,active,,,2026-09-25T01:18:44.823Z
ca-visitor-visa--st,ircc-ptime,CA,visa,backward,ca-visitor-visa,Visitor visa (applying from outside Canada),ST,São Tomé & Príncipe,No processing time available,,,unavailable,2026-09-22,2026-09-25T00:45:26.696Z,https://www.canada.ca/content/dam/ircc/documents/json/data-ptime-en.json,official,active,,,2026-09-25T01:18:44.823Z
ca-visitor-visa--sv,ircc-ptime,CA,visa,backward,ca-visitor-visa,Visitor visa (applying from outside Canada),SV,El Salvador,25 days,25,days,ok,2026-09-22,2026-09-25T00:45:26.696Z,https://www.canada.ca/content/dam/ircc/documents/json/data-ptime-en.json,official,active,,,2026-09-25T01:18:44.823Z
ca-visitor-visa--sy,ircc-ptime,CA,visa,backward,ca-visitor-visa,Visitor visa (applying from outside Canada),SY,Syria,105 days,105,days,ok,2026-09-22,2026-09-25T00:45:26.696Z,https://www.canada.ca/content/dam/ircc/documents/json/data-ptime-en.json,official,active,,,2026-09-25T01:18:44.823Z
ca-visitor-visa--sz,ircc-ptime,CA,visa,backward,ca-visitor-visa,Visitor visa (applying from outside Canada),SZ,Eswatini,359 days,359,days,ok,2026-09-22,2026-09-25T00:45:26.696Z,https://www.canada.ca/content/dam/ircc/documents/json/data-ptime-en.json,official,active,,,2026-09-25T01:18:44.823Z
ca-visitor-visa--tc,ircc-ptime,CA,visa,backward,ca-visitor-visa,Visitor visa (applying from outside Canada),TC,Turks & Caicos Islands,24 days,24,days,ok,2026-09-22,2026-09-25T00:45:26.696Z,https://www.canada.ca/content/dam/ircc/documents/json/data-ptime-en.json,official,active,,,2026-09-25T01:18:44.823Z
ca-visitor-visa--td,ircc-ptime,CA,visa,backward,ca-visitor-visa,Visitor visa (applying from outside Canada),TD,Chad,113 days,113,days,ok,2026-09-22,2026-09-25T00:45:26.696Z,https://www.canada.ca/content/dam/ircc/documents/json/data-ptime-en.json,official,active,,,2026-09-25T01:18:44.823Z
ca-visitor-visa--tg,ircc-ptime,CA,visa,backward,ca-visitor-visa,Visitor visa (applying from outside Canada),TG,Togo,123 days,123,days,ok,2026-09-22,2026-09-25T00:45:26.696Z,https://www.canada.ca/content/dam/ircc/documents/json/data-ptime-en.json,official,active,,,2026-09-25T01:18:44.823Z
ca-visitor-visa--th,ircc-ptime,CA,visa,backward,ca-visitor-visa,Visitor visa (applying from outside Canada),TH,Thailand,42 days,42,days,ok,2026-09-22,2026-09-25T00:45:26.696Z,https://www.canada.ca/content/dam/ircc/documents/json/data-ptime-en.json,official,active,,,2026-09-25T01:18:44.823Z
ca-visitor-visa--tj,ircc-ptime,CA,visa,backward,ca-visitor-visa,Visitor visa (applying from outside Canada),TJ,Tajikistan,22 days,22,days,ok,2026-09-22,2026-09-25T00:45:26.696Z,https://www.canada.ca/content/dam/ircc/documents/json/data-ptime-en.json,official,active,,,2026-09-25T01:18:44.823Z
ca-visitor-visa--tl,ircc-ptime,CA,visa,backward,ca-visitor-visa,Visitor visa (applying from outside Canada),TL,Timor-Leste,No processing time available,,,unavailable,2026-09-22,2026-09-25T00:45:26.696Z,https://www.canada.ca/content/dam/ircc/documents/json/data-ptime-en.json,official,active,,,2026-09-25T01:18:44.823Z
ca-visitor-visa--tm,ircc-ptime,CA,visa,backward,ca-visitor-visa,Visitor visa (applying from outside Canada),TM,Turkmenistan,No processing time available,,,unavailable,2026-09-22,2026-09-25T00:45:26.696Z,https://www.canada.ca/content/dam/ircc/documents/json/data-ptime-en.json,official,active,,,2026-09-25T01:18:44.823Z
ca-visitor-visa--tn,ircc-ptime,CA,visa,backward,ca-visitor-visa,Visitor visa (applying from outside Canada),TN,Tunisia,38 days,38,days,ok,2026-09-22,2026-09-25T00:45:26.696Z,https://www.canada.ca/content/dam/ircc/documents/json/data-ptime-en.json,official,active,,,2026-09-25T01:18:44.823Z
ca-visitor-visa--to,ircc-ptime,CA,visa,backward,ca-visitor-visa,Visitor visa (applying from outside Canada),TO,Tonga,No processing time available,,,unavailable,2026-09-22,2026-09-25T00:45:26.696Z,https://www.canada.ca/content/dam/ircc/documents/json/data-ptime-en.json,official,active,,,2026-09-25T01:18:44.823Z
ca-visitor-visa--tr,ircc-ptime,CA,visa,backward,ca-visitor-visa,Visitor visa (applying from outside Canada),TR,Türkiye,78 days,78,days,ok,2026-09-22,2026-09-25T00:45:26.696Z,https://www.canada.ca/content/dam/ircc/documents/json/data-ptime-en.json,official,active,,,2026-09-25T01:18:44.823Z
ca-visitor-visa--tt,ircc-ptime,CA,visa,backward,ca-visitor-visa,Visitor visa (applying from outside Canada),TT,Trinidad & Tobago,15 days,15,days,ok,2026-09-22,2026-09-25T00:45:26.696Z,https://www.canada.ca/content/dam/ircc/documents/json/data-ptime-en.json,official,active,,,2026-09-25T01:18:44.823Z
ca-visitor-visa--tv,ircc-ptime,CA,visa,backward,ca-visitor-visa,Visitor visa (applying from outside Canada),TV,Tuvalu,No processing time available,,,unavailable,2026-09-22,2026-09-25T00:45:26.696Z,https://www.canada.ca/content/dam/ircc/documents/json/data-ptime-en.json,official,active,,,2026-09-25T01:18:44.823Z
ca-visitor-visa--tw,ircc-ptime,CA,visa,backward,ca-visitor-visa,Visitor visa (applying from outside Canada),TW,Taiwan,57 days,57,days,ok,2026-09-22,2026-09-25T00:45:26.696Z,https://www.canada.ca/content/dam/ircc/documents/json/data-ptime-en.json,official,active,,,2026-09-25T01:18:44.823Z
ca-visitor-visa--tz,ircc-ptime,CA,visa,backward,ca-visitor-visa,Visitor visa (applying from outside Canada),TZ,Tanzania,47 days,47,days,ok,2026-09-22,2026-09-25T00:45:26.696Z,https://www.canada.ca/content/dam/ircc/documents/json/data-ptime-en.json,official,active,,,2026-09-25T01:18:44.823Z
ca-visitor-visa--ua,ircc-ptime,CA,visa,backward,ca-visitor-visa,Visitor visa (applying from outside Canada),UA,Ukraine,10 days,10,days,ok,2026-09-22,2026-09-25T00:45:26.696Z,https://www.canada.ca/content/dam/ircc/documents/json/data-ptime-en.json,official,active,,,2026-09-25T01:18:44.823Z
ca-visitor-visa--ug,ircc-ptime,CA,visa,backward,ca-visitor-visa,Visitor visa (applying from outside Canada),UG,Uganda,No processing time available,,,unavailable,2026-09-22,2026-09-25T00:45:26.696Z,https://www.canada.ca/content/dam/ircc/documents/json/data-ptime-en.json,official,active,,,2026-09-25T01:18:44.823Z
ca-visitor-visa--us,ircc-ptime,CA,visa,backward,ca-visitor-visa,Visitor visa (applying from outside Canada),US,United States,17 days,17,days,ok,2026-09-22,2026-09-25T00:45:26.696Z,https://www.canada.ca/content/dam/ircc/documents/json/data-ptime-en.json,official,active,,,2026-09-25T01:18:44.823Z
ca-visitor-visa--uy,ircc-ptime,CA,visa,backward,ca-visitor-visa,Visitor visa (applying from outside Canada),UY,Uruguay,21 days,21,days,ok,2026-09-22,2026-09-25T00:45:26.696Z,https://www.canada.ca/content/dam/ircc/documents/json/data-ptime-en.json,official,active,,,2026-09-25T01:18:44.823Z
ca-visitor-visa--uz,ircc-ptime,CA,visa,backward,ca-visitor-visa,Visitor visa (applying from outside Canada),UZ,Uzbekistan,14 days,14,days,ok,2026-09-22,2026-09-25T00:45:26.696Z,https://www.canada.ca/content/dam/ircc/documents/json/data-ptime-en.json,official,active,,,2026-09-25T01:18:44.823Z
ca-visitor-visa--va,ircc-ptime,CA,visa,backward,ca-visitor-visa,Visitor visa (applying from outside Canada),VA,Vatican City,No processing time available,,,unavailable,2026-09-22,2026-09-25T00:45:26.696Z,https://www.canada.ca/content/dam/ircc/documents/json/data-ptime-en.json,official,active,,,2026-09-25T01:18:44.823Z
ca-visitor-visa--vc,ircc-ptime,CA,visa,backward,ca-visitor-visa,Visitor visa (applying from outside Canada),VC,St. Vincent & Grenadines,25 days,25,days,ok,2026-09-22,2026-09-25T00:45:26.696Z,https://www.canada.ca/content/dam/ircc/documents/json/data-ptime-en.json,official,active,,,2026-09-25T01:18:44.823Z
ca-visitor-visa--ve,ircc-ptime,CA,visa,backward,ca-visitor-visa,Visitor visa (applying from outside Canada),VE,Venezuela,35 days,35,days,ok,2026-09-22,2026-09-25T00:45:26.696Z,https://www.canada.ca/content/dam/ircc/documents/json/data-ptime-en.json,official,active,,,2026-09-25T01:18:44.823Z
ca-visitor-visa--vi,ircc-ptime,CA,visa,backward,ca-visitor-visa,Visitor visa (applying from outside Canada),VI,U.S. Virgin Islands,No processing time available,,,unavailable,2026-09-22,2026-09-25T00:45:26.696Z,https://www.canada.ca/content/dam/ircc/documents/json/data-ptime-en.json,official,active,,,2026-09-25T01:18:44.823Z
ca-visitor-visa--vn,ircc-ptime,CA,visa,backward,ca-visitor-visa,Visitor visa (applying from outside Canada),VN,Vietnam,34 days,34,days,ok,2026-09-22,2026-09-25T00:45:26.696Z,https://www.canada.ca/content/dam/ircc/documents/json/data-ptime-en.json,official,active,,,2026-09-25T01:18:44.823Z
ca-visitor-visa--vu,ircc-ptime,CA,visa,backward,ca-visitor-visa,Visitor visa (applying from outside Canada),VU,Vanuatu,No processing time available,,,unavailable,2026-09-22,2026-09-25T00:45:26.696Z,https://www.canada.ca/content/dam/ircc/documents/json/data-ptime-en.json,official,active,,,2026-09-25T01:18:44.823Z
ca-visitor-visa--wb,ircc-ptime,CA,visa,backward,ca-visitor-visa,Visitor visa (applying from outside Canada),WB,WB,1 days,1,days,ok,2026-09-22,2026-09-25T00:45:26.696Z,https://www.canada.ca/content/dam/ircc/documents/json/data-ptime-en.json,official,active,,,2026-09-25T01:18:44.823Z
ca-visitor-visa--ws,ircc-ptime,CA,visa,backward,ca-visitor-visa,Visitor visa (applying from outside Canada),WS,Samoa,No processing time available,,,unavailable,2026-09-22,2026-09-25T00:45:26.696Z,https://www.canada.ca/content/dam/ircc/documents/json/data-ptime-en.json,official,active,,,2026-09-25T01:18:44.823Z
ca-visitor-visa--xk,ircc-ptime,CA,visa,backward,ca-visitor-visa,Visitor visa (applying from outside Canada),XK,Kosovo,38 days,38,days,ok,2026-09-22,2026-09-25T00:45:26.696Z,https://www.canada.ca/content/dam/ircc/documents/json/data-ptime-en.json,official,active,,,2026-09-25T01:18:44.823Z
ca-visitor-visa--ye,ircc-ptime,CA,visa,backward,ca-visitor-visa,Visitor visa (applying from outside Canada),YE,Yemen,52 days,52,days,ok,2026-09-22,2026-09-25T00:45:26.696Z,https://www.canada.ca/content/dam/ircc/documents/json/data-ptime-en.json,official,active,,,2026-09-25T01:18:44.823Z
ca-visitor-visa--za,ircc-ptime,CA,visa,backward,ca-visitor-visa,Visitor visa (applying from outside Canada),ZA,South Africa,180 days,180,days,ok,2026-09-22,2026-09-25T00:45:26.696Z,https://www.canada.ca/content/dam/ircc/documents/json/data-ptime-en.json,official,active,,,2026-09-25T01:18:44.823Z
ca-visitor-visa--zm,ircc-ptime,CA,visa,backward,ca-visitor-visa,Visitor visa (applying from outside Canada),ZM,Zambia,253 days,253,days,ok,2026-09-22,2026-09-25T00:45:26.696Z,https://www.canada.ca/content/dam/ircc/documents/json/data-ptime-en.json,official,active,,,2026-09-25T01:18:44.823Z
ca-visitor-visa--zw,ircc-ptime,CA,visa,backward,ca-visitor-visa,Visitor visa (applying from outside Canada),ZW,Zimbabwe,147 days,147,days,ok,2026-09-22,2026-09-25T00:45:26.696Z,https://www.canada.ca/content/dam/ircc/documents/json/data-ptime-en.json,official,active,,,2026-09-25T01:18:44.823Z
ca-visitor-visa-inside,ircc-noncountry,CA,visa,published,ca-visitor-visa-inside,Visitor visa (applying from inside Canada),,,11 days,11,days,ok,2026-09-22,2026-09-25T00:45:33.675Z,https://www.canada.ca/content/dam/ircc/documents/json/data-ptime-non-country-en.json,official,active,,,2026-09-25T01:18:50.817Z
ca-work-permit--ad,ircc-ptime,CA,permit,backward,ca-work-permit,Work permit (applying from outside Canada),AD,Andorra,No processing time available,,,unavailable,2026-09-22,2026-09-25T00:45:26.696Z,https://www.canada.ca/content/dam/ircc/documents/json/data-ptime-en.json,official,active,,,2026-09-25T01:18:44.823Z
ca-work-permit--ae,ircc-ptime,CA,permit,backward,ca-work-permit,Work permit (applying from outside Canada),AE,United Arab Emirates,7 weeks,49,weeks,ok,2026-09-22,2026-09-25T00:45:26.696Z,https://www.canada.ca/content/dam/ircc/documents/json/data-ptime-en.json,official,active,,,2026-09-25T01:18:44.823Z
ca-work-permit--af,ircc-ptime,CA,permit,backward,ca-work-permit,Work permit (applying from outside Canada),AF,Afghanistan,No processing time available,,,unavailable,2026-09-22,2026-09-25T00:45:26.696Z,https://www.canada.ca/content/dam/ircc/documents/json/data-ptime-en.json,official,active,,,2026-09-25T01:18:44.823Z
ca-work-permit--ag,ircc-ptime,CA,permit,backward,ca-work-permit,Work permit (applying from outside Canada),AG,Antigua & Barbuda,No processing time available,,,unavailable,2026-09-22,2026-09-25T00:45:26.696Z,https://www.canada.ca/content/dam/ircc/documents/json/data-ptime-en.json,official,active,,,2026-09-25T01:18:44.823Z
ca-work-permit--ai,ircc-ptime,CA,permit,backward,ca-work-permit,Work permit (applying from outside Canada),AI,Anguilla,No processing time available,,,unavailable,2026-09-22,2026-09-25T00:45:26.696Z,https://www.canada.ca/content/dam/ircc/documents/json/data-ptime-en.json,official,active,,,2026-09-25T01:18:44.823Z
ca-work-permit--al,ircc-ptime,CA,permit,backward,ca-work-permit,Work permit (applying from outside Canada),AL,Albania,No processing time available,,,unavailable,2026-09-22,2026-09-25T00:45:26.696Z,https://www.canada.ca/content/dam/ircc/documents/json/data-ptime-en.json,official,active,,,2026-09-25T01:18:44.823Z
ca-work-permit--am,ircc-ptime,CA,permit,backward,ca-work-permit,Work permit (applying from outside Canada),AM,Armenia,No processing time available,,,unavailable,2026-09-22,2026-09-25T00:45:26.696Z,https://www.canada.ca/content/dam/ircc/documents/json/data-ptime-en.json,official,active,,,2026-09-25T01:18:44.823Z
ca-work-permit--ao,ircc-ptime,CA,permit,backward,ca-work-permit,Work permit (applying from outside Canada),AO,Angola,No processing time available,,,unavailable,2026-09-22,2026-09-25T00:45:26.696Z,https://www.canada.ca/content/dam/ircc/documents/json/data-ptime-en.json,official,active,,,2026-09-25T01:18:44.823Z
ca-work-permit--ar,ircc-ptime,CA,permit,backward,ca-work-permit,Work permit (applying from outside Canada),AR,Argentina,No processing time available,,,unavailable,2026-09-22,2026-09-25T00:45:26.696Z,https://www.canada.ca/content/dam/ircc/documents/json/data-ptime-en.json,official,active,,,2026-09-25T01:18:44.823Z
ca-work-permit--at,ircc-ptime,CA,permit,backward,ca-work-permit,Work permit (applying from outside Canada),AT,Austria,No processing time available,,,unavailable,2026-09-22,2026-09-25T00:45:26.696Z,https://www.canada.ca/content/dam/ircc/documents/json/data-ptime-en.json,official,active,,,2026-09-25T01:18:44.823Z
ca-work-permit--au,ircc-ptime,CA,permit,backward,ca-work-permit,Work permit (applying from outside Canada),AU,Australia,7 weeks,49,weeks,ok,2026-09-22,2026-09-25T00:45:26.696Z,https://www.canada.ca/content/dam/ircc/documents/json/data-ptime-en.json,official,active,,,2026-09-25T01:18:44.823Z
ca-work-permit--aw,ircc-ptime,CA,permit,backward,ca-work-permit,Work permit (applying from outside Canada),AW,Aruba,No processing time available,,,unavailable,2026-09-22,2026-09-25T00:45:26.696Z,https://www.canada.ca/content/dam/ircc/documents/json/data-ptime-en.json,official,active,,,2026-09-25T01:18:44.823Z
ca-work-permit--az,ircc-ptime,CA,permit,backward,ca-work-permit,Work permit (applying from outside Canada),AZ,Azerbaijan,No processing time available,,,unavailable,2026-09-22,2026-09-25T00:45:26.696Z,https://www.canada.ca/content/dam/ircc/documents/json/data-ptime-en.json,official,active,,,2026-09-25T01:18:44.823Z
ca-work-permit--ba,ircc-ptime,CA,permit,backward,ca-work-permit,Work permit (applying from outside Canada),BA,Bosnia & Herzegovina,No processing time available,,,unavailable,2026-09-22,2026-09-25T00:45:26.696Z,https://www.canada.ca/content/dam/ircc/documents/json/data-ptime-en.json,official,active,,,2026-09-25T01:18:44.823Z
ca-work-permit--bb,ircc-ptime,CA,permit,backward,ca-work-permit,Work permit (applying from outside Canada),BB,Barbados,No processing time available,,,unavailable,2026-09-22,2026-09-25T00:45:26.696Z,https://www.canada.ca/content/dam/ircc/documents/json/data-ptime-en.json,official,active,,,2026-09-25T01:18:44.823Z
ca-work-permit--bd,ircc-ptime,CA,permit,backward,ca-work-permit,Work permit (applying from outside Canada),BD,Bangladesh,10 weeks,70,weeks,ok,2026-09-22,2026-09-25T00:45:26.696Z,https://www.canada.ca/content/dam/ircc/documents/json/data-ptime-en.json,official,active,,,2026-09-25T01:18:44.823Z
ca-work-permit--be,ircc-ptime,CA,permit,backward,ca-work-permit,Work permit (applying from outside Canada),BE,Belgium,2 weeks,14,weeks,ok,2026-09-22,2026-09-25T00:45:26.696Z,https://www.canada.ca/content/dam/ircc/documents/json/data-ptime-en.json,official,active,,,2026-09-25T01:18:44.823Z
ca-work-permit--bf,ircc-ptime,CA,permit,backward,ca-work-permit,Work permit (applying from outside Canada),BF,Burkina Faso,No processing time available,,,unavailable,2026-09-22,2026-09-25T00:45:26.696Z,https://www.canada.ca/content/dam/ircc/documents/json/data-ptime-en.json,official,active,,,2026-09-25T01:18:44.823Z
ca-work-permit--bg,ircc-ptime,CA,permit,backward,ca-work-permit,Work permit (applying from outside Canada),BG,Bulgaria,No processing time available,,,unavailable,2026-09-22,2026-09-25T00:45:26.696Z,https://www.canada.ca/content/dam/ircc/documents/json/data-ptime-en.json,official,active,,,2026-09-25T01:18:44.823Z
ca-work-permit--bh,ircc-ptime,CA,permit,backward,ca-work-permit,Work permit (applying from outside Canada),BH,Bahrain,No processing time available,,,unavailable,2026-09-22,2026-09-25T00:45:26.696Z,https://www.canada.ca/content/dam/ircc/documents/json/data-ptime-en.json,official,active,,,2026-09-25T01:18:44.823Z
ca-work-permit--bi,ircc-ptime,CA,permit,backward,ca-work-permit,Work permit (applying from outside Canada),BI,Burundi,No processing time available,,,unavailable,2026-09-22,2026-09-25T00:45:26.696Z,https://www.canada.ca/content/dam/ircc/documents/json/data-ptime-en.json,official,active,,,2026-09-25T01:18:44.823Z
ca-work-permit--bj,ircc-ptime,CA,permit,backward,ca-work-permit,Work permit (applying from outside Canada),BJ,Benin,No processing time available,,,unavailable,2026-09-22,2026-09-25T00:45:26.696Z,https://www.canada.ca/content/dam/ircc/documents/json/data-ptime-en.json,official,active,,,2026-09-25T01:18:44.823Z
ca-work-permit--bm,ircc-ptime,CA,permit,backward,ca-work-permit,Work permit (applying from outside Canada),BM,Bermuda,No processing time available,,,unavailable,2026-09-22,2026-09-25T00:45:26.696Z,https://www.canada.ca/content/dam/ircc/documents/json/data-ptime-en.json,official,active,,,2026-09-25T01:18:44.823Z
ca-work-permit--bn,ircc-ptime,CA,permit,backward,ca-work-permit,Work permit (applying from outside Canada),BN,Brunei,No processing time available,,,unavailable,2026-09-22,2026-09-25T00:45:26.696Z,https://www.canada.ca/content/dam/ircc/documents/json/data-ptime-en.json,official,active,,,2026-09-25T01:18:44.823Z
ca-work-permit--bo,ircc-ptime,CA,permit,backward,ca-work-permit,Work permit (applying from outside Canada),BO,Bolivia,No processing time available,,,unavailable,2026-09-22,2026-09-25T00:45:26.696Z,https://www.canada.ca/content/dam/ircc/documents/json/data-ptime-en.json,official,active,,,2026-09-25T01:18:44.823Z
ca-work-permit--bq,ircc-ptime,CA,permit,backward,ca-work-permit,Work permit (applying from outside Canada),BQ,Caribbean Netherlands,No processing time available,,,unavailable,2026-09-22,2026-09-25T00:45:26.696Z,https://www.canada.ca/content/dam/ircc/documents/json/data-ptime-en.json,official,active,,,2026-09-25T01:18:44.823Z
ca-work-permit--br,ircc-ptime,CA,permit,backward,ca-work-permit,Work permit (applying from outside Canada),BR,Brazil,4 weeks,28,weeks,ok,2026-09-22,2026-09-25T00:45:26.696Z,https://www.canada.ca/content/dam/ircc/documents/json/data-ptime-en.json,official,active,,,2026-09-25T01:18:44.823Z
ca-work-permit--bs,ircc-ptime,CA,permit,backward,ca-work-permit,Work permit (applying from outside Canada),BS,Bahamas,No processing time available,,,unavailable,2026-09-22,2026-09-25T00:45:26.696Z,https://www.canada.ca/content/dam/ircc/documents/json/data-ptime-en.json,official,active,,,2026-09-25T01:18:44.823Z
ca-work-permit--bt,ircc-ptime,CA,permit,backward,ca-work-permit,Work permit (applying from outside Canada),BT,Bhutan,No processing time available,,,unavailable,2026-09-22,2026-09-25T00:45:26.696Z,https://www.canada.ca/content/dam/ircc/documents/json/data-ptime-en.json,official,active,,,2026-09-25T01:18:44.823Z
ca-work-permit--bw,ircc-ptime,CA,permit,backward,ca-work-permit,Work permit (applying from outside Canada),BW,Botswana,No processing time available,,,unavailable,2026-09-22,2026-09-25T00:45:26.696Z,https://www.canada.ca/content/dam/ircc/documents/json/data-ptime-en.json,official,active,,,2026-09-25T01:18:44.823Z
ca-work-permit--by,ircc-ptime,CA,permit,backward,ca-work-permit,Work permit (applying from outside Canada),BY,Belarus,No processing time available,,,unavailable,2026-09-22,2026-09-25T00:45:26.696Z,https://www.canada.ca/content/dam/ircc/documents/json/data-ptime-en.json,official,active,,,2026-09-25T01:18:44.823Z
ca-work-permit--bz,ircc-ptime,CA,permit,backward,ca-work-permit,Work permit (applying from outside Canada),BZ,Belize,No processing time available,,,unavailable,2026-09-22,2026-09-25T00:45:26.696Z,https://www.canada.ca/content/dam/ircc/documents/json/data-ptime-en.json,official,active,,,2026-09-25T01:18:44.823Z
ca-work-permit--ca,ircc-ptime,CA,permit,backward,ca-work-permit,Work permit (applying from outside Canada),CA,Canada,16 weeks,112,weeks,ok,2026-09-22,2026-09-25T00:45:26.696Z,https://www.canada.ca/content/dam/ircc/documents/json/data-ptime-en.json,official,active,,,2026-09-25T01:18:44.823Z
ca-work-permit--cd,ircc-ptime,CA,permit,backward,ca-work-permit,Work permit (applying from outside Canada),CD,Congo - Kinshasa,No processing time available,,,unavailable,2026-09-22,2026-09-25T00:45:26.696Z,https://www.canada.ca/content/dam/ircc/documents/json/data-ptime-en.json,official,active,,,2026-09-25T01:18:44.823Z
ca-work-permit--cf,ircc-ptime,CA,permit,backward,ca-work-permit,Work permit (applying from outside Canada),CF,Central African Republic,No processing time available,,,unavailable,2026-09-22,2026-09-25T00:45:26.696Z,https://www.canada.ca/content/dam/ircc/documents/json/data-ptime-en.json,official,active,,,2026-09-25T01:18:44.823Z
ca-work-permit--cg,ircc-ptime,CA,permit,backward,ca-work-permit,Work permit (applying from outside Canada),CG,Congo - Brazzaville,No processing time available,,,unavailable,2026-09-22,2026-09-25T00:45:26.696Z,https://www.canada.ca/content/dam/ircc/documents/json/data-ptime-en.json,official,active,,,2026-09-25T01:18:44.823Z
ca-work-permit--ch,ircc-ptime,CA,permit,backward,ca-work-permit,Work permit (applying from outside Canada),CH,Switzerland,No processing time available,,,unavailable,2026-09-22,2026-09-25T00:45:26.696Z,https://www.canada.ca/content/dam/ircc/documents/json/data-ptime-en.json,official,active,,,2026-09-25T01:18:44.823Z
ca-work-permit--ci,ircc-ptime,CA,permit,backward,ca-work-permit,Work permit (applying from outside Canada),CI,Côte d’Ivoire,11 weeks,77,weeks,ok,2026-09-22,2026-09-25T00:45:26.696Z,https://www.canada.ca/content/dam/ircc/documents/json/data-ptime-en.json,official,active,,,2026-09-25T01:18:44.823Z
ca-work-permit--cl,ircc-ptime,CA,permit,backward,ca-work-permit,Work permit (applying from outside Canada),CL,Chile,4 weeks,28,weeks,ok,2026-09-22,2026-09-25T00:45:26.696Z,https://www.canada.ca/content/dam/ircc/documents/json/data-ptime-en.json,official,active,,,2026-09-25T01:18:44.823Z
ca-work-permit--cm,ircc-ptime,CA,permit,backward,ca-work-permit,Work permit (applying from outside Canada),CM,Cameroon,8 weeks,56,weeks,ok,2026-09-22,2026-09-25T00:45:26.696Z,https://www.canada.ca/content/dam/ircc/documents/json/data-ptime-en.json,official,active,,,2026-09-25T01:18:44.823Z
ca-work-permit--cn,ircc-ptime,CA,permit,backward,ca-work-permit,Work permit (applying from outside Canada),CN,China,4 weeks,28,weeks,ok,2026-09-22,2026-09-25T00:45:26.696Z,https://www.canada.ca/content/dam/ircc/documents/json/data-ptime-en.json,official,active,,,2026-09-25T01:18:44.823Z
ca-work-permit--co,ircc-ptime,CA,permit,backward,ca-work-permit,Work permit (applying from outside Canada),CO,Colombia,5 weeks,35,weeks,ok,2026-09-22,2026-09-25T00:45:26.696Z,https://www.canada.ca/content/dam/ircc/documents/json/data-ptime-en.json,official,active,,,2026-09-25T01:18:44.823Z
ca-work-permit--cr,ircc-ptime,CA,permit,backward,ca-work-permit,Work permit (applying from outside Canada),CR,Costa Rica,No processing time available,,,unavailable,2026-09-22,2026-09-25T00:45:26.696Z,https://www.canada.ca/content/dam/ircc/documents/json/data-ptime-en.json,official,active,,,2026-09-25T01:18:44.823Z
ca-work-permit--cu,ircc-ptime,CA,permit,backward,ca-work-permit,Work permit (applying from outside Canada),CU,Cuba,No processing time available,,,unavailable,2026-09-22,2026-09-25T00:45:26.696Z,https://www.canada.ca/content/dam/ircc/documents/json/data-ptime-en.json,official,active,,,2026-09-25T01:18:44.823Z
ca-work-permit--cv,ircc-ptime,CA,permit,backward,ca-work-permit,Work permit (applying from outside Canada),CV,Cape Verde,No processing time available,,,unavailable,2026-09-22,2026-09-25T00:45:26.696Z,https://www.canada.ca/content/dam/ircc/documents/json/data-ptime-en.json,official,active,,,2026-09-25T01:18:44.823Z
ca-work-permit--cy,ircc-ptime,CA,permit,backward,ca-work-permit,Work permit (applying from outside Canada),CY,Cyprus,No processing time available,,,unavailable,2026-09-22,2026-09-25T00:45:26.696Z,https://www.canada.ca/content/dam/ircc/documents/json/data-ptime-en.json,official,active,,,2026-09-25T01:18:44.823Z
ca-work-permit--cz,ircc-ptime,CA,permit,backward,ca-work-permit,Work permit (applying from outside Canada),CZ,Czechia,No processing time available,,,unavailable,2026-09-22,2026-09-25T00:45:26.696Z,https://www.canada.ca/content/dam/ircc/documents/json/data-ptime-en.json,official,active,,,2026-09-25T01:18:44.823Z
ca-work-permit--de,ircc-ptime,CA,permit,backward,ca-work-permit,Work permit (applying from outside Canada),DE,Germany,6 weeks,42,weeks,ok,2026-09-22,2026-09-25T00:45:26.696Z,https://www.canada.ca/content/dam/ircc/documents/json/data-ptime-en.json,official,active,,,2026-09-25T01:18:44.823Z
ca-work-permit--dj,ircc-ptime,CA,permit,backward,ca-work-permit,Work permit (applying from outside Canada),DJ,Djibouti,No processing time available,,,unavailable,2026-09-22,2026-09-25T00:45:26.696Z,https://www.canada.ca/content/dam/ircc/documents/json/data-ptime-en.json,official,active,,,2026-09-25T01:18:44.823Z
ca-work-permit--dk,ircc-ptime,CA,permit,backward,ca-work-permit,Work permit (applying from outside Canada),DK,Denmark,No processing time available,,,unavailable,2026-09-22,2026-09-25T00:45:26.696Z,https://www.canada.ca/content/dam/ircc/documents/json/data-ptime-en.json,official,active,,,2026-09-25T01:18:44.823Z
ca-work-permit--dm,ircc-ptime,CA,permit,backward,ca-work-permit,Work permit (applying from outside Canada),DM,Dominica,No processing time available,,,unavailable,2026-09-22,2026-09-25T00:45:26.696Z,https://www.canada.ca/content/dam/ircc/documents/json/data-ptime-en.json,official,active,,,2026-09-25T01:18:44.823Z
ca-work-permit--do,ircc-ptime,CA,permit,backward,ca-work-permit,Work permit (applying from outside Canada),DO,Dominican Republic,6 weeks,42,weeks,ok,2026-09-22,2026-09-25T00:45:26.696Z,https://www.canada.ca/content/dam/ircc/documents/json/data-ptime-en.json,official,active,,,2026-09-25T01:18:44.823Z
ca-work-permit--dz,ircc-ptime,CA,permit,backward,ca-work-permit,Work permit (applying from outside Canada),DZ,Algeria,10 weeks,70,weeks,ok,2026-09-22,2026-09-25T00:45:26.696Z,https://www.canada.ca/content/dam/ircc/documents/json/data-ptime-en.json,official,active,,,2026-09-25T01:18:44.823Z
ca-work-permit--ec,ircc-ptime,CA,permit,backward,ca-work-permit,Work permit (applying from outside Canada),EC,Ecuador,5 weeks,35,weeks,ok,2026-09-22,2026-09-25T00:45:26.696Z,https://www.canada.ca/content/dam/ircc/documents/json/data-ptime-en.json,official,active,,,2026-09-25T01:18:44.823Z
ca-work-permit--ee,ircc-ptime,CA,permit,backward,ca-work-permit,Work permit (applying from outside Canada),EE,Estonia,No processing time available,,,unavailable,2026-09-22,2026-09-25T00:45:26.696Z,https://www.canada.ca/content/dam/ircc/documents/json/data-ptime-en.json,official,active,,,2026-09-25T01:18:44.823Z
ca-work-permit--eg,ircc-ptime,CA,permit,backward,ca-work-permit,Work permit (applying from outside Canada),EG,Egypt,9 weeks,63,weeks,ok,2026-09-22,2026-09-25T00:45:26.696Z,https://www.canada.ca/content/dam/ircc/documents/json/data-ptime-en.json,official,active,,,2026-09-25T01:18:44.823Z
ca-work-permit--er,ircc-ptime,CA,permit,backward,ca-work-permit,Work permit (applying from outside Canada),ER,Eritrea,No processing time available,,,unavailable,2026-09-22,2026-09-25T00:45:26.696Z,https://www.canada.ca/content/dam/ircc/documents/json/data-ptime-en.json,official,active,,,2026-09-25T01:18:44.823Z
ca-work-permit--es,ircc-ptime,CA,permit,backward,ca-work-permit,Work permit (applying from outside Canada),ES,Spain,2 weeks,14,weeks,ok,2026-09-22,2026-09-25T00:45:26.696Z,https://www.canada.ca/content/dam/ircc/documents/json/data-ptime-en.json,official,active,,,2026-09-25T01:18:44.823Z
ca-work-permit--et,ircc-ptime,CA,permit,backward,ca-work-permit,Work permit (applying from outside Canada),ET,Ethiopia,No processing time available,,,unavailable,2026-09-22,2026-09-25T00:45:26.696Z,https://www.canada.ca/content/dam/ircc/documents/json/data-ptime-en.json,official,active,,,2026-09-25T01:18:44.823Z
ca-work-permit--fi,ircc-ptime,CA,permit,backward,ca-work-permit,Work permit (applying from outside Canada),FI,Finland,No processing time available,,,unavailable,2026-09-22,2026-09-25T00:45:26.696Z,https://www.canada.ca/content/dam/ircc/documents/json/data-ptime-en.json,official,active,,,2026-09-25T01:18:44.823Z
ca-work-permit--fj,ircc-ptime,CA,permit,backward,ca-work-permit,Work permit (applying from outside Canada),FJ,Fiji,No processing time available,,,unavailable,2026-09-22,2026-09-25T00:45:26.696Z,https://www.canada.ca/content/dam/ircc/documents/json/data-ptime-en.json,official,active,,,2026-09-25T01:18:44.823Z
ca-work-permit--fm,ircc-ptime,CA,permit,backward,ca-work-permit,Work permit (applying from outside Canada),FM,Micronesia,No processing time available,,,unavailable,2026-09-22,2026-09-25T00:45:26.696Z,https://www.canada.ca/content/dam/ircc/documents/json/data-ptime-en.json,official,active,,,2026-09-25T01:18:44.823Z
ca-work-permit--fr,ircc-ptime,CA,permit,backward,ca-work-permit,Work permit (applying from outside Canada),FR,France,3 weeks,21,weeks,ok,2026-09-22,2026-09-25T00:45:26.696Z,https://www.canada.ca/content/dam/ircc/documents/json/data-ptime-en.json,official,active,,,2026-09-25T01:18:44.823Z
ca-work-permit--ga,ircc-ptime,CA,permit,backward,ca-work-permit,Work permit (applying from outside Canada),GA,Gabon,No processing time available,,,unavailable,2026-09-22,2026-09-25T00:45:26.696Z,https://www.canada.ca/content/dam/ircc/documents/json/data-ptime-en.json,official,active,,,2026-09-25T01:18:44.823Z
ca-work-permit--gb,ircc-ptime,CA,permit,backward,ca-work-permit,Work permit (applying from outside Canada),GB,United Kingdom,4 weeks,28,weeks,ok,2026-09-22,2026-09-25T00:45:26.696Z,https://www.canada.ca/content/dam/ircc/documents/json/data-ptime-en.json,official,active,,,2026-09-25T01:18:44.823Z
ca-work-permit--gd,ircc-ptime,CA,permit,backward,ca-work-permit,Work permit (applying from outside Canada),GD,Grenada,No processing time available,,,unavailable,2026-09-22,2026-09-25T00:45:26.696Z,https://www.canada.ca/content/dam/ircc/documents/json/data-ptime-en.json,official,active,,,2026-09-25T01:18:44.823Z
ca-work-permit--ge,ircc-ptime,CA,permit,backward,ca-work-permit,Work permit (applying from outside Canada),GE,Georgia,No processing time available,,,unavailable,2026-09-22,2026-09-25T00:45:26.696Z,https://www.canada.ca/content/dam/ircc/documents/json/data-ptime-en.json,official,active,,,2026-09-25T01:18:44.823Z
ca-work-permit--gh,ircc-ptime,CA,permit,backward,ca-work-permit,Work permit (applying from outside Canada),GH,Ghana,21 weeks,147,weeks,ok,2026-09-22,2026-09-25T00:45:26.696Z,https://www.canada.ca/content/dam/ircc/documents/json/data-ptime-en.json,official,active,,,2026-09-25T01:18:44.823Z
ca-work-permit--gl,ircc-ptime,CA,permit,backward,ca-work-permit,Work permit (applying from outside Canada),GL,Greenland,No processing time available,,,unavailable,2026-09-22,2026-09-25T00:45:26.696Z,https://www.canada.ca/content/dam/ircc/documents/json/data-ptime-en.json,official,active,,,2026-09-25T01:18:44.823Z
ca-work-permit--gm,ircc-ptime,CA,permit,backward,ca-work-permit,Work permit (applying from outside Canada),GM,Gambia,No processing time available,,,unavailable,2026-09-22,2026-09-25T00:45:26.696Z,https://www.canada.ca/content/dam/ircc/documents/json/data-ptime-en.json,official,active,,,2026-09-25T01:18:44.823Z
ca-work-permit--gn,ircc-ptime,CA,permit,backward,ca-work-permit,Work permit (applying from outside Canada),GN,Guinea,No processing time available,,,unavailable,2026-09-22,2026-09-25T00:45:26.696Z,https://www.canada.ca/content/dam/ircc/documents/json/data-ptime-en.json,official,active,,,2026-09-25T01:18:44.823Z
ca-work-permit--gq,ircc-ptime,CA,permit,backward,ca-work-permit,Work permit (applying from outside Canada),GQ,Equatorial Guinea,No processing time available,,,unavailable,2026-09-22,2026-09-25T00:45:26.696Z,https://www.canada.ca/content/dam/ircc/documents/json/data-ptime-en.json,official,active,,,2026-09-25T01:18:44.823Z
ca-work-permit--gr,ircc-ptime,CA,permit,backward,ca-work-permit,Work permit (applying from outside Canada),GR,Greece,No processing time available,,,unavailable,2026-09-22,2026-09-25T00:45:26.696Z,https://www.canada.ca/content/dam/ircc/documents/json/data-ptime-en.json,official,active,,,2026-09-25T01:18:44.823Z
ca-work-permit--gt,ircc-ptime,CA,permit,backward,ca-work-permit,Work permit (applying from outside Canada),GT,Guatemala,1 week,7,weeks,ok,2026-09-22,2026-09-25T00:45:26.696Z,https://www.canada.ca/content/dam/ircc/documents/json/data-ptime-en.json,official,active,,,2026-09-25T01:18:44.823Z
ca-work-permit--gw,ircc-ptime,CA,permit,backward,ca-work-permit,Work permit (applying from outside Canada),GW,Guinea-Bissau,No processing time available,,,unavailable,2026-09-22,2026-09-25T00:45:26.696Z,https://www.canada.ca/content/dam/ircc/documents/json/data-ptime-en.json,official,active,,,2026-09-25T01:18:44.823Z
ca-work-permit--gy,ircc-ptime,CA,permit,backward,ca-work-permit,Work permit (applying from outside Canada),GY,Guyana,No processing time available,,,unavailable,2026-09-22,2026-09-25T00:45:26.696Z,https://www.canada.ca/content/dam/ircc/documents/json/data-ptime-en.json,official,active,,,2026-09-25T01:18:44.823Z
ca-work-permit--hk,ircc-ptime,CA,permit,backward,ca-work-permit,Work permit (applying from outside Canada),HK,Hong Kong SAR China,16 weeks,112,weeks,ok,2026-09-22,2026-09-25T00:45:26.696Z,https://www.canada.ca/content/dam/ircc/documents/json/data-ptime-en.json,official,active,,,2026-09-25T01:18:44.823Z
ca-work-permit--hn,ircc-ptime,CA,permit,backward,ca-work-permit,Work permit (applying from outside Canada),HN,Honduras,3 weeks,21,weeks,ok,2026-09-22,2026-09-25T00:45:26.696Z,https://www.canada.ca/content/dam/ircc/documents/json/data-ptime-en.json,official,active,,,2026-09-25T01:18:44.823Z
ca-work-permit--hr,ircc-ptime,CA,permit,backward,ca-work-permit,Work permit (applying from outside Canada),HR,Croatia,No processing time available,,,unavailable,2026-09-22,2026-09-25T00:45:26.696Z,https://www.canada.ca/content/dam/ircc/documents/json/data-ptime-en.json,official,active,,,2026-09-25T01:18:44.823Z
ca-work-permit--ht,ircc-ptime,CA,permit,backward,ca-work-permit,Work permit (applying from outside Canada),HT,Haiti,6 weeks,42,weeks,ok,2026-09-22,2026-09-25T00:45:26.696Z,https://www.canada.ca/content/dam/ircc/documents/json/data-ptime-en.json,official,active,,,2026-09-25T01:18:44.823Z
ca-work-permit--hu,ircc-ptime,CA,permit,backward,ca-work-permit,Work permit (applying from outside Canada),HU,Hungary,No processing time available,,,unavailable,2026-09-22,2026-09-25T00:45:26.696Z,https://www.canada.ca/content/dam/ircc/documents/json/data-ptime-en.json,official,active,,,2026-09-25T01:18:44.823Z
ca-work-permit--id,ircc-ptime,CA,permit,backward,ca-work-permit,Work permit (applying from outside Canada),ID,Indonesia,No processing time available,,,unavailable,2026-09-22,2026-09-25T00:45:26.696Z,https://www.canada.ca/content/dam/ircc/documents/json/data-ptime-en.json,official,active,,,2026-09-25T01:18:44.823Z
ca-work-permit--ie,ircc-ptime,CA,permit,backward,ca-work-permit,Work permit (applying from outside Canada),IE,Ireland,No processing time available,,,unavailable,2026-09-22,2026-09-25T00:45:26.696Z,https://www.canada.ca/content/dam/ircc/documents/json/data-ptime-en.json,official,active,,,2026-09-25T01:18:44.823Z
ca-work-permit--il,ircc-ptime,CA,permit,backward,ca-work-permit,Work permit (applying from outside Canada),IL,Israel,5 weeks,35,weeks,ok,2026-09-22,2026-09-25T00:45:26.696Z,https://www.canada.ca/content/dam/ircc/documents/json/data-ptime-en.json,official,active,,,2026-09-25T01:18:44.823Z
ca-work-permit--in,ircc-ptime,CA,permit,backward,ca-work-permit,Work permit (applying from outside Canada),IN,India,10 weeks,70,weeks,ok,2026-09-22,2026-09-25T00:45:26.696Z,https://www.canada.ca/content/dam/ircc/documents/json/data-ptime-en.json,official,active,,,2026-09-25T01:18:44.823Z
ca-work-permit--io,ircc-ptime,CA,permit,backward,ca-work-permit,Work permit (applying from outside Canada),IO,British Indian Ocean Territory,No processing time available,,,unavailable,2026-09-22,2026-09-25T00:45:26.696Z,https://www.canada.ca/content/dam/ircc/documents/json/data-ptime-en.json,official,active,,,2026-09-25T01:18:44.823Z
ca-work-permit--iq,ircc-ptime,CA,permit,backward,ca-work-permit,Work permit (applying from outside Canada),IQ,Iraq,No processing time available,,,unavailable,2026-09-22,2026-09-25T00:45:26.696Z,https://www.canada.ca/content/dam/ircc/documents/json/data-ptime-en.json,official,active,,,2026-09-25T01:18:44.823Z
ca-work-permit--ir,ircc-ptime,CA,permit,backward,ca-work-permit,Work permit (applying from outside Canada),IR,Iran,36 weeks,252,weeks,ok,2026-09-22,2026-09-25T00:45:26.696Z,https://www.canada.ca/content/dam/ircc/documents/json/data-ptime-en.json,official,active,,,2026-09-25T01:18:44.823Z
ca-work-permit--is,ircc-ptime,CA,permit,backward,ca-work-permit,Work permit (applying from outside Canada),IS,Iceland,No processing time available,,,unavailable,2026-09-22,2026-09-25T00:45:26.696Z,https://www.canada.ca/content/dam/ircc/documents/json/data-ptime-en.json,official,active,,,2026-09-25T01:18:44.823Z
ca-work-permit--it,ircc-ptime,CA,permit,backward,ca-work-permit,Work permit (applying from outside Canada),IT,Italy,7 weeks,49,weeks,ok,2026-09-22,2026-09-25T00:45:26.696Z,https://www.canada.ca/content/dam/ircc/documents/json/data-ptime-en.json,official,active,,,2026-09-25T01:18:44.823Z
ca-work-permit--jm,ircc-ptime,CA,permit,backward,ca-work-permit,Work permit (applying from outside Canada),JM,Jamaica,20 weeks,140,weeks,ok,2026-09-22,2026-09-25T00:45:26.696Z,https://www.canada.ca/content/dam/ircc/documents/json/data-ptime-en.json,official,active,,,2026-09-25T01:18:44.823Z
ca-work-permit--jo,ircc-ptime,CA,permit,backward,ca-work-permit,Work permit (applying from outside Canada),JO,Jordan,No processing time available,,,unavailable,2026-09-22,2026-09-25T00:45:26.696Z,https://www.canada.ca/content/dam/ircc/documents/json/data-ptime-en.json,official,active,,,2026-09-25T01:18:44.823Z
ca-work-permit--jp,ircc-ptime,CA,permit,backward,ca-work-permit,Work permit (applying from outside Canada),JP,Japan,3 weeks,21,weeks,ok,2026-09-22,2026-09-25T00:45:26.696Z,https://www.canada.ca/content/dam/ircc/documents/json/data-ptime-en.json,official,active,,,2026-09-25T01:18:44.823Z
ca-work-permit--ke,ircc-ptime,CA,permit,backward,ca-work-permit,Work permit (applying from outside Canada),KE,Kenya,5 weeks,35,weeks,ok,2026-09-22,2026-09-25T00:45:26.696Z,https://www.canada.ca/content/dam/ircc/documents/json/data-ptime-en.json,official,active,,,2026-09-25T01:18:44.823Z
ca-work-permit--kg,ircc-ptime,CA,permit,backward,ca-work-permit,Work permit (applying from outside Canada),KG,Kyrgyzstan,No processing time available,,,unavailable,2026-09-22,2026-09-25T00:45:26.696Z,https://www.canada.ca/content/dam/ircc/documents/json/data-ptime-en.json,official,active,,,2026-09-25T01:18:44.823Z
ca-work-permit--kh,ircc-ptime,CA,permit,backward,ca-work-permit,Work permit (applying from outside Canada),KH,Cambodia,No processing time available,,,unavailable,2026-09-22,2026-09-25T00:45:26.696Z,https://www.canada.ca/content/dam/ircc/documents/json/data-ptime-en.json,official,active,,,2026-09-25T01:18:44.823Z
ca-work-permit--ki,ircc-ptime,CA,permit,backward,ca-work-permit,Work permit (applying from outside Canada),KI,Kiribati,No processing time available,,,unavailable,2026-09-22,2026-09-25T00:45:26.696Z,https://www.canada.ca/content/dam/ircc/documents/json/data-ptime-en.json,official,active,,,2026-09-25T01:18:44.823Z
ca-work-permit--km,ircc-ptime,CA,permit,backward,ca-work-permit,Work permit (applying from outside Canada),KM,Comoros,No processing time available,,,unavailable,2026-09-22,2026-09-25T00:45:26.696Z,https://www.canada.ca/content/dam/ircc/documents/json/data-ptime-en.json,official,active,,,2026-09-25T01:18:44.823Z
ca-work-permit--kn,ircc-ptime,CA,permit,backward,ca-work-permit,Work permit (applying from outside Canada),KN,St. Kitts & Nevis,No processing time available,,,unavailable,2026-09-22,2026-09-25T00:45:26.696Z,https://www.canada.ca/content/dam/ircc/documents/json/data-ptime-en.json,official,active,,,2026-09-25T01:18:44.823Z
ca-work-permit--kp,ircc-ptime,CA,permit,backward,ca-work-permit,Work permit (applying from outside Canada),KP,North Korea,No processing time available,,,unavailable,2026-09-22,2026-09-25T00:45:26.696Z,https://www.canada.ca/content/dam/ircc/documents/json/data-ptime-en.json,official,active,,,2026-09-25T01:18:44.823Z
ca-work-permit--kr,ircc-ptime,CA,permit,backward,ca-work-permit,Work permit (applying from outside Canada),KR,South Korea,6 weeks,42,weeks,ok,2026-09-22,2026-09-25T00:45:26.696Z,https://www.canada.ca/content/dam/ircc/documents/json/data-ptime-en.json,official,active,,,2026-09-25T01:18:44.823Z
ca-work-permit--kw,ircc-ptime,CA,permit,backward,ca-work-permit,Work permit (applying from outside Canada),KW,Kuwait,No processing time available,,,unavailable,2026-09-22,2026-09-25T00:45:26.696Z,https://www.canada.ca/content/dam/ircc/documents/json/data-ptime-en.json,official,active,,,2026-09-25T01:18:44.823Z
ca-work-permit--ky,ircc-ptime,CA,permit,backward,ca-work-permit,Work permit (applying from outside Canada),KY,Cayman Islands,No processing time available,,,unavailable,2026-09-22,2026-09-25T00:45:26.696Z,https://www.canada.ca/content/dam/ircc/documents/json/data-ptime-en.json,official,active,,,2026-09-25T01:18:44.823Z
ca-work-permit--kz,ircc-ptime,CA,permit,backward,ca-work-permit,Work permit (applying from outside Canada),KZ,Kazakhstan,No processing time available,,,unavailable,2026-09-22,2026-09-25T00:45:26.696Z,https://www.canada.ca/content/dam/ircc/documents/json/data-ptime-en.json,official,active,,,2026-09-25T01:18:44.823Z
ca-work-permit--la,ircc-ptime,CA,permit,backward,ca-work-permit,Work permit (applying from outside Canada),LA,Laos,No processing time available,,,unavailable,2026-09-22,2026-09-25T00:45:26.696Z,https://www.canada.ca/content/dam/ircc/documents/json/data-ptime-en.json,official,active,,,2026-09-25T01:18:44.823Z
ca-work-permit--lb,ircc-ptime,CA,permit,backward,ca-work-permit,Work permit (applying from outside Canada),LB,Lebanon,7 weeks,49,weeks,ok,2026-09-22,2026-09-25T00:45:26.696Z,https://www.canada.ca/content/dam/ircc/documents/json/data-ptime-en.json,official,active,,,2026-09-25T01:18:44.823Z
ca-work-permit--lc,ircc-ptime,CA,permit,backward,ca-work-permit,Work permit (applying from outside Canada),LC,St. Lucia,No processing time available,,,unavailable,2026-09-22,2026-09-25T00:45:26.696Z,https://www.canada.ca/content/dam/ircc/documents/json/data-ptime-en.json,official,active,,,2026-09-25T01:18:44.823Z
ca-work-permit--li,ircc-ptime,CA,permit,backward,ca-work-permit,Work permit (applying from outside Canada),LI,Liechtenstein,No processing time available,,,unavailable,2026-09-22,2026-09-25T00:45:26.696Z,https://www.canada.ca/content/dam/ircc/documents/json/data-ptime-en.json,official,active,,,2026-09-25T01:18:44.823Z
ca-work-permit--lk,ircc-ptime,CA,permit,backward,ca-work-permit,Work permit (applying from outside Canada),LK,Sri Lanka,9 weeks,63,weeks,ok,2026-09-22,2026-09-25T00:45:26.696Z,https://www.canada.ca/content/dam/ircc/documents/json/data-ptime-en.json,official,active,,,2026-09-25T01:18:44.823Z
ca-work-permit--lr,ircc-ptime,CA,permit,backward,ca-work-permit,Work permit (applying from outside Canada),LR,Liberia,No processing time available,,,unavailable,2026-09-22,2026-09-25T00:45:26.696Z,https://www.canada.ca/content/dam/ircc/documents/json/data-ptime-en.json,official,active,,,2026-09-25T01:18:44.823Z
ca-work-permit--ls,ircc-ptime,CA,permit,backward,ca-work-permit,Work permit (applying from outside Canada),LS,Lesotho,No processing time available,,,unavailable,2026-09-22,2026-09-25T00:45:26.696Z,https://www.canada.ca/content/dam/ircc/documents/json/data-ptime-en.json,official,active,,,2026-09-25T01:18:44.823Z
ca-work-permit--lt,ircc-ptime,CA,permit,backward,ca-work-permit,Work permit (applying from outside Canada),LT,Lithuania,No processing time available,,,unavailable,2026-09-22,2026-09-25T00:45:26.696Z,https://www.canada.ca/content/dam/ircc/documents/json/data-ptime-en.json,official,active,,,2026-09-25T01:18:44.823Z
ca-work-permit--lu,ircc-ptime,CA,permit,backward,ca-work-permit,Work permit (applying from outside Canada),LU,Luxembourg,No processing time available,,,unavailable,2026-09-22,2026-09-25T00:45:26.696Z,https://www.canada.ca/content/dam/ircc/documents/json/data-ptime-en.json,official,active,,,2026-09-25T01:18:44.823Z
ca-work-permit--lv,ircc-ptime,CA,permit,backward,ca-work-permit,Work permit (applying from outside Canada),LV,Latvia,No processing time available,,,unavailable,2026-09-22,2026-09-25T00:45:26.696Z,https://www.canada.ca/content/dam/ircc/documents/json/data-ptime-en.json,official,active,,,2026-09-25T01:18:44.823Z
ca-work-permit--ly,ircc-ptime,CA,permit,backward,ca-work-permit,Work permit (applying from outside Canada),LY,Libya,2 weeks,14,weeks,ok,2026-09-22,2026-09-25T00:45:26.696Z,https://www.canada.ca/content/dam/ircc/documents/json/data-ptime-en.json,official,active,,,2026-09-25T01:18:44.823Z
ca-work-permit--ma,ircc-ptime,CA,permit,backward,ca-work-permit,Work permit (applying from outside Canada),MA,Morocco,7 weeks,49,weeks,ok,2026-09-22,2026-09-25T00:45:26.696Z,https://www.canada.ca/content/dam/ircc/documents/json/data-ptime-en.json,official,active,,,2026-09-25T01:18:44.823Z
ca-work-permit--mc,ircc-ptime,CA,permit,backward,ca-work-permit,Work permit (applying from outside Canada),MC,Monaco,No processing time available,,,unavailable,2026-09-22,2026-09-25T00:45:26.696Z,https://www.canada.ca/content/dam/ircc/documents/json/data-ptime-en.json,official,active,,,2026-09-25T01:18:44.823Z
ca-work-permit--md,ircc-ptime,CA,permit,backward,ca-work-permit,Work permit (applying from outside Canada),MD,Moldova,6 weeks,42,weeks,ok,2026-09-22,2026-09-25T00:45:26.696Z,https://www.canada.ca/content/dam/ircc/documents/json/data-ptime-en.json,official,active,,,2026-09-25T01:18:44.823Z
ca-work-permit--me,ircc-ptime,CA,permit,backward,ca-work-permit,Work permit (applying from outside Canada),ME,Montenegro,No processing time available,,,unavailable,2026-09-22,2026-09-25T00:45:26.696Z,https://www.canada.ca/content/dam/ircc/documents/json/data-ptime-en.json,official,active,,,2026-09-25T01:18:44.823Z
ca-work-permit--mg,ircc-ptime,CA,permit,backward,ca-work-permit,Work permit (applying from outside Canada),MG,Madagascar,37 weeks,259,weeks,ok,2026-09-22,2026-09-25T00:45:26.696Z,https://www.canada.ca/content/dam/ircc/documents/json/data-ptime-en.json,official,active,,,2026-09-25T01:18:44.823Z
ca-work-permit--mh,ircc-ptime,CA,permit,backward,ca-work-permit,Work permit (applying from outside Canada),MH,Marshall Islands,No processing time available,,,unavailable,2026-09-22,2026-09-25T00:45:26.696Z,https://www.canada.ca/content/dam/ircc/documents/json/data-ptime-en.json,official,active,,,2026-09-25T01:18:44.823Z
ca-work-permit--mk,ircc-ptime,CA,permit,backward,ca-work-permit,Work permit (applying from outside Canada),MK,North Macedonia,No processing time available,,,unavailable,2026-09-22,2026-09-25T00:45:26.696Z,https://www.canada.ca/content/dam/ircc/documents/json/data-ptime-en.json,official,active,,,2026-09-25T01:18:44.823Z
ca-work-permit--ml,ircc-ptime,CA,permit,backward,ca-work-permit,Work permit (applying from outside Canada),ML,Mali,No processing time available,,,unavailable,2026-09-22,2026-09-25T00:45:26.696Z,https://www.canada.ca/content/dam/ircc/documents/json/data-ptime-en.json,official,active,,,2026-09-25T01:18:44.823Z
ca-work-permit--mm,ircc-ptime,CA,permit,backward,ca-work-permit,Work permit (applying from outside Canada),MM,Myanmar (Burma),No processing time available,,,unavailable,2026-09-22,2026-09-25T00:45:26.696Z,https://www.canada.ca/content/dam/ircc/documents/json/data-ptime-en.json,official,active,,,2026-09-25T01:18:44.823Z
ca-work-permit--mn,ircc-ptime,CA,permit,backward,ca-work-permit,Work permit (applying from outside Canada),MN,Mongolia,No processing time available,,,unavailable,2026-09-22,2026-09-25T00:45:26.696Z,https://www.canada.ca/content/dam/ircc/documents/json/data-ptime-en.json,official,active,,,2026-09-25T01:18:44.823Z
ca-work-permit--mo,ircc-ptime,CA,permit,backward,ca-work-permit,Work permit (applying from outside Canada),MO,Macao SAR China,No processing time available,,,unavailable,2026-09-22,2026-09-25T00:45:26.696Z,https://www.canada.ca/content/dam/ircc/documents/json/data-ptime-en.json,official,active,,,2026-09-25T01:18:44.823Z
ca-work-permit--mq,ircc-ptime,CA,permit,backward,ca-work-permit,Work permit (applying from outside Canada),MQ,Martinique,No processing time available,,,unavailable,2026-09-22,2026-09-25T00:45:26.696Z,https://www.canada.ca/content/dam/ircc/documents/json/data-ptime-en.json,official,active,,,2026-09-25T01:18:44.823Z
ca-work-permit--mr,ircc-ptime,CA,permit,backward,ca-work-permit,Work permit (applying from outside Canada),MR,Mauritania,No processing time available,,,unavailable,2026-09-22,2026-09-25T00:45:26.696Z,https://www.canada.ca/content/dam/ircc/documents/json/data-ptime-en.json,official,active,,,2026-09-25T01:18:44.823Z
ca-work-permit--mt,ircc-ptime,CA,permit,backward,ca-work-permit,Work permit (applying from outside Canada),MT,Malta,No processing time available,,,unavailable,2026-09-22,2026-09-25T00:45:26.696Z,https://www.canada.ca/content/dam/ircc/documents/json/data-ptime-en.json,official,active,,,2026-09-25T01:18:44.823Z
ca-work-permit--mu,ircc-ptime,CA,permit,backward,ca-work-permit,Work permit (applying from outside Canada),MU,Mauritius,11 weeks,77,weeks,ok,2026-09-22,2026-09-25T00:45:26.696Z,https://www.canada.ca/content/dam/ircc/documents/json/data-ptime-en.json,official,active,,,2026-09-25T01:18:44.823Z
ca-work-permit--mv,ircc-ptime,CA,permit,backward,ca-work-permit,Work permit (applying from outside Canada),MV,Maldives,No processing time available,,,unavailable,2026-09-22,2026-09-25T00:45:26.696Z,https://www.canada.ca/content/dam/ircc/documents/json/data-ptime-en.json,official,active,,,2026-09-25T01:18:44.823Z
ca-work-permit--mw,ircc-ptime,CA,permit,backward,ca-work-permit,Work permit (applying from outside Canada),MW,Malawi,No processing time available,,,unavailable,2026-09-22,2026-09-25T00:45:26.696Z,https://www.canada.ca/content/dam/ircc/documents/json/data-ptime-en.json,official,active,,,2026-09-25T01:18:44.823Z
ca-work-permit--mx,ircc-ptime,CA,permit,backward,ca-work-permit,Work permit (applying from outside Canada),MX,Mexico,2 weeks,14,weeks,ok,2026-09-22,2026-09-25T00:45:26.696Z,https://www.canada.ca/content/dam/ircc/documents/json/data-ptime-en.json,official,active,,,2026-09-25T01:18:44.823Z
ca-work-permit--my,ircc-ptime,CA,permit,backward,ca-work-permit,Work permit (applying from outside Canada),MY,Malaysia,10 weeks,70,weeks,ok,2026-09-22,2026-09-25T00:45:26.696Z,https://www.canada.ca/content/dam/ircc/documents/json/data-ptime-en.json,official,active,,,2026-09-25T01:18:44.823Z
ca-work-permit--mz,ircc-ptime,CA,permit,backward,ca-work-permit,Work permit (applying from outside Canada),MZ,Mozambique,No processing time available,,,unavailable,2026-09-22,2026-09-25T00:45:26.696Z,https://www.canada.ca/content/dam/ircc/documents/json/data-ptime-en.json,official,active,,,2026-09-25T01:18:44.823Z
ca-work-permit--na,ircc-ptime,CA,permit,backward,ca-work-permit,Work permit (applying from outside Canada),NA,Namibia,No processing time available,,,unavailable,2026-09-22,2026-09-25T00:45:26.696Z,https://www.canada.ca/content/dam/ircc/documents/json/data-ptime-en.json,official,active,,,2026-09-25T01:18:44.823Z
ca-work-permit--nc,ircc-ptime,CA,permit,backward,ca-work-permit,Work permit (applying from outside Canada),NC,New Caledonia,No processing time available,,,unavailable,2026-09-22,2026-09-25T00:45:26.696Z,https://www.canada.ca/content/dam/ircc/documents/json/data-ptime-en.json,official,active,,,2026-09-25T01:18:44.823Z
ca-work-permit--ne,ircc-ptime,CA,permit,backward,ca-work-permit,Work permit (applying from outside Canada),NE,Niger,No processing time available,,,unavailable,2026-09-22,2026-09-25T00:45:26.696Z,https://www.canada.ca/content/dam/ircc/documents/json/data-ptime-en.json,official,active,,,2026-09-25T01:18:44.823Z
ca-work-permit--ng,ircc-ptime,CA,permit,backward,ca-work-permit,Work permit (applying from outside Canada),NG,Nigeria,10 weeks,70,weeks,ok,2026-09-22,2026-09-25T00:45:26.696Z,https://www.canada.ca/content/dam/ircc/documents/json/data-ptime-en.json,official,active,,,2026-09-25T01:18:44.823Z
ca-work-permit--ni,ircc-ptime,CA,permit,backward,ca-work-permit,Work permit (applying from outside Canada),NI,Nicaragua,4 weeks,28,weeks,ok,2026-09-22,2026-09-25T00:45:26.696Z,https://www.canada.ca/content/dam/ircc/documents/json/data-ptime-en.json,official,active,,,2026-09-25T01:18:44.823Z
ca-work-permit--nl,ircc-ptime,CA,permit,backward,ca-work-permit,Work permit (applying from outside Canada),NL,Netherlands,No processing time available,,,unavailable,2026-09-22,2026-09-25T00:45:26.696Z,https://www.canada.ca/content/dam/ircc/documents/json/data-ptime-en.json,official,active,,,2026-09-25T01:18:44.823Z
ca-work-permit--no,ircc-ptime,CA,permit,backward,ca-work-permit,Work permit (applying from outside Canada),NO,Norway,No processing time available,,,unavailable,2026-09-22,2026-09-25T00:45:26.696Z,https://www.canada.ca/content/dam/ircc/documents/json/data-ptime-en.json,official,active,,,2026-09-25T01:18:44.823Z
ca-work-permit--np,ircc-ptime,CA,permit,backward,ca-work-permit,Work permit (applying from outside Canada),NP,Nepal,9 weeks,63,weeks,ok,2026-09-22,2026-09-25T00:45:26.696Z,https://www.canada.ca/content/dam/ircc/documents/json/data-ptime-en.json,official,active,,,2026-09-25T01:18:44.823Z
ca-work-permit--nr,ircc-ptime,CA,permit,backward,ca-work-permit,Work permit (applying from outside Canada),NR,Nauru,No processing time available,,,unavailable,2026-09-22,2026-09-25T00:45:26.696Z,https://www.canada.ca/content/dam/ircc/documents/json/data-ptime-en.json,official,active,,,2026-09-25T01:18:44.823Z
ca-work-permit--nz,ircc-ptime,CA,permit,backward,ca-work-permit,Work permit (applying from outside Canada),NZ,New Zealand,No processing time available,,,unavailable,2026-09-22,2026-09-25T00:45:26.696Z,https://www.canada.ca/content/dam/ircc/documents/json/data-ptime-en.json,official,active,,,2026-09-25T01:18:44.823Z
ca-work-permit--om,ircc-ptime,CA,permit,backward,ca-work-permit,Work permit (applying from outside Canada),OM,Oman,No processing time available,,,unavailable,2026-09-22,2026-09-25T00:45:26.696Z,https://www.canada.ca/content/dam/ircc/documents/json/data-ptime-en.json,official,active,,,2026-09-25T01:18:44.823Z
ca-work-permit--pa,ircc-ptime,CA,permit,backward,ca-work-permit,Work permit (applying from outside Canada),PA,Panama,No processing time available,,,unavailable,2026-09-22,2026-09-25T00:45:26.696Z,https://www.canada.ca/content/dam/ircc/documents/json/data-ptime-en.json,official,active,,,2026-09-25T01:18:44.823Z
ca-work-permit--pe,ircc-ptime,CA,permit,backward,ca-work-permit,Work permit (applying from outside Canada),PE,Peru,5 weeks,35,weeks,ok,2026-09-22,2026-09-25T00:45:26.696Z,https://www.canada.ca/content/dam/ircc/documents/json/data-ptime-en.json,official,active,,,2026-09-25T01:18:44.823Z
ca-work-permit--pf,ircc-ptime,CA,permit,backward,ca-work-permit,Work permit (applying from outside Canada),PF,French Polynesia,No processing time available,,,unavailable,2026-09-22,2026-09-25T00:45:26.696Z,https://www.canada.ca/content/dam/ircc/documents/json/data-ptime-en.json,official,active,,,2026-09-25T01:18:44.823Z
ca-work-permit--pg,ircc-ptime,CA,permit,backward,ca-work-permit,Work permit (applying from outside Canada),PG,Papua New Guinea,No processing time available,,,unavailable,2026-09-22,2026-09-25T00:45:26.696Z,https://www.canada.ca/content/dam/ircc/documents/json/data-ptime-en.json,official,active,,,2026-09-25T01:18:44.823Z
ca-work-permit--ph,ircc-ptime,CA,permit,backward,ca-work-permit,Work permit (applying from outside Canada),PH,Philippines,6 weeks,42,weeks,ok,2026-09-22,2026-09-25T00:45:26.696Z,https://www.canada.ca/content/dam/ircc/documents/json/data-ptime-en.json,official,active,,,2026-09-25T01:18:44.823Z
ca-work-permit--pk,ircc-ptime,CA,permit,backward,ca-work-permit,Work permit (applying from outside Canada),PK,Pakistan,8 weeks,56,weeks,ok,2026-09-22,2026-09-25T00:45:26.696Z,https://www.canada.ca/content/dam/ircc/documents/json/data-ptime-en.json,official,active,,,2026-09-25T01:18:44.823Z
ca-work-permit--pl,ircc-ptime,CA,permit,backward,ca-work-permit,Work permit (applying from outside Canada),PL,Poland,No processing time available,,,unavailable,2026-09-22,2026-09-25T00:45:26.696Z,https://www.canada.ca/content/dam/ircc/documents/json/data-ptime-en.json,official,active,,,2026-09-25T01:18:44.823Z
ca-work-permit--pr,ircc-ptime,CA,permit,backward,ca-work-permit,Work permit (applying from outside Canada),PR,Puerto Rico,No processing time available,,,unavailable,2026-09-22,2026-09-25T00:45:26.696Z,https://www.canada.ca/content/dam/ircc/documents/json/data-ptime-en.json,official,active,,,2026-09-25T01:18:44.823Z
ca-work-permit--ps,ircc-ptime,CA,permit,backward,ca-work-permit,Work permit (applying from outside Canada),PS,Palestinian Territories,No processing time available,,,unavailable,2026-09-22,2026-09-25T00:45:26.696Z,https://www.canada.ca/content/dam/ircc/documents/json/data-ptime-en.json,official,active,,,2026-09-25T01:18:44.823Z
ca-work-permit--pt,ircc-ptime,CA,permit,backward,ca-work-permit,Work permit (applying from outside Canada),PT,Portugal,No processing time available,,,unavailable,2026-09-22,2026-09-25T00:45:26.696Z,https://www.canada.ca/content/dam/ircc/documents/json/data-ptime-en.json,official,active,,,2026-09-25T01:18:44.823Z
ca-work-permit--py,ircc-ptime,CA,permit,backward,ca-work-permit,Work permit (applying from outside Canada),PY,Paraguay,No processing time available,,,unavailable,2026-09-22,2026-09-25T00:45:26.696Z,https://www.canada.ca/content/dam/ircc/documents/json/data-ptime-en.json,official,active,,,2026-09-25T01:18:44.823Z
ca-work-permit--qa,ircc-ptime,CA,permit,backward,ca-work-permit,Work permit (applying from outside Canada),QA,Qatar,11 weeks,77,weeks,ok,2026-09-22,2026-09-25T00:45:26.696Z,https://www.canada.ca/content/dam/ircc/documents/json/data-ptime-en.json,official,active,,,2026-09-25T01:18:44.823Z
ca-work-permit--ro,ircc-ptime,CA,permit,backward,ca-work-permit,Work permit (applying from outside Canada),RO,Romania,No processing time available,,,unavailable,2026-09-22,2026-09-25T00:45:26.696Z,https://www.canada.ca/content/dam/ircc/documents/json/data-ptime-en.json,official,active,,,2026-09-25T01:18:44.823Z
ca-work-permit--rs,ircc-ptime,CA,permit,backward,ca-work-permit,Work permit (applying from outside Canada),RS,Serbia,No processing time available,,,unavailable,2026-09-22,2026-09-25T00:45:26.696Z,https://www.canada.ca/content/dam/ircc/documents/json/data-ptime-en.json,official,active,,,2026-09-25T01:18:44.823Z
ca-work-permit--ru,ircc-ptime,CA,permit,backward,ca-work-permit,Work permit (applying from outside Canada),RU,Russia,No processing time available,,,unavailable,2026-09-22,2026-09-25T00:45:26.696Z,https://www.canada.ca/content/dam/ircc/documents/json/data-ptime-en.json,official,active,,,2026-09-25T01:18:44.823Z
ca-work-permit--rw,ircc-ptime,CA,permit,backward,ca-work-permit,Work permit (applying from outside Canada),RW,Rwanda,10 weeks,70,weeks,ok,2026-09-22,2026-09-25T00:45:26.696Z,https://www.canada.ca/content/dam/ircc/documents/json/data-ptime-en.json,official,active,,,2026-09-25T01:18:44.823Z
ca-work-permit--sa,ircc-ptime,CA,permit,backward,ca-work-permit,Work permit (applying from outside Canada),SA,Saudi Arabia,4 weeks,28,weeks,ok,2026-09-22,2026-09-25T00:45:26.696Z,https://www.canada.ca/content/dam/ircc/documents/json/data-ptime-en.json,official,active,,,2026-09-25T01:18:44.823Z
ca-work-permit--sb,ircc-ptime,CA,permit,backward,ca-work-permit,Work permit (applying from outside Canada),SB,Solomon Islands,No processing time available,,,unavailable,2026-09-22,2026-09-25T00:45:26.696Z,https://www.canada.ca/content/dam/ircc/documents/json/data-ptime-en.json,official,active,,,2026-09-25T01:18:44.823Z
ca-work-permit--sc,ircc-ptime,CA,permit,backward,ca-work-permit,Work permit (applying from outside Canada),SC,Seychelles,No processing time available,,,unavailable,2026-09-22,2026-09-25T00:45:26.696Z,https://www.canada.ca/content/dam/ircc/documents/json/data-ptime-en.json,official,active,,,2026-09-25T01:18:44.823Z
ca-work-permit--sd,ircc-ptime,CA,permit,backward,ca-work-permit,Work permit (applying from outside Canada),SD,Sudan,No processing time available,,,unavailable,2026-09-22,2026-09-25T00:45:26.696Z,https://www.canada.ca/content/dam/ircc/documents/json/data-ptime-en.json,official,active,,,2026-09-25T01:18:44.823Z
ca-work-permit--se,ircc-ptime,CA,permit,backward,ca-work-permit,Work permit (applying from outside Canada),SE,Sweden,No processing time available,,,unavailable,2026-09-22,2026-09-25T00:45:26.696Z,https://www.canada.ca/content/dam/ircc/documents/json/data-ptime-en.json,official,active,,,2026-09-25T01:18:44.823Z
ca-work-permit--sg,ircc-ptime,CA,permit,backward,ca-work-permit,Work permit (applying from outside Canada),SG,Singapore,10 weeks,70,weeks,ok,2026-09-22,2026-09-25T00:45:26.696Z,https://www.canada.ca/content/dam/ircc/documents/json/data-ptime-en.json,official,active,,,2026-09-25T01:18:44.823Z
ca-work-permit--si,ircc-ptime,CA,permit,backward,ca-work-permit,Work permit (applying from outside Canada),SI,Slovenia,No processing time available,,,unavailable,2026-09-22,2026-09-25T00:45:26.696Z,https://www.canada.ca/content/dam/ircc/documents/json/data-ptime-en.json,official,active,,,2026-09-25T01:18:44.823Z
ca-work-permit--sk,ircc-ptime,CA,permit,backward,ca-work-permit,Work permit (applying from outside Canada),SK,Slovakia,No processing time available,,,unavailable,2026-09-22,2026-09-25T00:45:26.696Z,https://www.canada.ca/content/dam/ircc/documents/json/data-ptime-en.json,official,active,,,2026-09-25T01:18:44.823Z
ca-work-permit--sl,ircc-ptime,CA,permit,backward,ca-work-permit,Work permit (applying from outside Canada),SL,Sierra Leone,No processing time available,,,unavailable,2026-09-22,2026-09-25T00:45:26.696Z,https://www.canada.ca/content/dam/ircc/documents/json/data-ptime-en.json,official,active,,,2026-09-25T01:18:44.823Z
ca-work-permit--sm,ircc-ptime,CA,permit,backward,ca-work-permit,Work permit (applying from outside Canada),SM,San Marino,No processing time available,,,unavailable,2026-09-22,2026-09-25T00:45:26.696Z,https://www.canada.ca/content/dam/ircc/documents/json/data-ptime-en.json,official,active,,,2026-09-25T01:18:44.823Z
ca-work-permit--sn,ircc-ptime,CA,permit,backward,ca-work-permit,Work permit (applying from outside Canada),SN,Senegal,14 weeks,98,weeks,ok,2026-09-22,2026-09-25T00:45:26.696Z,https://www.canada.ca/content/dam/ircc/documents/json/data-ptime-en.json,official,active,,,2026-09-25T01:18:44.823Z
ca-work-permit--so,ircc-ptime,CA,permit,backward,ca-work-permit,Work permit (applying from outside Canada),SO,Somalia,No processing time available,,,unavailable,2026-09-22,2026-09-25T00:45:26.696Z,https://www.canada.ca/content/dam/ircc/documents/json/data-ptime-en.json,official,active,,,2026-09-25T01:18:44.823Z
ca-work-permit--sr,ircc-ptime,CA,permit,backward,ca-work-permit,Work permit (applying from outside Canada),SR,Suriname,No processing time available,,,unavailable,2026-09-22,2026-09-25T00:45:26.696Z,https://www.canada.ca/content/dam/ircc/documents/json/data-ptime-en.json,official,active,,,2026-09-25T01:18:44.823Z
ca-work-permit--ss,ircc-ptime,CA,permit,backward,ca-work-permit,Work permit (applying from outside Canada),SS,South Sudan,No processing time available,,,unavailable,2026-09-22,2026-09-25T00:45:26.696Z,https://www.canada.ca/content/dam/ircc/documents/json/data-ptime-en.json,official,active,,,2026-09-25T01:18:44.823Z
ca-work-permit--st,ircc-ptime,CA,permit,backward,ca-work-permit,Work permit (applying from outside Canada),ST,São Tomé & Príncipe,No processing time available,,,unavailable,2026-09-22,2026-09-25T00:45:26.696Z,https://www.canada.ca/content/dam/ircc/documents/json/data-ptime-en.json,official,active,,,2026-09-25T01:18:44.823Z
ca-work-permit--sv,ircc-ptime,CA,permit,backward,ca-work-permit,Work permit (applying from outside Canada),SV,El Salvador,5 weeks,35,weeks,ok,2026-09-22,2026-09-25T00:45:26.696Z,https://www.canada.ca/content/dam/ircc/documents/json/data-ptime-en.json,official,active,,,2026-09-25T01:18:44.823Z
ca-work-permit--sy,ircc-ptime,CA,permit,backward,ca-work-permit,Work permit (applying from outside Canada),SY,Syria,No processing time available,,,unavailable,2026-09-22,2026-09-25T00:45:26.696Z,https://www.canada.ca/content/dam/ircc/documents/json/data-ptime-en.json,official,active,,,2026-09-25T01:18:44.823Z
ca-work-permit--sz,ircc-ptime,CA,permit,backward,ca-work-permit,Work permit (applying from outside Canada),SZ,Eswatini,No processing time available,,,unavailable,2026-09-22,2026-09-25T00:45:26.696Z,https://www.canada.ca/content/dam/ircc/documents/json/data-ptime-en.json,official,active,,,2026-09-25T01:18:44.823Z
ca-work-permit--tc,ircc-ptime,CA,permit,backward,ca-work-permit,Work permit (applying from outside Canada),TC,Turks & Caicos Islands,No processing time available,,,unavailable,2026-09-22,2026-09-25T00:45:26.696Z,https://www.canada.ca/content/dam/ircc/documents/json/data-ptime-en.json,official,active,,,2026-09-25T01:18:44.823Z
ca-work-permit--td,ircc-ptime,CA,permit,backward,ca-work-permit,Work permit (applying from outside Canada),TD,Chad,No processing time available,,,unavailable,2026-09-22,2026-09-25T00:45:26.696Z,https://www.canada.ca/content/dam/ircc/documents/json/data-ptime-en.json,official,active,,,2026-09-25T01:18:44.823Z
ca-work-permit--tg,ircc-ptime,CA,permit,backward,ca-work-permit,Work permit (applying from outside Canada),TG,Togo,No processing time available,,,unavailable,2026-09-22,2026-09-25T00:45:26.696Z,https://www.canada.ca/content/dam/ircc/documents/json/data-ptime-en.json,official,active,,,2026-09-25T01:18:44.823Z
ca-work-permit--th,ircc-ptime,CA,permit,backward,ca-work-permit,Work permit (applying from outside Canada),TH,Thailand,12 weeks,84,weeks,ok,2026-09-22,2026-09-25T00:45:26.696Z,https://www.canada.ca/content/dam/ircc/documents/json/data-ptime-en.json,official,active,,,2026-09-25T01:18:44.823Z
ca-work-permit--tj,ircc-ptime,CA,permit,backward,ca-work-permit,Work permit (applying from outside Canada),TJ,Tajikistan,No processing time available,,,unavailable,2026-09-22,2026-09-25T00:45:26.696Z,https://www.canada.ca/content/dam/ircc/documents/json/data-ptime-en.json,official,active,,,2026-09-25T01:18:44.823Z
ca-work-permit--tl,ircc-ptime,CA,permit,backward,ca-work-permit,Work permit (applying from outside Canada),TL,Timor-Leste,No processing time available,,,unavailable,2026-09-22,2026-09-25T00:45:26.696Z,https://www.canada.ca/content/dam/ircc/documents/json/data-ptime-en.json,official,active,,,2026-09-25T01:18:44.823Z
ca-work-permit--tm,ircc-ptime,CA,permit,backward,ca-work-permit,Work permit (applying from outside Canada),TM,Turkmenistan,No processing time available,,,unavailable,2026-09-22,2026-09-25T00:45:26.696Z,https://www.canada.ca/content/dam/ircc/documents/json/data-ptime-en.json,official,active,,,2026-09-25T01:18:44.823Z
ca-work-permit--tn,ircc-ptime,CA,permit,backward,ca-work-permit,Work permit (applying from outside Canada),TN,Tunisia,5 weeks,35,weeks,ok,2026-09-22,2026-09-25T00:45:26.696Z,https://www.canada.ca/content/dam/ircc/documents/json/data-ptime-en.json,official,active,,,2026-09-25T01:18:44.823Z
ca-work-permit--to,ircc-ptime,CA,permit,backward,ca-work-permit,Work permit (applying from outside Canada),TO,Tonga,No processing time available,,,unavailable,2026-09-22,2026-09-25T00:45:26.696Z,https://www.canada.ca/content/dam/ircc/documents/json/data-ptime-en.json,official,active,,,2026-09-25T01:18:44.823Z
ca-work-permit--tr,ircc-ptime,CA,permit,backward,ca-work-permit,Work permit (applying from outside Canada),TR,Türkiye,5 weeks,35,weeks,ok,2026-09-22,2026-09-25T00:45:26.696Z,https://www.canada.ca/content/dam/ircc/documents/json/data-ptime-en.json,official,active,,,2026-09-25T01:18:44.823Z
ca-work-permit--tt,ircc-ptime,CA,permit,backward,ca-work-permit,Work permit (applying from outside Canada),TT,Trinidad & Tobago,2 weeks,14,weeks,ok,2026-09-22,2026-09-25T00:45:26.696Z,https://www.canada.ca/content/dam/ircc/documents/json/data-ptime-en.json,official,active,,,2026-09-25T01:18:44.823Z
ca-work-permit--tv,ircc-ptime,CA,permit,backward,ca-work-permit,Work permit (applying from outside Canada),TV,Tuvalu,No processing time available,,,unavailable,2026-09-22,2026-09-25T00:45:26.696Z,https://www.canada.ca/content/dam/ircc/documents/json/data-ptime-en.json,official,active,,,2026-09-25T01:18:44.823Z
ca-work-permit--tw,ircc-ptime,CA,permit,backward,ca-work-permit,Work permit (applying from outside Canada),TW,Taiwan,4 weeks,28,weeks,ok,2026-09-22,2026-09-25T00:45:26.696Z,https://www.canada.ca/content/dam/ircc/documents/json/data-ptime-en.json,official,active,,,2026-09-25T01:18:44.823Z
ca-work-permit--tz,ircc-ptime,CA,permit,backward,ca-work-permit,Work permit (applying from outside Canada),TZ,Tanzania,No processing time available,,,unavailable,2026-09-22,2026-09-25T00:45:26.696Z,https://www.canada.ca/content/dam/ircc/documents/json/data-ptime-en.json,official,active,,,2026-09-25T01:18:44.823Z
ca-work-permit--ua,ircc-ptime,CA,permit,backward,ca-work-permit,Work permit (applying from outside Canada),UA,Ukraine,No processing time available,,,unavailable,2026-09-22,2026-09-25T00:45:26.696Z,https://www.canada.ca/content/dam/ircc/documents/json/data-ptime-en.json,official,active,,,2026-09-25T01:18:44.823Z
ca-work-permit--ug,ircc-ptime,CA,permit,backward,ca-work-permit,Work permit (applying from outside Canada),UG,Uganda,No processing time available,,,unavailable,2026-09-22,2026-09-25T00:45:26.696Z,https://www.canada.ca/content/dam/ircc/documents/json/data-ptime-en.json,official,active,,,2026-09-25T01:18:44.823Z
ca-work-permit--us,ircc-ptime,CA,permit,backward,ca-work-permit,Work permit (applying from outside Canada),US,United States,4 weeks,28,weeks,ok,2026-09-22,2026-09-25T00:45:26.696Z,https://www.canada.ca/content/dam/ircc/documents/json/data-ptime-en.json,official,active,,,2026-09-25T01:18:44.823Z
ca-work-permit--uy,ircc-ptime,CA,permit,backward,ca-work-permit,Work permit (applying from outside Canada),UY,Uruguay,No processing time available,,,unavailable,2026-09-22,2026-09-25T00:45:26.696Z,https://www.canada.ca/content/dam/ircc/documents/json/data-ptime-en.json,official,active,,,2026-09-25T01:18:44.823Z
ca-work-permit--uz,ircc-ptime,CA,permit,backward,ca-work-permit,Work permit (applying from outside Canada),UZ,Uzbekistan,No processing time available,,,unavailable,2026-09-22,2026-09-25T00:45:26.696Z,https://www.canada.ca/content/dam/ircc/documents/json/data-ptime-en.json,official,active,,,2026-09-25T01:18:44.823Z
ca-work-permit--va,ircc-ptime,CA,permit,backward,ca-work-permit,Work permit (applying from outside Canada),VA,Vatican City,No processing time available,,,unavailable,2026-09-22,2026-09-25T00:45:26.696Z,https://www.canada.ca/content/dam/ircc/documents/json/data-ptime-en.json,official,active,,,2026-09-25T01:18:44.823Z
ca-work-permit--vc,ircc-ptime,CA,permit,backward,ca-work-permit,Work permit (applying from outside Canada),VC,St. Vincent & Grenadines,No processing time available,,,unavailable,2026-09-22,2026-09-25T00:45:26.696Z,https://www.canada.ca/content/dam/ircc/documents/json/data-ptime-en.json,official,active,,,2026-09-25T01:18:44.823Z
ca-work-permit--ve,ircc-ptime,CA,permit,backward,ca-work-permit,Work permit (applying from outside Canada),VE,Venezuela,No processing time available,,,unavailable,2026-09-22,2026-09-25T00:45:26.696Z,https://www.canada.ca/content/dam/ircc/documents/json/data-ptime-en.json,official,active,,,2026-09-25T01:18:44.823Z
ca-work-permit--vi,ircc-ptime,CA,permit,backward,ca-work-permit,Work permit (applying from outside Canada),VI,U.S. Virgin Islands,No processing time available,,,unavailable,2026-09-22,2026-09-25T00:45:26.696Z,https://www.canada.ca/content/dam/ircc/documents/json/data-ptime-en.json,official,active,,,2026-09-25T01:18:44.823Z
ca-work-permit--vn,ircc-ptime,CA,permit,backward,ca-work-permit,Work permit (applying from outside Canada),VN,Vietnam,5 weeks,35,weeks,ok,2026-09-22,2026-09-25T00:45:26.696Z,https://www.canada.ca/content/dam/ircc/documents/json/data-ptime-en.json,official,active,,,2026-09-25T01:18:44.823Z
ca-work-permit--vu,ircc-ptime,CA,permit,backward,ca-work-permit,Work permit (applying from outside Canada),VU,Vanuatu,No processing time available,,,unavailable,2026-09-22,2026-09-25T00:45:26.696Z,https://www.canada.ca/content/dam/ircc/documents/json/data-ptime-en.json,official,active,,,2026-09-25T01:18:44.823Z
ca-work-permit--wb,ircc-ptime,CA,permit,backward,ca-work-permit,Work permit (applying from outside Canada),WB,WB,No processing time available,,,unavailable,2026-09-22,2026-09-25T00:45:26.696Z,https://www.canada.ca/content/dam/ircc/documents/json/data-ptime-en.json,official,active,,,2026-09-25T01:18:44.823Z
ca-work-permit--ws,ircc-ptime,CA,permit,backward,ca-work-permit,Work permit (applying from outside Canada),WS,Samoa,No processing time available,,,unavailable,2026-09-22,2026-09-25T00:45:26.696Z,https://www.canada.ca/content/dam/ircc/documents/json/data-ptime-en.json,official,active,,,2026-09-25T01:18:44.823Z
ca-work-permit--xk,ircc-ptime,CA,permit,backward,ca-work-permit,Work permit (applying from outside Canada),XK,Kosovo,No processing time available,,,unavailable,2026-09-22,2026-09-25T00:45:26.696Z,https://www.canada.ca/content/dam/ircc/documents/json/data-ptime-en.json,official,active,,,2026-09-25T01:18:44.823Z
ca-work-permit--ye,ircc-ptime,CA,permit,backward,ca-work-permit,Work permit (applying from outside Canada),YE,Yemen,No processing time available,,,unavailable,2026-09-22,2026-09-25T00:45:26.696Z,https://www.canada.ca/content/dam/ircc/documents/json/data-ptime-en.json,official,active,,,2026-09-25T01:18:44.823Z
ca-work-permit--za,ircc-ptime,CA,permit,backward,ca-work-permit,Work permit (applying from outside Canada),ZA,South Africa,15 weeks,105,weeks,ok,2026-09-22,2026-09-25T00:45:26.696Z,https://www.canada.ca/content/dam/ircc/documents/json/data-ptime-en.json,official,active,,,2026-09-25T01:18:44.823Z
ca-work-permit--zm,ircc-ptime,CA,permit,backward,ca-work-permit,Work permit (applying from outside Canada),ZM,Zambia,No processing time available,,,unavailable,2026-09-22,2026-09-25T00:45:26.696Z,https://www.canada.ca/content/dam/ircc/documents/json/data-ptime-en.json,official,active,,,2026-09-25T01:18:44.823Z
ca-work-permit--zw,ircc-ptime,CA,permit,backward,ca-work-permit,Work permit (applying from outside Canada),ZW,Zimbabwe,48 weeks,336,weeks,ok,2026-09-22,2026-09-25T00:45:26.696Z,https://www.canada.ca/content/dam/ircc/documents/json/data-ptime-en.json,official,active,,,2026-09-25T01:18:44.823Z
ca-work-permit-extension,ircc-noncountry,CA,permit,published,ca-work-permit-extension,Work permit extension,,,107 days,107,days,ok,2026-09-22,2026-09-25T00:45:33.675Z,https://www.canada.ca/content/dam/ircc/documents/json/data-ptime-non-country-en.json,official,active,,,2026-09-25T01:18:50.817Z
gb-family-visas--adult-coming-to-be-cared-for-by-a-relative,govuk-visa-times,GB,visa,service_standard,gb-family-visas--adult-coming-to-be-cared-for-by-a-relative,Adult coming to be cared for by a relative (Family visas),,,12 weeks,84,weeks,ok,2026-09-09,2026-09-25T00:45:40.257Z,https://www.gov.uk/guidance/visa-processing-times-applications-outside-the-uk,official,active,,,2026-09-25T01:18:57.960Z
gb-family-visas--child,govuk-visa-times,GB,visa,service_standard,gb-family-visas--child,Child (Family visas),,,12 weeks,84,weeks,ok,2026-09-09,2026-09-25T00:45:40.257Z,https://www.gov.uk/guidance/visa-processing-times-applications-outside-the-uk,official,active,,,2026-09-25T01:18:57.960Z
gb-family-visas--parent,govuk-visa-times,GB,visa,service_standard,gb-family-visas--parent,Parent (Family visas),,,12 weeks,84,weeks,ok,2026-09-09,2026-09-25T00:45:40.257Z,https://www.gov.uk/guidance/visa-processing-times-applications-outside-the-uk,official,active,,,2026-09-25T01:18:57.960Z
gb-family-visas--partner-or-spouse,govuk-visa-times,GB,visa,service_standard,gb-family-visas--partner-or-spouse,Partner or spouse (Family visas),,,12 weeks,84,weeks,ok,2026-09-09,2026-09-25T00:45:40.257Z,https://www.gov.uk/guidance/visa-processing-times-applications-outside-the-uk,official,active,,,2026-09-25T01:18:57.960Z
gb-in-uk-family-visas--adult-coming-to-be-cared-for-by-a-relative,govuk-inuk-times,GB,visa,service_standard,gb-in-uk-family-visas--adult-coming-to-be-cared-for-by-a-relative,"Adult coming to be cared for by a relative (Family visas, applying inside the UK)",,,8 weeks,56,weeks,ok,2026-09-09,2026-09-25T00:45:43.243Z,https://www.gov.uk/guidance/visa-processing-times-applications-inside-the-uk,official,active,,,2026-09-25T01:19:00.960Z
gb-in-uk-family-visas--child,govuk-inuk-times,GB,visa,service_standard,gb-in-uk-family-visas--child,"Child (Family visas, applying inside the UK)",,,8 weeks,56,weeks,ok,2026-09-09,2026-09-25T00:45:43.243Z,https://www.gov.uk/guidance/visa-processing-times-applications-inside-the-uk,official,active,,,2026-09-25T01:19:00.960Z
gb-in-uk-family-visas--parent,govuk-inuk-times,GB,visa,service_standard,gb-in-uk-family-visas--parent,"Parent (Family visas, applying inside the UK)",,,12 months*,365.28,months,ok,2026-09-09,2026-09-25T00:45:43.243Z,https://www.gov.uk/guidance/visa-processing-times-applications-inside-the-uk,official,active,,,2026-09-25T01:19:00.960Z
gb-in-uk-family-visas--partner-or-spouse-meeting-minimum-income-and-english-lang,govuk-inuk-times,GB,visa,service_standard,gb-in-uk-family-visas--partner-or-spouse-meeting-minimum-income-and-english-lang,"Partner or spouse (meeting minimum income and English language requirements) (Family visas, applying inside the UK)",,,8 weeks,56,weeks,ok,2026-09-09,2026-09-25T00:45:43.243Z,https://www.gov.uk/guidance/visa-processing-times-applications-inside-the-uk,official,active,,,2026-09-25T01:19:00.960Z
gb-in-uk-family-visas--partner-or-spouse-private-life-minimum-income-and-english,govuk-inuk-times,GB,visa,service_standard,gb-in-uk-family-visas--partner-or-spouse-private-life-minimum-income-and-english,"Partner or spouse - private life (minimum income and English language not required) (Family visas, applying inside the UK)",,,12 months*,365.28,months,ok,2026-09-09,2026-09-25T00:45:43.243Z,https://www.gov.uk/guidance/visa-processing-times-applications-inside-the-uk,official,active,,,2026-09-25T01:19:00.960Z
gb-in-uk-other-visas-and-permits--british-national-overseas,govuk-inuk-times,GB,visa,service_standard,gb-in-uk-other-visas-and-permits--british-national-overseas,"British National (Overseas) (Other visas and permits, applying inside the UK)",,,12 weeks,84,weeks,ok,2026-09-09,2026-09-25T00:45:43.243Z,https://www.gov.uk/guidance/visa-processing-times-applications-inside-the-uk,official,active,,,2026-09-25T01:19:00.960Z
gb-in-uk-other-visas-and-permits--entrepreneur,govuk-inuk-times,GB,visa,service_standard,gb-in-uk-other-visas-and-permits--entrepreneur,"Entrepreneur (Other visas and permits, applying inside the UK)",,,8 weeks,56,weeks,ok,2026-09-09,2026-09-25T00:45:43.243Z,https://www.gov.uk/guidance/visa-processing-times-applications-inside-the-uk,official,active,,,2026-09-25T01:19:00.960Z
gb-in-uk-other-visas-and-permits--international-sportsperson,govuk-inuk-times,GB,visa,service_standard,gb-in-uk-other-visas-and-permits--international-sportsperson,"International Sportsperson (Other visas and permits, applying inside the UK)",,,8 weeks,56,weeks,ok,2026-09-09,2026-09-25T00:45:43.243Z,https://www.gov.uk/guidance/visa-processing-times-applications-inside-the-uk,official,active,,,2026-09-25T01:19:00.960Z
gb-in-uk-other-visas-and-permits--investor,govuk-inuk-times,GB,visa,service_standard,gb-in-uk-other-visas-and-permits--investor,"Investor (Other visas and permits, applying inside the UK)",,,8 weeks,56,weeks,ok,2026-09-09,2026-09-25T00:45:43.243Z,https://www.gov.uk/guidance/visa-processing-times-applications-inside-the-uk,official,active,,,2026-09-25T01:19:00.960Z
gb-in-uk-other-visas-and-permits--minister-of-religion,govuk-inuk-times,GB,visa,service_standard,gb-in-uk-other-visas-and-permits--minister-of-religion,"Minister of Religion (Other visas and permits, applying inside the UK)",,,8 weeks,56,weeks,ok,2026-09-09,2026-09-25T00:45:43.243Z,https://www.gov.uk/guidance/visa-processing-times-applications-inside-the-uk,official,active,,,2026-09-25T01:19:00.960Z
gb-in-uk-other-visas-and-permits--scale-up-worker,govuk-inuk-times,GB,visa,service_standard,gb-in-uk-other-visas-and-permits--scale-up-worker,"Scale-up Worker (Other visas and permits, applying inside the UK)",,,8 weeks,56,weeks,ok,2026-09-09,2026-09-25T00:45:43.243Z,https://www.gov.uk/guidance/visa-processing-times-applications-inside-the-uk,official,active,,,2026-09-25T01:19:00.960Z
gb-in-uk-other-visas-and-permits--turkish-businessperson,govuk-inuk-times,GB,visa,service_standard,gb-in-uk-other-visas-and-permits--turkish-businessperson,"Turkish Businessperson (Other visas and permits, applying inside the UK)",,,6 months,182.64,months,ok,2026-09-09,2026-09-25T00:45:43.243Z,https://www.gov.uk/guidance/visa-processing-times-applications-inside-the-uk,official,active,,,2026-09-25T01:19:00.960Z
gb-in-uk-other-visas-and-permits--turkish-worker,govuk-inuk-times,GB,visa,service_standard,gb-in-uk-other-visas-and-permits--turkish-worker,"Turkish Worker (Other visas and permits, applying inside the UK)",,,6 months,182.64,months,ok,2026-09-09,2026-09-25T00:45:43.243Z,https://www.gov.uk/guidance/visa-processing-times-applications-inside-the-uk,official,active,,,2026-09-25T01:19:00.960Z
gb-in-uk-popular-work-visas--health-and-care-worker,govuk-inuk-times,GB,visa,service_standard,gb-in-uk-popular-work-visas--health-and-care-worker,"Health and Care Worker (Popular work visas, applying inside the UK)",,,3 weeks,21,weeks,ok,2026-09-09,2026-09-25T00:45:43.243Z,https://www.gov.uk/guidance/visa-processing-times-applications-inside-the-uk,official,active,,,2026-09-25T01:19:00.960Z
gb-in-uk-popular-work-visas--skilled-worker,govuk-inuk-times,GB,visa,service_standard,gb-in-uk-popular-work-visas--skilled-worker,"Skilled Worker (Popular work visas, applying inside the UK)",,,8 weeks,56,weeks,ok,2026-09-09,2026-09-25T00:45:43.243Z,https://www.gov.uk/guidance/visa-processing-times-applications-inside-the-uk,official,active,,,2026-09-25T01:19:00.960Z
gb-in-uk-study-visas--child-student,govuk-inuk-times,GB,visa,service_standard,gb-in-uk-study-visas--child-student,"Child Student (Study visas, applying inside the UK)",,,8 weeks,56,weeks,ok,2026-09-09,2026-09-25T00:45:43.243Z,https://www.gov.uk/guidance/visa-processing-times-applications-inside-the-uk,official,active,,,2026-09-25T01:19:00.960Z
gb-in-uk-study-visas--student,govuk-inuk-times,GB,visa,service_standard,gb-in-uk-study-visas--student,"Student (Study visas, applying inside the UK)",,,8 weeks,56,weeks,ok,2026-09-09,2026-09-25T00:45:43.243Z,https://www.gov.uk/guidance/visa-processing-times-applications-inside-the-uk,official,active,,,2026-09-25T01:19:00.960Z
gb-in-uk-temporary-work-visas--charity-worker,govuk-inuk-times,GB,visa,service_standard,gb-in-uk-temporary-work-visas--charity-worker,"Charity Worker (Temporary work visas, applying inside the UK)",,,8 weeks,56,weeks,ok,2026-09-09,2026-09-25T00:45:43.243Z,https://www.gov.uk/guidance/visa-processing-times-applications-inside-the-uk,official,active,,,2026-09-25T01:19:00.960Z
gb-in-uk-temporary-work-visas--creative-worker,govuk-inuk-times,GB,visa,service_standard,gb-in-uk-temporary-work-visas--creative-worker,"Creative Worker (Temporary work visas, applying inside the UK)",,,8 weeks,56,weeks,ok,2026-09-09,2026-09-25T00:45:43.243Z,https://www.gov.uk/guidance/visa-processing-times-applications-inside-the-uk,official,active,,,2026-09-25T01:19:00.960Z
gb-in-uk-temporary-work-visas--government-authorised-exchange,govuk-inuk-times,GB,visa,service_standard,gb-in-uk-temporary-work-visas--government-authorised-exchange,"Government Authorised Exchange (Temporary work visas, applying inside the UK)",,,8 weeks,56,weeks,ok,2026-09-09,2026-09-25T00:45:43.243Z,https://www.gov.uk/guidance/visa-processing-times-applications-inside-the-uk,official,active,,,2026-09-25T01:19:00.960Z
gb-in-uk-temporary-work-visas--international-agreement,govuk-inuk-times,GB,visa,service_standard,gb-in-uk-temporary-work-visas--international-agreement,"International Agreement (Temporary work visas, applying inside the UK)",,,8 weeks,56,weeks,ok,2026-09-09,2026-09-25T00:45:43.243Z,https://www.gov.uk/guidance/visa-processing-times-applications-inside-the-uk,official,active,,,2026-09-25T01:19:00.960Z
gb-in-uk-temporary-work-visas--religious-worker,govuk-inuk-times,GB,visa,service_standard,gb-in-uk-temporary-work-visas--religious-worker,"Religious Worker (Temporary work visas, applying inside the UK)",,,8 weeks,56,weeks,ok,2026-09-09,2026-09-25T00:45:43.243Z,https://www.gov.uk/guidance/visa-processing-times-applications-inside-the-uk,official,active,,,2026-09-25T01:19:00.960Z
gb-in-uk-ukraine-visas--ukraine-permission-extension-scheme,govuk-inuk-times,GB,visa,service_standard,gb-in-uk-ukraine-visas--ukraine-permission-extension-scheme,"Ukraine Permission Extension scheme (Ukraine visas, applying inside the UK)",,,8 weeks,56,weeks,ok,2026-09-09,2026-09-25T00:45:43.243Z,https://www.gov.uk/guidance/visa-processing-times-applications-inside-the-uk,official,active,,,2026-09-25T01:19:00.960Z
gb-in-uk-visit-visa--standard-visitor,govuk-inuk-times,GB,visa,service_standard,gb-in-uk-visit-visa--standard-visitor,"Standard Visitor (Visit visa, applying inside the UK)",,,8 weeks,56,weeks,ok,2026-09-09,2026-09-25T00:45:43.243Z,https://www.gov.uk/guidance/visa-processing-times-applications-inside-the-uk,official,active,,,2026-09-25T01:19:00.960Z
gb-in-uk-work-visas-for-an-overseas-employer--overseas-domestic-worker,govuk-inuk-times,GB,visa,service_standard,gb-in-uk-work-visas-for-an-overseas-employer--overseas-domestic-worker,"Overseas Domestic Worker (Work visas for an overseas employer, applying inside the UK)",,,8 weeks,56,weeks,ok,2026-09-09,2026-09-25T00:45:43.243Z,https://www.gov.uk/guidance/visa-processing-times-applications-inside-the-uk,official,active,,,2026-09-25T01:19:00.960Z
gb-in-uk-work-visas-for-an-overseas-employer--representative-of-an-overseas-busi,govuk-inuk-times,GB,visa,service_standard,gb-in-uk-work-visas-for-an-overseas-employer--representative-of-an-overseas-busi,"Representative of an Overseas Business (Work visas for an overseas employer, applying inside the UK)",,,8 weeks,56,weeks,ok,2026-09-09,2026-09-25T00:45:43.243Z,https://www.gov.uk/guidance/visa-processing-times-applications-inside-the-uk,official,active,,,2026-09-25T01:19:00.960Z
gb-in-uk-work-visas-for-an-overseas-employer--secondment-worker,govuk-inuk-times,GB,visa,service_standard,gb-in-uk-work-visas-for-an-overseas-employer--secondment-worker,"Secondment Worker (Work visas for an overseas employer, applying inside the UK)",,,8 weeks,56,weeks,ok,2026-09-09,2026-09-25T00:45:43.243Z,https://www.gov.uk/guidance/visa-processing-times-applications-inside-the-uk,official,active,,,2026-09-25T01:19:00.960Z
gb-in-uk-work-visas-for-an-overseas-employer--senior-or-specialist-worker,govuk-inuk-times,GB,visa,service_standard,gb-in-uk-work-visas-for-an-overseas-employer--senior-or-specialist-worker,"Senior or Specialist Worker (Work visas for an overseas employer, applying inside the UK)",,,8 weeks,56,weeks,ok,2026-09-09,2026-09-25T00:45:43.243Z,https://www.gov.uk/guidance/visa-processing-times-applications-inside-the-uk,official,active,,,2026-09-25T01:19:00.960Z
gb-in-uk-work-visas-for-an-overseas-employer--service-supplier,govuk-inuk-times,GB,visa,service_standard,gb-in-uk-work-visas-for-an-overseas-employer--service-supplier,"Service Supplier (Work visas for an overseas employer, applying inside the UK)",,,8 weeks,56,weeks,ok,2026-09-09,2026-09-25T00:45:43.243Z,https://www.gov.uk/guidance/visa-processing-times-applications-inside-the-uk,official,active,,,2026-09-25T01:19:00.960Z
gb-in-uk-work-visas-for-an-overseas-employer--uk-expansion-worker,govuk-inuk-times,GB,visa,service_standard,gb-in-uk-work-visas-for-an-overseas-employer--uk-expansion-worker,"UK Expansion Worker (Work visas for an overseas employer, applying inside the UK)",,,8 weeks,56,weeks,ok,2026-09-09,2026-09-25T00:45:43.243Z,https://www.gov.uk/guidance/visa-processing-times-applications-inside-the-uk,official,active,,,2026-09-25T01:19:00.960Z
gb-in-uk-work-visas-to-start-a-business--innovator-founder,govuk-inuk-times,GB,visa,service_standard,gb-in-uk-work-visas-to-start-a-business--innovator-founder,"Innovator Founder (Work visas to start a business, applying inside the UK)",,,8 weeks,56,weeks,ok,2026-09-09,2026-09-25T00:45:43.243Z,https://www.gov.uk/guidance/visa-processing-times-applications-inside-the-uk,official,active,,,2026-09-25T01:19:00.960Z
gb-in-uk-work-visas-to-start-a-business--start-up,govuk-inuk-times,GB,visa,service_standard,gb-in-uk-work-visas-to-start-a-business--start-up,"Start-up (Work visas to start a business, applying inside the UK)",,,3 weeks,21,weeks,ok,2026-09-09,2026-09-25T00:45:43.243Z,https://www.gov.uk/guidance/visa-processing-times-applications-inside-the-uk,official,active,,,2026-09-25T01:19:00.960Z
gb-in-uk-work-visas-you-can-apply-for-without-a-job-offer--global-talent,govuk-inuk-times,GB,visa,service_standard,gb-in-uk-work-visas-you-can-apply-for-without-a-job-offer--global-talent,"Global Talent (Work visas you can apply for without a job offer, applying inside the UK)",,,8 weeks,56,weeks,ok,2026-09-09,2026-09-25T00:45:43.243Z,https://www.gov.uk/guidance/visa-processing-times-applications-inside-the-uk,official,active,,,2026-09-25T01:19:00.960Z
gb-in-uk-work-visas-you-can-apply-for-without-a-job-offer--graduate,govuk-inuk-times,GB,visa,service_standard,gb-in-uk-work-visas-you-can-apply-for-without-a-job-offer--graduate,"Graduate (Work visas you can apply for without a job offer, applying inside the UK)",,,8 weeks,56,weeks,ok,2026-09-09,2026-09-25T00:45:43.243Z,https://www.gov.uk/guidance/visa-processing-times-applications-inside-the-uk,official,active,,,2026-09-25T01:19:00.960Z
gb-in-uk-work-visas-you-can-apply-for-without-a-job-offer--high-potential-indivi,govuk-inuk-times,GB,visa,service_standard,gb-in-uk-work-visas-you-can-apply-for-without-a-job-offer--high-potential-indivi,"High Potential Individual (HPI) (Work visas you can apply for without a job offer, applying inside the UK)",,,8 weeks,56,weeks,ok,2026-09-09,2026-09-25T00:45:43.243Z,https://www.gov.uk/guidance/visa-processing-times-applications-inside-the-uk,official,active,,,2026-09-25T01:19:00.960Z
gb-in-uk-work-visas-you-can-apply-for-without-a-job-offer--overseas-domestic-wor,govuk-inuk-times,GB,visa,service_standard,gb-in-uk-work-visas-you-can-apply-for-without-a-job-offer--overseas-domestic-wor,"Overseas Domestic Worker (Work visas you can apply for without a job offer, applying inside the UK)",,,8 weeks,56,weeks,ok,2026-09-09,2026-09-25T00:45:43.243Z,https://www.gov.uk/guidance/visa-processing-times-applications-inside-the-uk,official,active,,,2026-09-25T01:19:00.960Z
gb-in-uk-work-visas-you-can-apply-for-without-a-job-offer--uk-ancestry,govuk-inuk-times,GB,visa,service_standard,gb-in-uk-work-visas-you-can-apply-for-without-a-job-offer--uk-ancestry,"UK Ancestry (Work visas you can apply for without a job offer, applying inside the UK)",,,8 weeks,56,weeks,ok,2026-09-09,2026-09-25T00:45:43.243Z,https://www.gov.uk/guidance/visa-processing-times-applications-inside-the-uk,official,active,,,2026-09-25T01:19:00.960Z
gb-other-visas-and-permits--british-national-overseas,govuk-visa-times,GB,visa,service_standard,gb-other-visas-and-permits--british-national-overseas,British National (Overseas) (Other visas and permits),,,12 weeks,84,weeks,ok,2026-09-09,2026-09-25T00:45:40.257Z,https://www.gov.uk/guidance/visa-processing-times-applications-outside-the-uk,official,active,,,2026-09-25T01:18:57.960Z
gb-other-visas-and-permits--international-sportsperson,govuk-visa-times,GB,visa,service_standard,gb-other-visas-and-permits--international-sportsperson,International Sportsperson (Other visas and permits),,,3 weeks,21,weeks,ok,2026-09-09,2026-09-25T00:45:40.257Z,https://www.gov.uk/guidance/visa-processing-times-applications-outside-the-uk,official,active,,,2026-09-25T01:18:57.960Z
gb-other-visas-and-permits--minister-of-religion,govuk-visa-times,GB,visa,service_standard,gb-other-visas-and-permits--minister-of-religion,Minister of Religion (Other visas and permits),,,3 weeks,21,weeks,ok,2026-09-09,2026-09-25T00:45:40.257Z,https://www.gov.uk/guidance/visa-processing-times-applications-outside-the-uk,official,active,,,2026-09-25T01:18:57.960Z
gb-other-visas-and-permits--returning-resident-visa,govuk-visa-times,GB,visa,service_standard,gb-other-visas-and-permits--returning-resident-visa,Returning Resident visa (Other visas and permits),,,3 weeks,21,weeks,ok,2026-09-09,2026-09-25T00:45:40.257Z,https://www.gov.uk/guidance/visa-processing-times-applications-outside-the-uk,official,active,,,2026-09-25T01:18:57.960Z
gb-other-visas-and-permits--scale-up-worker,govuk-visa-times,GB,visa,service_standard,gb-other-visas-and-permits--scale-up-worker,Scale-up Worker (Other visas and permits),,,3 weeks,21,weeks,ok,2026-09-09,2026-09-25T00:45:40.257Z,https://www.gov.uk/guidance/visa-processing-times-applications-outside-the-uk,official,active,,,2026-09-25T01:18:57.960Z
gb-passport-standard,govuk-passport,GB,passport,service_standard,gb-passport-standard,Passport (standard application),,,within 3 weeks,21,weeks,ok,2024-01-15,2026-08-22T01:17:37.791Z,https://www.gov.uk/government/organisations/hm-passport-office/about/about-our-services,official,active,,,2026-09-25T01:19:04.135Z
gb-popular-work-visas--health-and-care-worker,govuk-visa-times,GB,visa,service_standard,gb-popular-work-visas--health-and-care-worker,Health and Care Worker (Popular work visas),,,3 weeks,21,weeks,ok,2026-09-09,2026-09-25T00:45:40.257Z,https://www.gov.uk/guidance/visa-processing-times-applications-outside-the-uk,official,active,,,2026-09-25T01:18:57.960Z
gb-popular-work-visas--skilled-worker,govuk-visa-times,GB,visa,service_standard,gb-popular-work-visas--skilled-worker,Skilled Worker (Popular work visas),,,3 weeks,21,weeks,ok,2026-09-09,2026-09-25T00:45:40.257Z,https://www.gov.uk/guidance/visa-processing-times-applications-outside-the-uk,official,active,,,2026-09-25T01:18:57.960Z
gb-study-visas--child-student,govuk-visa-times,GB,visa,service_standard,gb-study-visas--child-student,Child Student (Study visas),,,3 weeks,21,weeks,ok,2026-09-09,2026-09-25T00:45:40.257Z,https://www.gov.uk/guidance/visa-processing-times-applications-outside-the-uk,official,active,,,2026-09-25T01:18:57.960Z
gb-study-visas--student,govuk-visa-times,GB,visa,service_standard,gb-study-visas--student,Student (Study visas),,,3 weeks,21,weeks,ok,2026-09-09,2026-09-25T00:45:40.257Z,https://www.gov.uk/guidance/visa-processing-times-applications-outside-the-uk,official,active,,,2026-09-25T01:18:57.960Z
gb-study-visas--study-english-in-the-uk-short-term-student-6-to-11-month-english,govuk-visa-times,GB,visa,service_standard,gb-study-visas--study-english-in-the-uk-short-term-student-6-to-11-month-english,Study English in the UK: Short-term student (6 to 11 month English language courses) (Study visas),,,3 weeks,21,weeks,ok,2026-09-09,2026-09-25T00:45:40.257Z,https://www.gov.uk/guidance/visa-processing-times-applications-outside-the-uk,official,active,,,2026-09-25T01:18:57.960Z
gb-temporary-work-visas--charity-worker,govuk-visa-times,GB,visa,service_standard,gb-temporary-work-visas--charity-worker,Charity Worker (Temporary work visas),,,3 weeks,21,weeks,ok,2026-09-09,2026-09-25T00:45:40.257Z,https://www.gov.uk/guidance/visa-processing-times-applications-outside-the-uk,official,active,,,2026-09-25T01:18:57.960Z
gb-temporary-work-visas--creative-worker,govuk-visa-times,GB,visa,service_standard,gb-temporary-work-visas--creative-worker,Creative Worker (Temporary work visas),,,3 weeks,21,weeks,ok,2026-09-09,2026-09-25T00:45:40.257Z,https://www.gov.uk/guidance/visa-processing-times-applications-outside-the-uk,official,active,,,2026-09-25T01:18:57.960Z
gb-temporary-work-visas--government-authorised-exchange,govuk-visa-times,GB,visa,service_standard,gb-temporary-work-visas--government-authorised-exchange,Government Authorised Exchange (Temporary work visas),,,3 weeks,21,weeks,ok,2026-09-09,2026-09-25T00:45:40.257Z,https://www.gov.uk/guidance/visa-processing-times-applications-outside-the-uk,official,active,,,2026-09-25T01:18:57.960Z
gb-temporary-work-visas--international-agreement,govuk-visa-times,GB,visa,service_standard,gb-temporary-work-visas--international-agreement,International Agreement (Temporary work visas),,,3 weeks,21,weeks,ok,2026-09-09,2026-09-25T00:45:40.257Z,https://www.gov.uk/guidance/visa-processing-times-applications-outside-the-uk,official,active,,,2026-09-25T01:18:57.960Z
gb-temporary-work-visas--religious-worker,govuk-visa-times,GB,visa,service_standard,gb-temporary-work-visas--religious-worker,Religious Worker (Temporary work visas),,,3 weeks,21,weeks,ok,2026-09-09,2026-09-25T00:45:40.257Z,https://www.gov.uk/guidance/visa-processing-times-applications-outside-the-uk,official,active,,,2026-09-25T01:18:57.960Z
gb-temporary-work-visas--seasonal-worker,govuk-visa-times,GB,visa,service_standard,gb-temporary-work-visas--seasonal-worker,Seasonal Worker (Temporary work visas),,,3 weeks,21,weeks,ok,2026-09-09,2026-09-25T00:45:40.257Z,https://www.gov.uk/guidance/visa-processing-times-applications-outside-the-uk,official,active,,,2026-09-25T01:18:57.960Z
gb-ukraine-visas--homes-for-ukraine,govuk-visa-times,GB,visa,service_standard,gb-ukraine-visas--homes-for-ukraine,Homes for Ukraine (Ukraine visas),,,3 weeks,21,weeks,ok,2026-09-09,2026-09-25T00:45:40.257Z,https://www.gov.uk/guidance/visa-processing-times-applications-outside-the-uk,official,active,,,2026-09-25T01:18:57.960Z
gb-visit-visas--chinese-tour-group,govuk-visa-times,GB,visa,service_standard,gb-visit-visas--chinese-tour-group,Chinese tour group (Visit visas),,,3 weeks,21,weeks,ok,2026-09-09,2026-09-25T00:45:40.257Z,https://www.gov.uk/guidance/visa-processing-times-applications-outside-the-uk,official,active,,,2026-09-25T01:18:57.960Z
gb-visit-visas--marriage-visitor,govuk-visa-times,GB,visa,service_standard,gb-visit-visas--marriage-visitor,Marriage Visitor (Visit visas),,,3 weeks,21,weeks,ok,2026-09-09,2026-09-25T00:45:40.257Z,https://www.gov.uk/guidance/visa-processing-times-applications-outside-the-uk,official,active,,,2026-09-25T01:18:57.960Z
gb-visit-visas--standard-visitor,govuk-visa-times,GB,visa,service_standard,gb-visit-visas--standard-visitor,Standard Visitor (Visit visas),,,3 weeks,21,weeks,ok,2026-09-09,2026-09-25T00:45:40.257Z,https://www.gov.uk/guidance/visa-processing-times-applications-outside-the-uk,official,active,,,2026-09-25T01:18:57.960Z
gb-visit-visas--transit,govuk-visa-times,GB,visa,service_standard,gb-visit-visas--transit,Transit (Visit visas),,,3 weeks,21,weeks,ok,2026-09-09,2026-09-25T00:45:40.257Z,https://www.gov.uk/guidance/visa-processing-times-applications-outside-the-uk,official,active,,,2026-09-25T01:18:57.960Z
gb-work-visas-for-an-overseas-employer--graduate-trainee,govuk-visa-times,GB,visa,service_standard,gb-work-visas-for-an-overseas-employer--graduate-trainee,Graduate Trainee (Work visas for an overseas employer),,,3 weeks,21,weeks,ok,2026-09-09,2026-09-25T00:45:40.257Z,https://www.gov.uk/guidance/visa-processing-times-applications-outside-the-uk,official,active,,,2026-09-25T01:18:57.960Z
gb-work-visas-for-an-overseas-employer--overseas-domestic-worker,govuk-visa-times,GB,visa,service_standard,gb-work-visas-for-an-overseas-employer--overseas-domestic-worker,Overseas Domestic Worker (Work visas for an overseas employer),,,3 weeks,21,weeks,ok,2026-09-09,2026-09-25T00:45:40.257Z,https://www.gov.uk/guidance/visa-processing-times-applications-outside-the-uk,official,active,,,2026-09-25T01:18:57.960Z
gb-work-visas-for-an-overseas-employer--representative-of-an-overseas-business,govuk-visa-times,GB,visa,service_standard,gb-work-visas-for-an-overseas-employer--representative-of-an-overseas-business,Representative of an Overseas Business (Work visas for an overseas employer),,,3 weeks,21,weeks,ok,2026-09-09,2026-09-25T00:45:40.257Z,https://www.gov.uk/guidance/visa-processing-times-applications-outside-the-uk,official,active,,,2026-09-25T01:18:57.960Z
gb-work-visas-for-an-overseas-employer--secondment-worker,govuk-visa-times,GB,visa,service_standard,gb-work-visas-for-an-overseas-employer--secondment-worker,Secondment Worker (Work visas for an overseas employer),,,3 weeks,21,weeks,ok,2026-09-09,2026-09-25T00:45:40.257Z,https://www.gov.uk/guidance/visa-processing-times-applications-outside-the-uk,official,active,,,2026-09-25T01:18:57.960Z
gb-work-visas-for-an-overseas-employer--senior-or-specialist-worker,govuk-visa-times,GB,visa,service_standard,gb-work-visas-for-an-overseas-employer--senior-or-specialist-worker,Senior or Specialist Worker (Work visas for an overseas employer),,,3 weeks,21,weeks,ok,2026-09-09,2026-09-25T00:45:40.257Z,https://www.gov.uk/guidance/visa-processing-times-applications-outside-the-uk,official,active,,,2026-09-25T01:18:57.960Z
gb-work-visas-for-an-overseas-employer--service-supplier,govuk-visa-times,GB,visa,service_standard,gb-work-visas-for-an-overseas-employer--service-supplier,Service Supplier (Work visas for an overseas employer),,,3 weeks,21,weeks,ok,2026-09-09,2026-09-25T00:45:40.257Z,https://www.gov.uk/guidance/visa-processing-times-applications-outside-the-uk,official,active,,,2026-09-25T01:18:57.960Z
gb-work-visas-for-an-overseas-employer--uk-expansion-worker,govuk-visa-times,GB,visa,service_standard,gb-work-visas-for-an-overseas-employer--uk-expansion-worker,UK Expansion Worker (Work visas for an overseas employer),,,3 weeks,21,weeks,ok,2026-09-09,2026-09-25T00:45:40.257Z,https://www.gov.uk/guidance/visa-processing-times-applications-outside-the-uk,official,active,,,2026-09-25T01:18:57.960Z
gb-work-visas-to-start-a-business--innovator-founder,govuk-visa-times,GB,visa,service_standard,gb-work-visas-to-start-a-business--innovator-founder,Innovator Founder (Work visas to start a business),,,3 weeks,21,weeks,ok,2026-09-09,2026-09-25T00:45:40.257Z,https://www.gov.uk/guidance/visa-processing-times-applications-outside-the-uk,official,active,,,2026-09-25T01:18:57.960Z
gb-work-visas-to-start-a-business--start-up,govuk-visa-times,GB,visa,service_standard,gb-work-visas-to-start-a-business--start-up,Start-up (Work visas to start a business),,,3 weeks,21,weeks,ok,2026-09-09,2026-09-25T00:45:40.257Z,https://www.gov.uk/guidance/visa-processing-times-applications-outside-the-uk,official,active,,,2026-09-25T01:18:57.960Z
gb-work-visas-you-can-apply-for-without-a-job-offer--global-talent,govuk-visa-times,GB,visa,service_standard,gb-work-visas-you-can-apply-for-without-a-job-offer--global-talent,Global Talent (Work visas you can apply for without a job offer),,,3 weeks,21,weeks,ok,2026-09-09,2026-09-25T00:45:40.257Z,https://www.gov.uk/guidance/visa-processing-times-applications-outside-the-uk,official,active,,,2026-09-25T01:18:57.960Z
gb-work-visas-you-can-apply-for-without-a-job-offer--high-potential-individual-h,govuk-visa-times,GB,visa,service_standard,gb-work-visas-you-can-apply-for-without-a-job-offer--high-potential-individual-h,High Potential Individual (HPI) (Work visas you can apply for without a job offer),,,3 weeks,21,weeks,ok,2026-09-09,2026-09-25T00:45:40.257Z,https://www.gov.uk/guidance/visa-processing-times-applications-outside-the-uk,official,active,,,2026-09-25T01:18:57.960Z
gb-work-visas-you-can-apply-for-without-a-job-offer--india-young-professionals-s,govuk-visa-times,GB,visa,service_standard,gb-work-visas-you-can-apply-for-without-a-job-offer--india-young-professionals-s,India Young Professionals Scheme visa (Work visas you can apply for without a job offer),,,3 weeks,21,weeks,ok,2026-09-09,2026-09-25T00:45:40.257Z,https://www.gov.uk/guidance/visa-processing-times-applications-outside-the-uk,official,active,,,2026-09-25T01:18:57.960Z
gb-work-visas-you-can-apply-for-without-a-job-offer--uk-ancestry,govuk-visa-times,GB,visa,service_standard,gb-work-visas-you-can-apply-for-without-a-job-offer--uk-ancestry,UK Ancestry (Work visas you can apply for without a job offer),,,3 weeks,21,weeks,ok,2026-09-09,2026-09-25T00:45:40.257Z,https://www.gov.uk/guidance/visa-processing-times-applications-outside-the-uk,official,active,,,2026-09-25T01:18:57.960Z
gb-work-visas-you-can-apply-for-without-a-job-offer--youth-mobility-scheme,govuk-visa-times,GB,visa,service_standard,gb-work-visas-you-can-apply-for-without-a-job-offer--youth-mobility-scheme,Youth Mobility Scheme (Work visas you can apply for without a job offer),,,3 weeks,21,weeks,ok,2026-09-09,2026-09-25T00:45:40.257Z,https://www.gov.uk/guidance/visa-processing-times-applications-outside-the-uk,official,active,,,2026-09-25T01:18:57.960Z
no-appeal-legal-cost-coverage,udi-waiting-times,NO,settlement,published,no-appeal-legal-cost-coverage,Coverage of lawyer fees or other appeal expenses,,,6 months,182.64,months,ok,2026-08-27,2026-08-30T22:03:44.333Z,https://www.udi.no/en/waiting-time/other-types-of-cases/,official,source_unavailable,2026-09-04,Automated collection paused after UDI robots.txt began returning HTTP 403. GovWait does not bypass access controls; preserved values remain labeled with their last successful verification.,2026-09-01T17:38:38.623Z
no-brexit-residence-permit,udi-waiting-times,NO,permit,published,no-brexit-residence-permit,Residence permit under the Brexit regulations,,,6 months,182.64,months,ok,2026-08-27,2026-08-30T22:03:38.369Z,https://www.udi.no/en/waiting-time/residency-according-to-the-eueea-and-brexit-regulations/,official,source_unavailable,2026-09-04,Automated collection paused after UDI robots.txt began returning HTTP 403. GovWait does not bypass access controls; preserved values remain labeled with their last successful verification.,2026-09-01T17:38:38.623Z
no-eea-family-residence-card,udi-waiting-times,NO,permit,published,no-eea-family-residence-card,Residence card for family members of EEA nationals,,,6 months,182.64,months,ok,2026-08-27,2026-08-30T22:03:38.369Z,https://www.udi.no/en/waiting-time/residency-according-to-the-eueea-and-brexit-regulations/,official,source_unavailable,2026-09-04,Automated collection paused after UDI robots.txt began returning HTTP 403. GovWait does not bypass access controls; preserved values remain labeled with their last successful verification.,2026-09-01T17:38:38.623Z
no-eea-permanent-residence-card,udi-waiting-times,NO,settlement,published,no-eea-permanent-residence-card,Permanent EEA right of residence and residence card,,,6 months,182.64,months,ok,2026-08-27,2026-08-30T22:03:38.369Z,https://www.udi.no/en/waiting-time/residency-according-to-the-eueea-and-brexit-regulations/,official,source_unavailable,2026-09-04,Automated collection paused after UDI robots.txt began returning HTTP 403. GovWait does not bypass access controls; preserved values remain labeled with their last successful verification.,2026-09-01T17:38:38.623Z
no-expulsion-decision,udi-waiting-times,NO,settlement,published,no-expulsion-decision,Decision on expulsion,,,10 months,304.4,months,ok,2026-08-27,2026-08-30T22:03:41.334Z,https://www.udi.no/en/waiting-time/expulsion-and-lifting-a-prohibition-of-entry/,official,source_unavailable,2026-09-04,Automated collection paused after UDI robots.txt began returning HTTP 403. GovWait does not bypass access controls; preserved values remain labeled with their last successful verification.,2026-09-01T17:38:38.623Z
no-permanent-residence-family-immigration,udi-waiting-times,NO,settlement,published,no-permanent-residence-family-immigration,Permanent residence after family immigration,,,25 months,761,months,ok,2026-08-27,2026-08-30T22:03:32.338Z,https://www.udi.no/en/waiting-time/permanent-residence-permit/,official,source_unavailable,2026-09-04,Automated collection paused after UDI robots.txt began returning HTTP 403. GovWait does not bypass access controls; preserved values remain labeled with their last successful verification.,2026-09-01T17:38:38.623Z
no-permanent-residence-other,udi-waiting-times,NO,settlement,published,no-permanent-residence-other,Permanent residence after another permit type,,,25 months,761,months,ok,2026-08-27,2026-08-30T22:03:32.338Z,https://www.udi.no/en/waiting-time/permanent-residence-permit/,official,source_unavailable,2026-09-04,Automated collection paused after UDI robots.txt began returning HTTP 403. GovWait does not bypass access controls; preserved values remain labeled with their last successful verification.,2026-09-01T17:38:38.623Z
no-permanent-residence-protection-humanitarian,udi-waiting-times,NO,settlement,published,no-permanent-residence-protection-humanitarian,Permanent residence after protection or humanitarian grounds,,,25 months,761,months,ok,2026-08-27,2026-08-30T22:03:32.338Z,https://www.udi.no/en/waiting-time/permanent-residence-permit/,official,source_unavailable,2026-09-04,Automated collection paused after UDI robots.txt began returning HTTP 403. GovWait does not bypass access controls; preserved values remain labeled with their last successful verification.,2026-09-01T17:38:38.623Z
no-permanent-residence-work-immigration,udi-waiting-times,NO,settlement,published,no-permanent-residence-work-immigration,Permanent residence after work immigration,,,24 months,730.56,months,ok,2026-08-27,2026-08-30T22:03:32.338Z,https://www.udi.no/en/waiting-time/permanent-residence-permit/,official,source_unavailable,2026-09-04,Automated collection paused after UDI robots.txt began returning HTTP 403. GovWait does not bypass access controls; preserved values remain labeled with their last successful verification.,2026-09-01T17:38:38.623Z
no-residence-permit-abuse-victim,udi-waiting-times,NO,permit,published,no-residence-permit-abuse-victim,Residence permit for victims of abuse by a spouse or cohabitant,,,6 months,182.64,months,ok,2026-08-27,2026-08-30T22:03:44.333Z,https://www.udi.no/en/waiting-time/other-types-of-cases/,official,source_unavailable,2026-09-04,Automated collection paused after UDI robots.txt began returning HTTP 403. GovWait does not bypass access controls; preserved values remain labeled with their last successful verification.,2026-09-01T17:38:38.623Z
no-residence-permit-humanitarian-grounds,udi-waiting-times,NO,permit,published,no-residence-permit-humanitarian-grounds,Residence permit on humanitarian grounds or a particular connection to Norway,,,10 months,304.4,months,ok,2026-08-27,2026-08-30T22:03:44.333Z,https://www.udi.no/en/waiting-time/other-types-of-cases/,official,source_unavailable,2026-09-04,Automated collection paused after UDI robots.txt began returning HTTP 403. GovWait does not bypass access controls; preserved values remain labeled with their last successful verification.,2026-09-01T17:38:38.623Z
no-residence-permit-medical-treatment,udi-waiting-times,NO,permit,published,no-residence-permit-medical-treatment,Residence permit for medical treatment outside the EU/EEA,,,3 months,91.32,months,ok,2026-08-27,2026-08-30T22:03:44.333Z,https://www.udi.no/en/waiting-time/other-types-of-cases/,official,source_unavailable,2026-09-04,Automated collection paused after UDI robots.txt began returning HTTP 403. GovWait does not bypass access controls; preserved values remain labeled with their last successful verification.,2026-09-01T17:38:38.623Z
no-residence-permit-norwegian-parent-at-birth,udi-waiting-times,NO,permit,published,no-residence-permit-norwegian-parent-at-birth,Residence permit for a person with a Norwegian parent at birth,,,17 months,517.48,months,ok,2026-08-27,2026-08-30T22:03:44.333Z,https://www.udi.no/en/waiting-time/other-types-of-cases/,official,source_unavailable,2026-09-04,Automated collection paused after UDI robots.txt began returning HTTP 403. GovWait does not bypass access controls; preserved values remain labeled with their last successful verification.,2026-09-01T17:38:38.623Z
no-revoke-entry-ban-eea-citizen,udi-waiting-times,NO,settlement,published,no-revoke-entry-ban-eea-citizen,Revoking an entry ban for an EU/EEA citizen,,,6 months,182.64,months,ok,2026-08-27,2026-08-30T22:03:41.334Z,https://www.udi.no/en/waiting-time/expulsion-and-lifting-a-prohibition-of-entry/,official,source_unavailable,2026-09-04,Automated collection paused after UDI robots.txt began returning HTTP 403. GovWait does not bypass access controls; preserved values remain labeled with their last successful verification.,2026-09-01T17:38:38.623Z
no-revoke-entry-ban-eea-covered-non-eea-citizen,udi-waiting-times,NO,settlement,published,no-revoke-entry-ban-eea-covered-non-eea-citizen,Revoking an entry ban for a non-EU/EEA citizen covered by EEA regulations,,,6 months,182.64,months,ok,2026-08-27,2026-08-30T22:03:41.334Z,https://www.udi.no/en/waiting-time/expulsion-and-lifting-a-prohibition-of-entry/,official,source_unavailable,2026-09-04,Automated collection paused after UDI robots.txt began returning HTTP 403. GovWait does not bypass access controls; preserved values remain labeled with their last successful verification.,2026-09-01T17:38:38.623Z
no-revoke-entry-ban-non-eea-citizen,udi-waiting-times,NO,settlement,published,no-revoke-entry-ban-non-eea-citizen,Revoking an entry ban for a citizen outside the EU/EEA,,,5 months,152.2,months,ok,2026-08-27,2026-08-30T22:03:41.334Z,https://www.udi.no/en/waiting-time/expulsion-and-lifting-a-prohibition-of-entry/,official,source_unavailable,2026-09-04,Automated collection paused after UDI robots.txt began returning HTTP 403. GovWait does not bypass access controls; preserved values remain labeled with their last successful verification.,2026-09-01T17:38:38.623Z
no-visitor-visa-embassy-another-country,udi-waiting-times,NO,visa,published,no-visitor-visa-embassy-another-country,Visitor visa processed by an embassy in another country,,,15–29 days,29,days,ok,2026-08-27,2026-08-30T22:03:35.355Z,https://www.udi.no/en/waiting-time/visitor-visa/,official,source_unavailable,2026-09-04,Automated collection paused after UDI robots.txt began returning HTTP 403. GovWait does not bypass access controls; preserved values remain labeled with their last successful verification.,2026-09-01T17:38:38.623Z
no-visitor-visa-embassy-country-of-residence,udi-waiting-times,NO,visa,published,no-visitor-visa-embassy-country-of-residence,Visitor visa processed by the embassy in your country of residence,,,15 days,15,days,ok,2026-08-27,2026-08-30T22:03:35.355Z,https://www.udi.no/en/waiting-time/visitor-visa/,official,source_unavailable,2026-09-04,Automated collection paused after UDI robots.txt began returning HTTP 403. GovWait does not bypass access controls; preserved values remain labeled with their last successful verification.,2026-09-01T17:38:38.623Z
no-visitor-visa-udi,udi-waiting-times,NO,visa,published,no-visitor-visa-udi,Visitor visa processed by UDI,,,45 days,45,days,ok,2026-08-27,2026-08-30T22:03:35.355Z,https://www.udi.no/en/waiting-time/visitor-visa/,official,source_unavailable,2026-09-04,Automated collection paused after UDI robots.txt began returning HTTP 403. GovWait does not bypass access controls; preserved values remain labeled with their last successful verification.,2026-09-01T17:38:38.623Z
nz-academic-visitor-visa--p50,inz-processing-times,NZ,visa,percentile,nz-academic-visitor-visa,Academic Visitor Visa — 50% processed,,,8 working days,8,working days,ok,2026-09-25,2026-09-25T00:46:28.637Z,https://www.immigration.govt.nz/process-to-apply/waiting-for-a-visa/processing-a-visa-application/how-long-it-takes-to-process-an-application/check-visa-application-processing-time/,official,active,,,2026-09-25T01:25:44.963Z
nz-academic-visitor-visa--p80,inz-processing-times,NZ,visa,percentile,nz-academic-visitor-visa,Academic Visitor Visa — 80% processed,,,24 working days,24,working days,ok,2026-09-25,2026-09-25T00:46:28.637Z,https://www.immigration.govt.nz/process-to-apply/waiting-for-a-visa/processing-a-visa-application/how-long-it-takes-to-process-an-application/check-visa-application-processing-time/,official,active,,,2026-09-25T01:25:44.963Z
nz-accredited-employer-work-visa--p50,inz-processing-times,NZ,visa,percentile,nz-accredited-employer-work-visa,Accredited Employer Work Visa — 50% processed,,,16 working days,16,working days,ok,2026-09-25,2026-09-25T00:45:56.109Z,https://www.immigration.govt.nz/process-to-apply/waiting-for-a-visa/processing-a-visa-application/how-long-it-takes-to-process-an-application/check-visa-application-processing-time/,official,active,,,2026-09-25T01:25:44.963Z
nz-accredited-employer-work-visa--p80,inz-processing-times,NZ,visa,percentile,nz-accredited-employer-work-visa,Accredited Employer Work Visa — 80% processed,,,42 working days,42,working days,ok,2026-09-25,2026-09-25T00:45:56.109Z,https://www.immigration.govt.nz/process-to-apply/waiting-for-a-visa/processing-a-visa-application/how-long-it-takes-to-process-an-application/check-visa-application-processing-time/,official,active,,,2026-09-25T01:25:44.963Z
nz-active-investor-plus-visa--p50,inz-processing-times,NZ,visa,percentile,nz-active-investor-plus-visa,Active Investor Plus Visa — 50% processed,,,45 working days,45,working days,ok,2026-09-25,2026-09-25T00:46:32.104Z,https://www.immigration.govt.nz/process-to-apply/waiting-for-a-visa/processing-a-visa-application/how-long-it-takes-to-process-an-application/check-visa-application-processing-time/,official,active,,,2026-09-25T01:25:44.963Z
nz-active-investor-plus-visa--p80,inz-processing-times,NZ,visa,percentile,nz-active-investor-plus-visa,Active Investor Plus Visa — 80% processed,,,106 working days,106,working days,ok,2026-09-25,2026-09-25T00:46:32.104Z,https://www.immigration.govt.nz/process-to-apply/waiting-for-a-visa/processing-a-visa-application/how-long-it-takes-to-process-an-application/check-visa-application-processing-time/,official,active,,,2026-09-25T01:25:44.963Z
nz-adoption-pre-citizenship-visitor-visa--p50,inz-processing-times,NZ,visa,percentile,nz-adoption-pre-citizenship-visitor-visa,Adoption Pre-citizenship Visitor Visa — 50% processed,,,8 working days,8,working days,ok,2026-09-25,2026-09-25T00:46:35.124Z,https://www.immigration.govt.nz/process-to-apply/waiting-for-a-visa/processing-a-visa-application/how-long-it-takes-to-process-an-application/check-visa-application-processing-time/,official,active,,,2026-09-25T01:25:44.963Z
nz-adoption-pre-citizenship-visitor-visa--p80,inz-processing-times,NZ,visa,percentile,nz-adoption-pre-citizenship-visitor-visa,Adoption Pre-citizenship Visitor Visa — 80% processed,,,24 working days,24,working days,ok,2026-09-25,2026-09-25T00:46:35.124Z,https://www.immigration.govt.nz/process-to-apply/waiting-for-a-visa/processing-a-visa-application/how-long-it-takes-to-process-an-application/check-visa-application-processing-time/,official,active,,,2026-09-25T01:25:44.963Z
nz-adoption-visitor-visa--p50,inz-processing-times,NZ,visa,percentile,nz-adoption-visitor-visa,Adoption Visitor Visa — 50% processed,,,8 working days,8,working days,ok,2026-09-25,2026-09-25T00:46:37.626Z,https://www.immigration.govt.nz/process-to-apply/waiting-for-a-visa/processing-a-visa-application/how-long-it-takes-to-process-an-application/check-visa-application-processing-time/,official,active,,,2026-09-25T01:25:44.963Z
nz-adoption-visitor-visa--p80,inz-processing-times,NZ,visa,percentile,nz-adoption-visitor-visa,Adoption Visitor Visa — 80% processed,,,24 working days,24,working days,ok,2026-09-25,2026-09-25T00:46:37.626Z,https://www.immigration.govt.nz/process-to-apply/waiting-for-a-visa/processing-a-visa-application/how-long-it-takes-to-process-an-application/check-visa-application-processing-time/,official,active,,,2026-09-25T01:25:44.963Z
nz-antarctic-traveller-visitor-visa--p50,inz-processing-times,NZ,visa,percentile,nz-antarctic-traveller-visitor-visa,Antarctic Traveller Visitor Visa — 50% processed,,,8 working days,8,working days,ok,2026-09-25,2026-09-25T00:46:41.061Z,https://www.immigration.govt.nz/process-to-apply/waiting-for-a-visa/processing-a-visa-application/how-long-it-takes-to-process-an-application/check-visa-application-processing-time/,official,active,,,2026-09-25T01:25:44.963Z
nz-antarctic-traveller-visitor-visa--p80,inz-processing-times,NZ,visa,percentile,nz-antarctic-traveller-visitor-visa,Antarctic Traveller Visitor Visa — 80% processed,,,24 working days,24,working days,ok,2026-09-25,2026-09-25T00:46:41.061Z,https://www.immigration.govt.nz/process-to-apply/waiting-for-a-visa/processing-a-visa-application/how-long-it-takes-to-process-an-application/check-visa-application-processing-time/,official,active,,,2026-09-25T01:25:44.963Z
nz-argentina-working-holiday-visa--p50,inz-processing-times,NZ,visa,percentile,nz-argentina-working-holiday-visa,Argentina Working Holiday Visa — 50% processed,,,7 working days,7,working days,ok,2026-09-25,2026-09-25T00:46:43.609Z,https://www.immigration.govt.nz/process-to-apply/waiting-for-a-visa/processing-a-visa-application/how-long-it-takes-to-process-an-application/check-visa-application-processing-time/,official,active,,,2026-09-25T01:25:44.963Z
nz-argentina-working-holiday-visa--p80,inz-processing-times,NZ,visa,percentile,nz-argentina-working-holiday-visa,Argentina Working Holiday Visa — 80% processed,,,15 working days,15,working days,ok,2026-09-25,2026-09-25T00:46:43.609Z,https://www.immigration.govt.nz/process-to-apply/waiting-for-a-visa/processing-a-visa-application/how-long-it-takes-to-process-an-application/check-visa-application-processing-time/,official,active,,,2026-09-25T01:25:44.963Z
nz-arts-and-music-festival-visitor-visa--p50,inz-processing-times,NZ,visa,percentile,nz-arts-and-music-festival-visitor-visa,Arts and Music Festival Visitor Visa — 50% processed,,,8 working days,8,working days,ok,2026-09-25,2026-09-25T00:46:47.109Z,https://www.immigration.govt.nz/process-to-apply/waiting-for-a-visa/processing-a-visa-application/how-long-it-takes-to-process-an-application/check-visa-application-processing-time/,official,active,,,2026-09-25T01:25:44.963Z
nz-arts-and-music-festival-visitor-visa--p80,inz-processing-times,NZ,visa,percentile,nz-arts-and-music-festival-visitor-visa,Arts and Music Festival Visitor Visa — 80% processed,,,24 working days,24,working days,ok,2026-09-25,2026-09-25T00:46:47.109Z,https://www.immigration.govt.nz/process-to-apply/waiting-for-a-visa/processing-a-visa-application/how-long-it-takes-to-process-an-application/check-visa-application-processing-time/,official,active,,,2026-09-25T01:25:44.963Z
nz-austria-working-holiday-visa--p50,inz-processing-times,NZ,visa,percentile,nz-austria-working-holiday-visa,Austria Working Holiday Visa — 50% processed,,,7 working days,7,working days,ok,2026-09-25,2026-09-25T00:46:50.096Z,https://www.immigration.govt.nz/process-to-apply/waiting-for-a-visa/processing-a-visa-application/how-long-it-takes-to-process-an-application/check-visa-application-processing-time/,official,active,,,2026-09-25T01:25:44.963Z
nz-austria-working-holiday-visa--p80,inz-processing-times,NZ,visa,percentile,nz-austria-working-holiday-visa,Austria Working Holiday Visa — 80% processed,,,15 working days,15,working days,ok,2026-09-25,2026-09-25T00:46:50.096Z,https://www.immigration.govt.nz/process-to-apply/waiting-for-a-visa/processing-a-visa-application/how-long-it-takes-to-process-an-application/check-visa-application-processing-time/,official,active,,,2026-09-25T01:25:44.963Z
nz-belgium-working-holiday-visa--p50,inz-processing-times,NZ,visa,percentile,nz-belgium-working-holiday-visa,Belgium Working Holiday Visa — 50% processed,,,7 working days,7,working days,ok,2026-09-25,2026-09-25T00:46:53.055Z,https://www.immigration.govt.nz/process-to-apply/waiting-for-a-visa/processing-a-visa-application/how-long-it-takes-to-process-an-application/check-visa-application-processing-time/,official,active,,,2026-09-25T01:25:44.963Z
nz-belgium-working-holiday-visa--p80,inz-processing-times,NZ,visa,percentile,nz-belgium-working-holiday-visa,Belgium Working Holiday Visa — 80% processed,,,15 working days,15,working days,ok,2026-09-25,2026-09-25T00:46:53.055Z,https://www.immigration.govt.nz/process-to-apply/waiting-for-a-visa/processing-a-visa-application/how-long-it-takes-to-process-an-application/check-visa-application-processing-time/,official,active,,,2026-09-25T01:25:44.963Z
nz-brazil-working-holiday-visa--p50,inz-processing-times,NZ,visa,percentile,nz-brazil-working-holiday-visa,Brazil Working Holiday Visa — 50% processed,,,7 working days,7,working days,ok,2026-09-25,2026-09-25T00:46:56.128Z,https://www.immigration.govt.nz/process-to-apply/waiting-for-a-visa/processing-a-visa-application/how-long-it-takes-to-process-an-application/check-visa-application-processing-time/,official,active,,,2026-09-25T01:25:44.963Z
nz-brazil-working-holiday-visa--p80,inz-processing-times,NZ,visa,percentile,nz-brazil-working-holiday-visa,Brazil Working Holiday Visa — 80% processed,,,15 working days,15,working days,ok,2026-09-25,2026-09-25T00:46:56.128Z,https://www.immigration.govt.nz/process-to-apply/waiting-for-a-visa/processing-a-visa-application/how-long-it-takes-to-process-an-application/check-visa-application-processing-time/,official,active,,,2026-09-25T01:25:44.963Z
nz-business-visitor-visa--p50,inz-processing-times,NZ,visa,percentile,nz-business-visitor-visa,Business Visitor Visa — 50% processed,,,3 working days,3,working days,ok,2026-08-23,2026-08-23T21:02:42.899Z,https://www.immigration.govt.nz/process-to-apply/waiting-for-a-visa/processing-a-visa-application/how-long-it-takes-to-process-an-application/check-visa-application-processing-time/,official,active,,,2026-09-25T01:25:44.963Z
nz-business-visitor-visa--p80,inz-processing-times,NZ,visa,percentile,nz-business-visitor-visa,Business Visitor Visa — 80% processed,,,7 working days,7,working days,ok,2026-09-25,2026-09-25T00:45:59.107Z,https://www.immigration.govt.nz/process-to-apply/waiting-for-a-visa/processing-a-visa-application/how-long-it-takes-to-process-an-application/check-visa-application-processing-time/,official,active,,,2026-09-25T01:25:44.963Z
nz-canada-working-holiday-visa--p50,inz-processing-times,NZ,visa,percentile,nz-canada-working-holiday-visa,Canada Working Holiday Visa — 50% processed,,,7 working days,7,working days,ok,2026-09-25,2026-09-25T00:46:59.070Z,https://www.immigration.govt.nz/process-to-apply/waiting-for-a-visa/processing-a-visa-application/how-long-it-takes-to-process-an-application/check-visa-application-processing-time/,official,active,,,2026-09-25T01:25:44.963Z
nz-canada-working-holiday-visa--p80,inz-processing-times,NZ,visa,percentile,nz-canada-working-holiday-visa,Canada Working Holiday Visa — 80% processed,,,15 working days,15,working days,ok,2026-09-25,2026-09-25T00:46:59.070Z,https://www.immigration.govt.nz/process-to-apply/waiting-for-a-visa/processing-a-visa-application/how-long-it-takes-to-process-an-application/check-visa-application-processing-time/,official,active,,,2026-09-25T01:25:44.963Z
nz-child-of-a-new-zealander-visitor-visa--p50,inz-processing-times,NZ,visa,percentile,nz-child-of-a-new-zealander-visitor-visa,Child of a New Zealander Visitor Visa — 50% processed,,,8 working days,8,working days,ok,2026-09-25,2026-09-25T00:47:02.181Z,https://www.immigration.govt.nz/process-to-apply/waiting-for-a-visa/processing-a-visa-application/how-long-it-takes-to-process-an-application/check-visa-application-processing-time/,official,active,,,2026-09-25T01:25:44.963Z
nz-child-of-a-new-zealander-visitor-visa--p80,inz-processing-times,NZ,visa,percentile,nz-child-of-a-new-zealander-visitor-visa,Child of a New Zealander Visitor Visa — 80% processed,,,24 working days,24,working days,ok,2026-09-25,2026-09-25T00:47:02.181Z,https://www.immigration.govt.nz/process-to-apply/waiting-for-a-visa/processing-a-visa-application/how-long-it-takes-to-process-an-application/check-visa-application-processing-time/,official,active,,,2026-09-25T01:25:44.963Z
nz-child-of-a-student-visitor-visa--p50,inz-processing-times,NZ,visa,percentile,nz-child-of-a-student-visitor-visa,Child of a Student Visitor Visa — 50% processed,,,35 working days,35,working days,ok,2026-09-25,2026-09-25T00:47:05.185Z,https://www.immigration.govt.nz/process-to-apply/waiting-for-a-visa/processing-a-visa-application/how-long-it-takes-to-process-an-application/check-visa-application-processing-time/,official,active,,,2026-09-25T01:25:44.963Z
nz-child-of-a-student-visitor-visa--p80,inz-processing-times,NZ,visa,percentile,nz-child-of-a-student-visitor-visa,Child of a Student Visitor Visa — 80% processed,,,72 working days,72,working days,ok,2026-09-25,2026-09-25T00:47:05.185Z,https://www.immigration.govt.nz/process-to-apply/waiting-for-a-visa/processing-a-visa-application/how-long-it-takes-to-process-an-application/check-visa-application-processing-time/,official,active,,,2026-09-25T01:25:44.963Z
nz-child-of-a-worker-visitor-visa--p50,inz-processing-times,NZ,visa,percentile,nz-child-of-a-worker-visitor-visa,Child of a Worker Visitor Visa — 50% processed,,,35 working days,35,working days,ok,2026-09-25,2026-09-25T00:47:07.651Z,https://www.immigration.govt.nz/process-to-apply/waiting-for-a-visa/processing-a-visa-application/how-long-it-takes-to-process-an-application/check-visa-application-processing-time/,official,active,,,2026-09-25T01:25:44.963Z
nz-child-of-a-worker-visitor-visa--p80,inz-processing-times,NZ,visa,percentile,nz-child-of-a-worker-visitor-visa,Child of a Worker Visitor Visa — 80% processed,,,72 working days,72,working days,ok,2026-09-25,2026-09-25T00:47:07.651Z,https://www.immigration.govt.nz/process-to-apply/waiting-for-a-visa/processing-a-visa-application/how-long-it-takes-to-process-an-application/check-visa-application-processing-time/,official,active,,,2026-09-25T01:25:44.963Z
nz-child-of-military-visitor-visa--p50,inz-processing-times,NZ,visa,percentile,nz-child-of-military-visitor-visa,Child of Military Visitor Visa — 50% processed,,,35 working days,35,working days,ok,2026-09-25,2026-09-25T00:47:11.089Z,https://www.immigration.govt.nz/process-to-apply/waiting-for-a-visa/processing-a-visa-application/how-long-it-takes-to-process-an-application/check-visa-application-processing-time/,official,active,,,2026-09-25T01:25:44.963Z
nz-child-of-military-visitor-visa--p80,inz-processing-times,NZ,visa,percentile,nz-child-of-military-visitor-visa,Child of Military Visitor Visa — 80% processed,,,72 working days,72,working days,ok,2026-09-25,2026-09-25T00:47:11.089Z,https://www.immigration.govt.nz/process-to-apply/waiting-for-a-visa/processing-a-visa-application/how-long-it-takes-to-process-an-application/check-visa-application-processing-time/,official,active,,,2026-09-25T01:25:44.963Z
nz-chile-working-holiday-visa--p50,inz-processing-times,NZ,visa,percentile,nz-chile-working-holiday-visa,Chile Working Holiday Visa — 50% processed,,,7 working days,7,working days,ok,2026-09-25,2026-09-25T00:47:13.659Z,https://www.immigration.govt.nz/process-to-apply/waiting-for-a-visa/processing-a-visa-application/how-long-it-takes-to-process-an-application/check-visa-application-processing-time/,official,active,,,2026-09-25T01:25:44.963Z
nz-chile-working-holiday-visa--p80,inz-processing-times,NZ,visa,percentile,nz-chile-working-holiday-visa,Chile Working Holiday Visa — 80% processed,,,15 working days,15,working days,ok,2026-09-25,2026-09-25T00:47:13.659Z,https://www.immigration.govt.nz/process-to-apply/waiting-for-a-visa/processing-a-visa-application/how-long-it-takes-to-process-an-application/check-visa-application-processing-time/,official,active,,,2026-09-25T01:25:44.963Z
nz-china-skilled-workers-visa--p50,inz-processing-times,NZ,visa,percentile,nz-china-skilled-workers-visa,China Skilled Workers Visa — 50% processed,,,22 working days,22,working days,ok,2026-09-25,2026-09-25T00:47:16.659Z,https://www.immigration.govt.nz/process-to-apply/waiting-for-a-visa/processing-a-visa-application/how-long-it-takes-to-process-an-application/check-visa-application-processing-time/,official,active,,,2026-09-25T01:25:44.963Z
nz-china-skilled-workers-visa--p80,inz-processing-times,NZ,visa,percentile,nz-china-skilled-workers-visa,China Skilled Workers Visa — 80% processed,,,49 working days,49,working days,ok,2026-09-25,2026-09-25T00:47:16.659Z,https://www.immigration.govt.nz/process-to-apply/waiting-for-a-visa/processing-a-visa-application/how-long-it-takes-to-process-an-application/check-visa-application-processing-time/,official,active,,,2026-09-25T01:25:44.963Z
nz-china-special-work-visa--p50,inz-processing-times,NZ,visa,percentile,nz-china-special-work-visa,China Special Work Visa — 50% processed,,,22 working days,22,working days,ok,2026-09-25,2026-09-25T00:47:20.128Z,https://www.immigration.govt.nz/process-to-apply/waiting-for-a-visa/processing-a-visa-application/how-long-it-takes-to-process-an-application/check-visa-application-processing-time/,official,active,,,2026-09-25T01:25:44.963Z
nz-china-special-work-visa--p80,inz-processing-times,NZ,visa,percentile,nz-china-special-work-visa,China Special Work Visa — 80% processed,,,49 working days,49,working days,ok,2026-09-25,2026-09-25T00:47:20.128Z,https://www.immigration.govt.nz/process-to-apply/waiting-for-a-visa/processing-a-visa-application/how-long-it-takes-to-process-an-application/check-visa-application-processing-time/,official,active,,,2026-09-25T01:25:44.963Z
nz-china-working-holiday-visa--p50,inz-processing-times,NZ,visa,percentile,nz-china-working-holiday-visa,China Working Holiday Visa — 50% processed,,,7 working days,7,working days,ok,2026-09-25,2026-09-25T00:47:23.115Z,https://www.immigration.govt.nz/process-to-apply/waiting-for-a-visa/processing-a-visa-application/how-long-it-takes-to-process-an-application/check-visa-application-processing-time/,official,active,,,2026-09-25T01:25:44.963Z
nz-china-working-holiday-visa--p80,inz-processing-times,NZ,visa,percentile,nz-china-working-holiday-visa,China Working Holiday Visa — 80% processed,,,15 working days,15,working days,ok,2026-09-25,2026-09-25T00:47:23.115Z,https://www.immigration.govt.nz/process-to-apply/waiting-for-a-visa/processing-a-visa-application/how-long-it-takes-to-process-an-application/check-visa-application-processing-time/,official,active,,,2026-09-25T01:25:44.963Z
nz-crew-joining-a-ship-or-plane-visitor-visa--p50,inz-processing-times,NZ,visa,percentile,nz-crew-joining-a-ship-or-plane-visitor-visa,Crew joining a Ship or Plane Visitor Visa — 50% processed,,,8 working days,8,working days,ok,2026-09-25,2026-09-25T00:47:26.266Z,https://www.immigration.govt.nz/process-to-apply/waiting-for-a-visa/processing-a-visa-application/how-long-it-takes-to-process-an-application/check-visa-application-processing-time/,official,active,,,2026-09-25T01:25:44.963Z
nz-crew-joining-a-ship-or-plane-visitor-visa--p80,inz-processing-times,NZ,visa,percentile,nz-crew-joining-a-ship-or-plane-visitor-visa,Crew joining a Ship or Plane Visitor Visa — 80% processed,,,24 working days,24,working days,ok,2026-09-25,2026-09-25T00:47:26.266Z,https://www.immigration.govt.nz/process-to-apply/waiting-for-a-visa/processing-a-visa-application/how-long-it-takes-to-process-an-application/check-visa-application-processing-time/,official,active,,,2026-09-25T01:25:44.963Z
nz-croatia-working-holiday-visa--p50,inz-processing-times,NZ,visa,percentile,nz-croatia-working-holiday-visa,Croatia Working Holiday Visa — 50% processed,,,7 working days,7,working days,ok,2026-09-25,2026-09-25T00:47:29.104Z,https://www.immigration.govt.nz/process-to-apply/waiting-for-a-visa/processing-a-visa-application/how-long-it-takes-to-process-an-application/check-visa-application-processing-time/,official,active,,,2026-09-25T01:25:44.963Z
nz-croatia-working-holiday-visa--p80,inz-processing-times,NZ,visa,percentile,nz-croatia-working-holiday-visa,Croatia Working Holiday Visa — 80% processed,,,15 working days,15,working days,ok,2026-09-25,2026-09-25T00:47:29.104Z,https://www.immigration.govt.nz/process-to-apply/waiting-for-a-visa/processing-a-visa-application/how-long-it-takes-to-process-an-application/check-visa-application-processing-time/,official,active,,,2026-09-25T01:25:44.963Z
nz-culturally-arranged-marriage-visitor-visa--p50,inz-processing-times,NZ,visa,percentile,nz-culturally-arranged-marriage-visitor-visa,Culturally Arranged Marriage Visitor Visa — 50% processed,,,16 working days,16,working days,ok,2026-09-25,2026-09-25T00:47:32.121Z,https://www.immigration.govt.nz/process-to-apply/waiting-for-a-visa/processing-a-visa-application/how-long-it-takes-to-process-an-application/check-visa-application-processing-time/,official,active,,,2026-09-25T01:25:44.963Z
nz-culturally-arranged-marriage-visitor-visa--p80,inz-processing-times,NZ,visa,percentile,nz-culturally-arranged-marriage-visitor-visa,Culturally Arranged Marriage Visitor Visa — 80% processed,,,28 working days,28,working days,ok,2026-09-25,2026-09-25T00:47:32.121Z,https://www.immigration.govt.nz/process-to-apply/waiting-for-a-visa/processing-a-visa-application/how-long-it-takes-to-process-an-application/check-visa-application-processing-time/,official,active,,,2026-09-25T01:25:44.963Z
nz-czech-working-holiday-visa--p50,inz-processing-times,NZ,visa,percentile,nz-czech-working-holiday-visa,Czech Working Holiday Visa — 50% processed,,,7 working days,7,working days,ok,2026-09-25,2026-09-25T00:47:34.665Z,https://www.immigration.govt.nz/process-to-apply/waiting-for-a-visa/processing-a-visa-application/how-long-it-takes-to-process-an-application/check-visa-application-processing-time/,official,active,,,2026-09-25T01:25:44.963Z
nz-czech-working-holiday-visa--p80,inz-processing-times,NZ,visa,percentile,nz-czech-working-holiday-visa,Czech Working Holiday Visa — 80% processed,,,15 working days,15,working days,ok,2026-09-25,2026-09-25T00:47:34.665Z,https://www.immigration.govt.nz/process-to-apply/waiting-for-a-visa/processing-a-visa-application/how-long-it-takes-to-process-an-application/check-visa-application-processing-time/,official,active,,,2026-09-25T01:25:44.963Z
nz-denmark-working-holiday-visa--p50,inz-processing-times,NZ,visa,percentile,nz-denmark-working-holiday-visa,Denmark Working Holiday Visa — 50% processed,,,7 working days,7,working days,ok,2026-09-25,2026-09-25T00:47:38.153Z,https://www.immigration.govt.nz/process-to-apply/waiting-for-a-visa/processing-a-visa-application/how-long-it-takes-to-process-an-application/check-visa-application-processing-time/,official,active,,,2026-09-25T01:25:44.963Z
nz-denmark-working-holiday-visa--p80,inz-processing-times,NZ,visa,percentile,nz-denmark-working-holiday-visa,Denmark Working Holiday Visa — 80% processed,,,15 working days,15,working days,ok,2026-09-25,2026-09-25T00:47:38.153Z,https://www.immigration.govt.nz/process-to-apply/waiting-for-a-visa/processing-a-visa-application/how-long-it-takes-to-process-an-application/check-visa-application-processing-time/,official,active,,,2026-09-25T01:25:44.963Z
nz-dependent-child-resident-visa--p50,inz-processing-times,NZ,settlement,percentile,nz-dependent-child-resident-visa,Dependent Child Resident Visa — 50% processed,,,162 working days,162,working days,ok,2026-09-25,2026-09-25T00:47:41.091Z,https://www.immigration.govt.nz/process-to-apply/waiting-for-a-visa/processing-a-visa-application/how-long-it-takes-to-process-an-application/check-visa-application-processing-time/,official,active,,,2026-09-25T01:25:44.963Z
nz-dependent-child-resident-visa--p80,inz-processing-times,NZ,settlement,percentile,nz-dependent-child-resident-visa,Dependent Child Resident Visa — 80% processed,,,189 working days,189,working days,ok,2026-09-25,2026-09-25T00:47:41.091Z,https://www.immigration.govt.nz/process-to-apply/waiting-for-a-visa/processing-a-visa-application/how-long-it-takes-to-process-an-application/check-visa-application-processing-time/,official,active,,,2026-09-25T01:25:44.963Z
nz-dependent-child-student-visa--p50,inz-processing-times,NZ,visa,percentile,nz-dependent-child-student-visa,Dependent Child Student Visa — 50% processed,,,32 working days,32,working days,ok,2026-09-25,2026-09-25T00:47:44.150Z,https://www.immigration.govt.nz/process-to-apply/waiting-for-a-visa/processing-a-visa-application/how-long-it-takes-to-process-an-application/check-visa-application-processing-time/,official,active,,,2026-09-25T01:25:44.963Z
nz-dependent-child-student-visa--p80,inz-processing-times,NZ,visa,percentile,nz-dependent-child-student-visa,Dependent Child Student Visa — 80% processed,,,65 working days,65,working days,ok,2026-09-25,2026-09-25T00:47:44.150Z,https://www.immigration.govt.nz/process-to-apply/waiting-for-a-visa/processing-a-visa-application/how-long-it-takes-to-process-an-application/check-visa-application-processing-time/,official,active,,,2026-09-25T01:25:44.963Z
nz-dismissed-worker-visitor-visa--p50,inz-processing-times,NZ,visa,percentile,nz-dismissed-worker-visitor-visa,Dismissed Worker Visitor Visa — 50% processed,,,8 working days,8,working days,ok,2026-09-25,2026-09-25T00:47:47.163Z,https://www.immigration.govt.nz/process-to-apply/waiting-for-a-visa/processing-a-visa-application/how-long-it-takes-to-process-an-application/check-visa-application-processing-time/,official,active,,,2026-09-25T01:25:44.963Z
nz-dismissed-worker-visitor-visa--p80,inz-processing-times,NZ,visa,percentile,nz-dismissed-worker-visitor-visa,Dismissed Worker Visitor Visa — 80% processed,,,24 working days,24,working days,ok,2026-09-25,2026-09-25T00:47:47.163Z,https://www.immigration.govt.nz/process-to-apply/waiting-for-a-visa/processing-a-visa-application/how-long-it-takes-to-process-an-application/check-visa-application-processing-time/,official,active,,,2026-09-25T01:25:44.963Z
nz-domestic-staff-of-a-diplomat-work-visa--p50,inz-processing-times,NZ,visa,percentile,nz-domestic-staff-of-a-diplomat-work-visa,Domestic Staff of a Diplomat Work Visa — 50% processed,,,22 working days,22,working days,ok,2026-09-25,2026-09-25T00:47:49.751Z,https://www.immigration.govt.nz/process-to-apply/waiting-for-a-visa/processing-a-visa-application/how-long-it-takes-to-process-an-application/check-visa-application-processing-time/,official,active,,,2026-09-25T01:25:44.963Z
nz-domestic-staff-of-a-diplomat-work-visa--p80,inz-processing-times,NZ,visa,percentile,nz-domestic-staff-of-a-diplomat-work-visa,Domestic Staff of a Diplomat Work Visa — 80% processed,,,49 working days,49,working days,ok,2026-09-25,2026-09-25T00:47:49.751Z,https://www.immigration.govt.nz/process-to-apply/waiting-for-a-visa/processing-a-visa-application/how-long-it-takes-to-process-an-application/check-visa-application-processing-time/,official,active,,,2026-09-25T01:25:44.963Z
nz-english-language-student-visa--p50,inz-processing-times,NZ,visa,percentile,nz-english-language-student-visa,English Language Student Visa — 50% processed,,,23 working days,23,working days,ok,2026-08-23,2026-08-23T21:04:40.003Z,https://www.immigration.govt.nz/process-to-apply/waiting-for-a-visa/processing-a-visa-application/how-long-it-takes-to-process-an-application/check-visa-application-processing-time/,official,active,,,2026-09-25T01:25:44.963Z
nz-english-language-student-visa--p80,inz-processing-times,NZ,visa,percentile,nz-english-language-student-visa,English Language Student Visa — 80% processed,,,53 working days,53,working days,ok,2026-09-25,2026-09-25T00:47:53.110Z,https://www.immigration.govt.nz/process-to-apply/waiting-for-a-visa/processing-a-visa-application/how-long-it-takes-to-process-an-application/check-visa-application-processing-time/,official,active,,,2026-09-25T01:25:44.963Z
nz-entertainers-work-visa--p50,inz-processing-times,NZ,visa,percentile,nz-entertainers-work-visa,Entertainers Work Visa — 50% processed,,,9 working days,9,working days,ok,2026-09-25,2026-09-25T00:47:56.132Z,https://www.immigration.govt.nz/process-to-apply/waiting-for-a-visa/processing-a-visa-application/how-long-it-takes-to-process-an-application/check-visa-application-processing-time/,official,active,,,2026-09-25T01:25:44.963Z
nz-entertainers-work-visa--p80,inz-processing-times,NZ,visa,percentile,nz-entertainers-work-visa,Entertainers Work Visa — 80% processed,,,11 working days,11,working days,ok,2026-09-25,2026-09-25T00:47:56.132Z,https://www.immigration.govt.nz/process-to-apply/waiting-for-a-visa/processing-a-visa-application/how-long-it-takes-to-process-an-application/check-visa-application-processing-time/,official,active,,,2026-09-25T01:25:44.963Z
nz-entrepreneur-work-visa--p50,inz-processing-times,NZ,visa,percentile,nz-entrepreneur-work-visa,Entrepreneur Work Visa — 50% processed,,,392 working days,392,working days,ok,2026-09-25,2026-09-25T00:47:59.148Z,https://www.immigration.govt.nz/process-to-apply/waiting-for-a-visa/processing-a-visa-application/how-long-it-takes-to-process-an-application/check-visa-application-processing-time/,official,active,,,2026-09-25T01:25:44.963Z
nz-entrepreneur-work-visa--p80,inz-processing-times,NZ,visa,percentile,nz-entrepreneur-work-visa,Entrepreneur Work Visa — 80% processed,,,428 working days,428,working days,ok,2026-09-25,2026-09-25T00:47:59.148Z,https://www.immigration.govt.nz/process-to-apply/waiting-for-a-visa/processing-a-visa-application/how-long-it-takes-to-process-an-application/check-visa-application-processing-time/,official,active,,,2026-09-25T01:25:44.963Z
nz-escort-of-medical-patients-visitor-visa--p50,inz-processing-times,NZ,visa,percentile,nz-escort-of-medical-patients-visitor-visa,Escort of Medical Patients Visitor Visa — 50% processed,,,8 working days,8,working days,ok,2026-09-25,2026-09-25T00:48:01.829Z,https://www.immigration.govt.nz/process-to-apply/waiting-for-a-visa/processing-a-visa-application/how-long-it-takes-to-process-an-application/check-visa-application-processing-time/,official,active,,,2026-09-25T01:25:44.963Z
nz-escort-of-medical-patients-visitor-visa--p80,inz-processing-times,NZ,visa,percentile,nz-escort-of-medical-patients-visitor-visa,Escort of Medical Patients Visitor Visa — 80% processed,,,24 working days,24,working days,ok,2026-09-25,2026-09-25T00:48:01.829Z,https://www.immigration.govt.nz/process-to-apply/waiting-for-a-visa/processing-a-visa-application/how-long-it-takes-to-process-an-application/check-visa-application-processing-time/,official,active,,,2026-09-25T01:25:44.963Z
nz-estonia-working-holiday-visa--p50,inz-processing-times,NZ,visa,percentile,nz-estonia-working-holiday-visa,Estonia Working Holiday Visa — 50% processed,,,7 working days,7,working days,ok,2026-09-25,2026-09-25T00:48:04.725Z,https://www.immigration.govt.nz/process-to-apply/waiting-for-a-visa/processing-a-visa-application/how-long-it-takes-to-process-an-application/check-visa-application-processing-time/,official,active,,,2026-09-25T01:25:44.963Z
nz-estonia-working-holiday-visa--p80,inz-processing-times,NZ,visa,percentile,nz-estonia-working-holiday-visa,Estonia Working Holiday Visa — 80% processed,,,15 working days,15,working days,ok,2026-09-25,2026-09-25T00:48:04.725Z,https://www.immigration.govt.nz/process-to-apply/waiting-for-a-visa/processing-a-visa-application/how-long-it-takes-to-process-an-application/check-visa-application-processing-time/,official,active,,,2026-09-25T01:25:44.963Z
nz-exchange-student-visa--p50,inz-processing-times,NZ,visa,percentile,nz-exchange-student-visa,Exchange Student Visa — 50% processed,,,8 working days,8,working days,ok,2026-08-23,2026-08-23T21:04:54.935Z,https://www.immigration.govt.nz/process-to-apply/waiting-for-a-visa/processing-a-visa-application/how-long-it-takes-to-process-an-application/check-visa-application-processing-time/,official,active,,,2026-09-25T01:25:44.963Z
nz-exchange-student-visa--p80,inz-processing-times,NZ,visa,percentile,nz-exchange-student-visa,Exchange Student Visa — 80% processed,,,9 working days,9,working days,ok,2026-09-25,2026-09-25T00:48:07.868Z,https://www.immigration.govt.nz/process-to-apply/waiting-for-a-visa/processing-a-visa-application/how-long-it-takes-to-process-an-application/check-visa-application-processing-time/,official,active,,,2026-09-25T01:25:44.963Z
nz-fee-paying-student-visa--p50,inz-processing-times,NZ,visa,percentile,nz-fee-paying-student-visa,Fee Paying Student Visa — 50% processed,,,23 working days,23,working days,ok,2026-08-23,2026-08-23T21:02:57.924Z,https://www.immigration.govt.nz/process-to-apply/waiting-for-a-visa/processing-a-visa-application/how-long-it-takes-to-process-an-application/check-visa-application-processing-time/,official,active,,,2026-09-25T01:25:44.963Z
nz-fee-paying-student-visa--p80,inz-processing-times,NZ,visa,percentile,nz-fee-paying-student-visa,Fee Paying Student Visa — 80% processed,,,53 working days,53,working days,ok,2026-09-25,2026-09-25T00:46:14.091Z,https://www.immigration.govt.nz/process-to-apply/waiting-for-a-visa/processing-a-visa-application/how-long-it-takes-to-process-an-application/check-visa-application-processing-time/,official,active,,,2026-09-25T01:25:44.963Z
nz-finland-working-holiday-visa--p50,inz-processing-times,NZ,visa,percentile,nz-finland-working-holiday-visa,Finland Working Holiday Visa — 50% processed,,,7 working days,7,working days,ok,2026-09-25,2026-09-25T00:48:11.169Z,https://www.immigration.govt.nz/process-to-apply/waiting-for-a-visa/processing-a-visa-application/how-long-it-takes-to-process-an-application/check-visa-application-processing-time/,official,active,,,2026-09-25T01:25:44.963Z
nz-finland-working-holiday-visa--p80,inz-processing-times,NZ,visa,percentile,nz-finland-working-holiday-visa,Finland Working Holiday Visa — 80% processed,,,15 working days,15,working days,ok,2026-09-25,2026-09-25T00:48:11.169Z,https://www.immigration.govt.nz/process-to-apply/waiting-for-a-visa/processing-a-visa-application/how-long-it-takes-to-process-an-application/check-visa-application-processing-time/,official,active,,,2026-09-25T01:25:44.963Z
nz-fishing-crew-work-visa--p50,inz-processing-times,NZ,visa,percentile,nz-fishing-crew-work-visa,Fishing Crew Work Visa — 50% processed,,,50 working days,50,working days,ok,2026-08-23,2026-08-23T21:05:00.949Z,https://www.immigration.govt.nz/process-to-apply/waiting-for-a-visa/processing-a-visa-application/how-long-it-takes-to-process-an-application/check-visa-application-processing-time/,official,active,,,2026-09-25T01:25:44.963Z
nz-fishing-crew-work-visa--p80,inz-processing-times,NZ,visa,percentile,nz-fishing-crew-work-visa,Fishing Crew Work Visa — 80% processed,,,107 working days,107,working days,ok,2026-09-25,2026-09-25T00:48:14.210Z,https://www.immigration.govt.nz/process-to-apply/waiting-for-a-visa/processing-a-visa-application/how-long-it-takes-to-process-an-application/check-visa-application-processing-time/,official,active,,,2026-09-25T01:25:44.963Z
nz-foreign-government-supported-student-visa--p50,inz-processing-times,NZ,visa,percentile,nz-foreign-government-supported-student-visa,Foreign Government Supported Student Visa — 50% processed,,,21 working days,21,working days,ok,2026-09-25,2026-09-25T00:48:17.153Z,https://www.immigration.govt.nz/process-to-apply/waiting-for-a-visa/processing-a-visa-application/how-long-it-takes-to-process-an-application/check-visa-application-processing-time/,official,active,,,2026-09-25T01:25:44.963Z
nz-foreign-government-supported-student-visa--p80,inz-processing-times,NZ,visa,percentile,nz-foreign-government-supported-student-visa,Foreign Government Supported Student Visa — 80% processed,,,21 working days,21,working days,ok,2026-09-25,2026-09-25T00:48:17.153Z,https://www.immigration.govt.nz/process-to-apply/waiting-for-a-visa/processing-a-visa-application/how-long-it-takes-to-process-an-application/check-visa-application-processing-time/,official,active,,,2026-09-25T01:25:44.963Z
nz-france-working-holiday-visa--p50,inz-processing-times,NZ,visa,percentile,nz-france-working-holiday-visa,France Working Holiday Visa — 50% processed,,,7 working days,7,working days,ok,2026-09-25,2026-09-25T00:48:19.742Z,https://www.immigration.govt.nz/process-to-apply/waiting-for-a-visa/processing-a-visa-application/how-long-it-takes-to-process-an-application/check-visa-application-processing-time/,official,active,,,2026-09-25T01:25:44.963Z
nz-france-working-holiday-visa--p80,inz-processing-times,NZ,visa,percentile,nz-france-working-holiday-visa,France Working Holiday Visa — 80% processed,,,15 working days,15,working days,ok,2026-09-25,2026-09-25T00:48:19.742Z,https://www.immigration.govt.nz/process-to-apply/waiting-for-a-visa/processing-a-visa-application/how-long-it-takes-to-process-an-application/check-visa-application-processing-time/,official,active,,,2026-09-25T01:25:44.963Z
nz-german-law-student-visitor-visa--p50,inz-processing-times,NZ,visa,percentile,nz-german-law-student-visitor-visa,German Law Student Visitor Visa — 50% processed,,,8 working days,8,working days,ok,2026-09-25,2026-09-25T00:48:22.710Z,https://www.immigration.govt.nz/process-to-apply/waiting-for-a-visa/processing-a-visa-application/how-long-it-takes-to-process-an-application/check-visa-application-processing-time/,official,active,,,2026-09-25T01:25:44.963Z
nz-german-law-student-visitor-visa--p80,inz-processing-times,NZ,visa,percentile,nz-german-law-student-visitor-visa,German Law Student Visitor Visa — 80% processed,,,24 working days,24,working days,ok,2026-09-25,2026-09-25T00:48:22.710Z,https://www.immigration.govt.nz/process-to-apply/waiting-for-a-visa/processing-a-visa-application/how-long-it-takes-to-process-an-application/check-visa-application-processing-time/,official,active,,,2026-09-25T01:25:44.963Z
nz-germany-working-holiday-visa--p50,inz-processing-times,NZ,visa,percentile,nz-germany-working-holiday-visa,Germany Working Holiday Visa — 50% processed,,,7 working days,7,working days,ok,2026-09-25,2026-09-25T00:48:26.191Z,https://www.immigration.govt.nz/process-to-apply/waiting-for-a-visa/processing-a-visa-application/how-long-it-takes-to-process-an-application/check-visa-application-processing-time/,official,active,,,2026-09-25T01:25:44.963Z
nz-germany-working-holiday-visa--p80,inz-processing-times,NZ,visa,percentile,nz-germany-working-holiday-visa,Germany Working Holiday Visa — 80% processed,,,15 working days,15,working days,ok,2026-09-25,2026-09-25T00:48:26.191Z,https://www.immigration.govt.nz/process-to-apply/waiting-for-a-visa/processing-a-visa-application/how-long-it-takes-to-process-an-application/check-visa-application-processing-time/,official,active,,,2026-09-25T01:25:44.963Z
nz-global-impact-permanent-residence-visa--p50,inz-processing-times,NZ,settlement,percentile,nz-global-impact-permanent-residence-visa,Global Impact Permanent Residence Visa — 50% processed,,,22 working days,22,working days,ok,2026-09-25,2026-09-25T00:48:29.164Z,https://www.immigration.govt.nz/process-to-apply/waiting-for-a-visa/processing-a-visa-application/how-long-it-takes-to-process-an-application/check-visa-application-processing-time/,official,active,,,2026-09-25T01:25:44.963Z
nz-global-impact-permanent-residence-visa--p80,inz-processing-times,NZ,settlement,percentile,nz-global-impact-permanent-residence-visa,Global Impact Permanent Residence Visa — 80% processed,,,49 working days,49,working days,ok,2026-09-25,2026-09-25T00:48:29.164Z,https://www.immigration.govt.nz/process-to-apply/waiting-for-a-visa/processing-a-visa-application/how-long-it-takes-to-process-an-application/check-visa-application-processing-time/,official,active,,,2026-09-25T01:25:44.963Z
nz-group-visitor-visa--p50,inz-processing-times,NZ,visa,percentile,nz-group-visitor-visa,Group Visitor Visa — 50% processed,,,8 working days,8,working days,ok,2026-09-25,2026-09-25T00:48:32.176Z,https://www.immigration.govt.nz/process-to-apply/waiting-for-a-visa/processing-a-visa-application/how-long-it-takes-to-process-an-application/check-visa-application-processing-time/,official,active,,,2026-09-25T01:25:44.963Z
nz-group-visitor-visa--p80,inz-processing-times,NZ,visa,percentile,nz-group-visitor-visa,Group Visitor Visa — 80% processed,,,11 working days,11,working days,ok,2026-09-25,2026-09-25T00:48:32.176Z,https://www.immigration.govt.nz/process-to-apply/waiting-for-a-visa/processing-a-visa-application/how-long-it-takes-to-process-an-application/check-visa-application-processing-time/,official,active,,,2026-09-25T01:25:44.963Z
nz-guardian-visitor-visa--p50,inz-processing-times,NZ,visa,percentile,nz-guardian-visitor-visa,Guardian Visitor Visa — 50% processed,,,32 working days,32,working days,ok,2026-09-25,2026-09-25T00:48:35.201Z,https://www.immigration.govt.nz/process-to-apply/waiting-for-a-visa/processing-a-visa-application/how-long-it-takes-to-process-an-application/check-visa-application-processing-time/,official,active,,,2026-09-25T01:25:44.963Z
nz-guardian-visitor-visa--p80,inz-processing-times,NZ,visa,percentile,nz-guardian-visitor-visa,Guardian Visitor Visa — 80% processed,,,46 working days,46,working days,ok,2026-09-25,2026-09-25T00:48:35.201Z,https://www.immigration.govt.nz/process-to-apply/waiting-for-a-visa/processing-a-visa-application/how-long-it-takes-to-process-an-application/check-visa-application-processing-time/,official,active,,,2026-09-25T01:25:44.963Z
nz-hong-kong-sar-working-holiday-visa--p50,inz-processing-times,NZ,visa,percentile,nz-hong-kong-sar-working-holiday-visa,Hong Kong SAR Working Holiday Visa — 50% processed,,,7 working days,7,working days,ok,2026-09-25,2026-09-25T00:48:38.207Z,https://www.immigration.govt.nz/process-to-apply/waiting-for-a-visa/processing-a-visa-application/how-long-it-takes-to-process-an-application/check-visa-application-processing-time/,official,active,,,2026-09-25T01:25:44.963Z
nz-hong-kong-sar-working-holiday-visa--p80,inz-processing-times,NZ,visa,percentile,nz-hong-kong-sar-working-holiday-visa,Hong Kong SAR Working Holiday Visa — 80% processed,,,15 working days,15,working days,ok,2026-09-25,2026-09-25T00:48:38.207Z,https://www.immigration.govt.nz/process-to-apply/waiting-for-a-visa/processing-a-visa-application/how-long-it-takes-to-process-an-application/check-visa-application-processing-time/,official,active,,,2026-09-25T01:25:44.963Z
nz-hungary-working-holiday-visa--p50,inz-processing-times,NZ,visa,percentile,nz-hungary-working-holiday-visa,Hungary Working Holiday Visa — 50% processed,,,7 working days,7,working days,ok,2026-09-25,2026-09-25T00:48:41.208Z,https://www.immigration.govt.nz/process-to-apply/waiting-for-a-visa/processing-a-visa-application/how-long-it-takes-to-process-an-application/check-visa-application-processing-time/,official,active,,,2026-09-25T01:25:44.963Z
nz-hungary-working-holiday-visa--p80,inz-processing-times,NZ,visa,percentile,nz-hungary-working-holiday-visa,Hungary Working Holiday Visa — 80% processed,,,15 working days,15,working days,ok,2026-09-25,2026-09-25T00:48:41.208Z,https://www.immigration.govt.nz/process-to-apply/waiting-for-a-visa/processing-a-visa-application/how-long-it-takes-to-process-an-application/check-visa-application-processing-time/,official,active,,,2026-09-25T01:25:44.963Z
nz-indonesia-special-work-visa--p50,inz-processing-times,NZ,visa,percentile,nz-indonesia-special-work-visa,Indonesia Special Work Visa — 50% processed,,,22 working days,22,working days,ok,2026-09-25,2026-09-25T00:48:43.733Z,https://www.immigration.govt.nz/process-to-apply/waiting-for-a-visa/processing-a-visa-application/how-long-it-takes-to-process-an-application/check-visa-application-processing-time/,official,active,,,2026-09-25T01:25:44.963Z
nz-indonesia-special-work-visa--p80,inz-processing-times,NZ,visa,percentile,nz-indonesia-special-work-visa,Indonesia Special Work Visa — 80% processed,,,49 working days,49,working days,ok,2026-09-25,2026-09-25T00:48:43.733Z,https://www.immigration.govt.nz/process-to-apply/waiting-for-a-visa/processing-a-visa-application/how-long-it-takes-to-process-an-application/check-visa-application-processing-time/,official,active,,,2026-09-25T01:25:44.963Z
nz-ireland-working-holiday-visa--p50,inz-processing-times,NZ,visa,percentile,nz-ireland-working-holiday-visa,Ireland Working Holiday Visa — 50% processed,,,7 working days,7,working days,ok,2026-09-25,2026-09-25T00:48:47.221Z,https://www.immigration.govt.nz/process-to-apply/waiting-for-a-visa/processing-a-visa-application/how-long-it-takes-to-process-an-application/check-visa-application-processing-time/,official,active,,,2026-09-25T01:25:44.963Z
nz-ireland-working-holiday-visa--p80,inz-processing-times,NZ,visa,percentile,nz-ireland-working-holiday-visa,Ireland Working Holiday Visa — 80% processed,,,15 working days,15,working days,ok,2026-09-25,2026-09-25T00:48:47.221Z,https://www.immigration.govt.nz/process-to-apply/waiting-for-a-visa/processing-a-visa-application/how-long-it-takes-to-process-an-application/check-visa-application-processing-time/,official,active,,,2026-09-25T01:25:44.963Z
nz-israel-working-holiday-visa--p50,inz-processing-times,NZ,visa,percentile,nz-israel-working-holiday-visa,Israel Working Holiday Visa — 50% processed,,,7 working days,7,working days,ok,2026-09-25,2026-09-25T00:48:49.722Z,https://www.immigration.govt.nz/process-to-apply/waiting-for-a-visa/processing-a-visa-application/how-long-it-takes-to-process-an-application/check-visa-application-processing-time/,official,active,,,2026-09-25T01:25:44.963Z
nz-israel-working-holiday-visa--p80,inz-processing-times,NZ,visa,percentile,nz-israel-working-holiday-visa,Israel Working Holiday Visa — 80% processed,,,15 working days,15,working days,ok,2026-09-25,2026-09-25T00:48:49.722Z,https://www.immigration.govt.nz/process-to-apply/waiting-for-a-visa/processing-a-visa-application/how-long-it-takes-to-process-an-application/check-visa-application-processing-time/,official,active,,,2026-09-25T01:25:44.963Z
nz-italy-working-holiday-visa--p50,inz-processing-times,NZ,visa,percentile,nz-italy-working-holiday-visa,Italy Working Holiday Visa — 50% processed,,,7 working days,7,working days,ok,2026-09-25,2026-09-25T00:48:52.715Z,https://www.immigration.govt.nz/process-to-apply/waiting-for-a-visa/processing-a-visa-application/how-long-it-takes-to-process-an-application/check-visa-application-processing-time/,official,active,,,2026-09-25T01:25:44.963Z
nz-italy-working-holiday-visa--p80,inz-processing-times,NZ,visa,percentile,nz-italy-working-holiday-visa,Italy Working Holiday Visa — 80% processed,,,15 working days,15,working days,ok,2026-09-25,2026-09-25T00:48:52.715Z,https://www.immigration.govt.nz/process-to-apply/waiting-for-a-visa/processing-a-visa-application/how-long-it-takes-to-process-an-application/check-visa-application-processing-time/,official,active,,,2026-09-25T01:25:44.963Z
nz-japan-working-holiday-visa--p50,inz-processing-times,NZ,visa,percentile,nz-japan-working-holiday-visa,Japan Working Holiday Visa — 50% processed,,,7 working days,7,working days,ok,2026-09-25,2026-09-25T00:48:56.203Z,https://www.immigration.govt.nz/process-to-apply/waiting-for-a-visa/processing-a-visa-application/how-long-it-takes-to-process-an-application/check-visa-application-processing-time/,official,active,,,2026-09-25T01:25:44.963Z
nz-japan-working-holiday-visa--p80,inz-processing-times,NZ,visa,percentile,nz-japan-working-holiday-visa,Japan Working Holiday Visa — 80% processed,,,15 working days,15,working days,ok,2026-09-25,2026-09-25T00:48:56.203Z,https://www.immigration.govt.nz/process-to-apply/waiting-for-a-visa/processing-a-visa-application/how-long-it-takes-to-process-an-application/check-visa-application-processing-time/,official,active,,,2026-09-25T01:25:44.963Z
nz-japanese-interpreters-work-visa--p50,inz-processing-times,NZ,visa,percentile,nz-japanese-interpreters-work-visa,Japanese Interpreters Work Visa — 50% processed,,,22 working days,22,working days,ok,2026-09-25,2026-09-25T00:48:59.166Z,https://www.immigration.govt.nz/process-to-apply/waiting-for-a-visa/processing-a-visa-application/how-long-it-takes-to-process-an-application/check-visa-application-processing-time/,official,active,,,2026-09-25T01:25:44.963Z
nz-japanese-interpreters-work-visa--p80,inz-processing-times,NZ,visa,percentile,nz-japanese-interpreters-work-visa,Japanese Interpreters Work Visa — 80% processed,,,49 working days,49,working days,ok,2026-09-25,2026-09-25T00:48:59.166Z,https://www.immigration.govt.nz/process-to-apply/waiting-for-a-visa/processing-a-visa-application/how-long-it-takes-to-process-an-application/check-visa-application-processing-time/,official,active,,,2026-09-25T01:25:44.963Z
nz-korea-working-holiday-visa--p50,inz-processing-times,NZ,visa,percentile,nz-korea-working-holiday-visa,Korea Working Holiday Visa — 50% processed,,,7 working days,7,working days,ok,2026-09-25,2026-09-25T00:49:02.216Z,https://www.immigration.govt.nz/process-to-apply/waiting-for-a-visa/processing-a-visa-application/how-long-it-takes-to-process-an-application/check-visa-application-processing-time/,official,active,,,2026-09-25T01:25:44.963Z
nz-korea-working-holiday-visa--p80,inz-processing-times,NZ,visa,percentile,nz-korea-working-holiday-visa,Korea Working Holiday Visa — 80% processed,,,15 working days,15,working days,ok,2026-09-25,2026-09-25T00:49:02.216Z,https://www.immigration.govt.nz/process-to-apply/waiting-for-a-visa/processing-a-visa-application/how-long-it-takes-to-process-an-application/check-visa-application-processing-time/,official,active,,,2026-09-25T01:25:44.963Z
nz-latvia-working-holiday-visa--p50,inz-processing-times,NZ,visa,percentile,nz-latvia-working-holiday-visa,Latvia Working Holiday Visa — 50% processed,,,7 working days,7,working days,ok,2026-09-25,2026-09-25T00:49:04.743Z,https://www.immigration.govt.nz/process-to-apply/waiting-for-a-visa/processing-a-visa-application/how-long-it-takes-to-process-an-application/check-visa-application-processing-time/,official,active,,,2026-09-25T01:25:44.963Z
nz-latvia-working-holiday-visa--p80,inz-processing-times,NZ,visa,percentile,nz-latvia-working-holiday-visa,Latvia Working Holiday Visa — 80% processed,,,15 working days,15,working days,ok,2026-09-25,2026-09-25T00:49:04.743Z,https://www.immigration.govt.nz/process-to-apply/waiting-for-a-visa/processing-a-visa-application/how-long-it-takes-to-process-an-application/check-visa-application-processing-time/,official,active,,,2026-09-25T01:25:44.963Z
nz-lithuania-working-holiday-visa--p50,inz-processing-times,NZ,visa,percentile,nz-lithuania-working-holiday-visa,Lithuania Working Holiday Visa — 50% processed,,,7 working days,7,working days,ok,2026-09-25,2026-09-25T00:49:07.768Z,https://www.immigration.govt.nz/process-to-apply/waiting-for-a-visa/processing-a-visa-application/how-long-it-takes-to-process-an-application/check-visa-application-processing-time/,official,active,,,2026-09-25T01:25:44.963Z
nz-lithuania-working-holiday-visa--p80,inz-processing-times,NZ,visa,percentile,nz-lithuania-working-holiday-visa,Lithuania Working Holiday Visa — 80% processed,,,15 working days,15,working days,ok,2026-09-25,2026-09-25T00:49:07.768Z,https://www.immigration.govt.nz/process-to-apply/waiting-for-a-visa/processing-a-visa-application/how-long-it-takes-to-process-an-application/check-visa-application-processing-time/,official,active,,,2026-09-25T01:25:44.963Z
nz-long-term-skill-shortage-list-work-visa--p50,inz-processing-times,NZ,visa,percentile,nz-long-term-skill-shortage-list-work-visa,Long Term Skill Shortage List Work Visa — 50% processed,,,25 working days,25,working days,ok,2026-08-23,2026-08-23T21:05:57.998Z,https://www.immigration.govt.nz/process-to-apply/waiting-for-a-visa/processing-a-visa-application/how-long-it-takes-to-process-an-application/check-visa-application-processing-time/,official,active,,,2026-09-25T01:25:44.963Z
nz-long-term-skill-shortage-list-work-visa--p80,inz-processing-times,NZ,visa,percentile,nz-long-term-skill-shortage-list-work-visa,Long Term Skill Shortage List Work Visa — 80% processed,,,25 working days,25,working days,ok,2026-08-23,2026-08-23T21:05:57.998Z,https://www.immigration.govt.nz/process-to-apply/waiting-for-a-visa/processing-a-visa-application/how-long-it-takes-to-process-an-application/check-visa-application-processing-time/,official,active,,,2026-09-25T01:25:44.963Z
nz-luxembourg-working-holiday-visa--p50,inz-processing-times,NZ,visa,percentile,nz-luxembourg-working-holiday-visa,Luxembourg Working Holiday Visa — 50% processed,,,7 working days,7,working days,ok,2026-09-25,2026-09-25T00:49:14.193Z,https://www.immigration.govt.nz/process-to-apply/waiting-for-a-visa/processing-a-visa-application/how-long-it-takes-to-process-an-application/check-visa-application-processing-time/,official,active,,,2026-09-25T01:25:44.963Z
nz-luxembourg-working-holiday-visa--p80,inz-processing-times,NZ,visa,percentile,nz-luxembourg-working-holiday-visa,Luxembourg Working Holiday Visa — 80% processed,,,15 working days,15,working days,ok,2026-09-25,2026-09-25T00:49:14.193Z,https://www.immigration.govt.nz/process-to-apply/waiting-for-a-visa/processing-a-visa-application/how-long-it-takes-to-process-an-application/check-visa-application-processing-time/,official,active,,,2026-09-25T01:25:44.963Z
nz-malaysia-working-holiday-visa--p50,inz-processing-times,NZ,visa,percentile,nz-malaysia-working-holiday-visa,Malaysia Working Holiday Visa — 50% processed,,,7 working days,7,working days,ok,2026-09-25,2026-09-25T00:49:17.238Z,https://www.immigration.govt.nz/process-to-apply/waiting-for-a-visa/processing-a-visa-application/how-long-it-takes-to-process-an-application/check-visa-application-processing-time/,official,active,,,2026-09-25T01:25:44.963Z
nz-malaysia-working-holiday-visa--p80,inz-processing-times,NZ,visa,percentile,nz-malaysia-working-holiday-visa,Malaysia Working Holiday Visa — 80% processed,,,15 working days,15,working days,ok,2026-09-25,2026-09-25T00:49:17.238Z,https://www.immigration.govt.nz/process-to-apply/waiting-for-a-visa/processing-a-visa-application/how-long-it-takes-to-process-an-application/check-visa-application-processing-time/,official,active,,,2026-09-25T01:25:44.963Z
nz-malta-working-holiday-visa--p50,inz-processing-times,NZ,visa,percentile,nz-malta-working-holiday-visa,Malta Working Holiday Visa — 50% processed,,,7 working days,7,working days,ok,2026-09-25,2026-09-25T00:49:20.168Z,https://www.immigration.govt.nz/process-to-apply/waiting-for-a-visa/processing-a-visa-application/how-long-it-takes-to-process-an-application/check-visa-application-processing-time/,official,active,,,2026-09-25T01:25:44.963Z
nz-malta-working-holiday-visa--p80,inz-processing-times,NZ,visa,percentile,nz-malta-working-holiday-visa,Malta Working Holiday Visa — 80% processed,,,15 working days,15,working days,ok,2026-09-25,2026-09-25T00:49:20.168Z,https://www.immigration.govt.nz/process-to-apply/waiting-for-a-visa/processing-a-visa-application/how-long-it-takes-to-process-an-application/check-visa-application-processing-time/,official,active,,,2026-09-25T01:25:44.963Z
nz-medical-treatment-visitor-visa--p50,inz-processing-times,NZ,visa,percentile,nz-medical-treatment-visitor-visa,Medical Treatment Visitor Visa — 50% processed,,,8 working days,8,working days,ok,2026-09-25,2026-09-25T00:49:23.199Z,https://www.immigration.govt.nz/process-to-apply/waiting-for-a-visa/processing-a-visa-application/how-long-it-takes-to-process-an-application/check-visa-application-processing-time/,official,active,,,2026-09-25T01:25:44.963Z
nz-medical-treatment-visitor-visa--p80,inz-processing-times,NZ,visa,percentile,nz-medical-treatment-visitor-visa,Medical Treatment Visitor Visa — 80% processed,,,24 working days,24,working days,ok,2026-09-25,2026-09-25T00:49:23.199Z,https://www.immigration.govt.nz/process-to-apply/waiting-for-a-visa/processing-a-visa-application/how-long-it-takes-to-process-an-application/check-visa-application-processing-time/,official,active,,,2026-09-25T01:25:44.963Z
nz-mexico-working-holiday-visa--p50,inz-processing-times,NZ,visa,percentile,nz-mexico-working-holiday-visa,Mexico Working Holiday Visa — 50% processed,,,7 working days,7,working days,ok,2026-09-25,2026-09-25T00:49:26.236Z,https://www.immigration.govt.nz/process-to-apply/waiting-for-a-visa/processing-a-visa-application/how-long-it-takes-to-process-an-application/check-visa-application-processing-time/,official,active,,,2026-09-25T01:25:44.963Z
nz-mexico-working-holiday-visa--p80,inz-processing-times,NZ,visa,percentile,nz-mexico-working-holiday-visa,Mexico Working Holiday Visa — 80% processed,,,15 working days,15,working days,ok,2026-09-25,2026-09-25T00:49:26.236Z,https://www.immigration.govt.nz/process-to-apply/waiting-for-a-visa/processing-a-visa-application/how-long-it-takes-to-process-an-application/check-visa-application-processing-time/,official,active,,,2026-09-25T01:25:44.963Z
nz-netherlands-working-holiday-visa--p50,inz-processing-times,NZ,visa,percentile,nz-netherlands-working-holiday-visa,Netherlands Working Holiday Visa — 50% processed,,,7 working days,7,working days,ok,2026-09-25,2026-09-25T00:49:29.208Z,https://www.immigration.govt.nz/process-to-apply/waiting-for-a-visa/processing-a-visa-application/how-long-it-takes-to-process-an-application/check-visa-application-processing-time/,official,active,,,2026-09-25T01:25:44.963Z
nz-netherlands-working-holiday-visa--p80,inz-processing-times,NZ,visa,percentile,nz-netherlands-working-holiday-visa,Netherlands Working Holiday Visa — 80% processed,,,15 working days,15,working days,ok,2026-09-25,2026-09-25T00:49:29.208Z,https://www.immigration.govt.nz/process-to-apply/waiting-for-a-visa/processing-a-visa-application/how-long-it-takes-to-process-an-application/check-visa-application-processing-time/,official,active,,,2026-09-25T01:25:44.963Z
nz-norway-working-holiday-visa--p50,inz-processing-times,NZ,visa,percentile,nz-norway-working-holiday-visa,Norway Working Holiday Visa — 50% processed,,,7 working days,7,working days,ok,2026-09-25,2026-09-25T00:49:32.193Z,https://www.immigration.govt.nz/process-to-apply/waiting-for-a-visa/processing-a-visa-application/how-long-it-takes-to-process-an-application/check-visa-application-processing-time/,official,active,,,2026-09-25T01:25:44.963Z
nz-norway-working-holiday-visa--p80,inz-processing-times,NZ,visa,percentile,nz-norway-working-holiday-visa,Norway Working Holiday Visa — 80% processed,,,15 working days,15,working days,ok,2026-09-25,2026-09-25T00:49:32.193Z,https://www.immigration.govt.nz/process-to-apply/waiting-for-a-visa/processing-a-visa-application/how-long-it-takes-to-process-an-application/check-visa-application-processing-time/,official,active,,,2026-09-25T01:25:44.963Z
nz-nz-government-scholarship-student-visa--p50,inz-processing-times,NZ,visa,percentile,nz-nz-government-scholarship-student-visa,NZ Government Scholarship Student Visa — 50% processed,,,21 working days,21,working days,ok,2026-09-25,2026-09-25T00:49:35.218Z,https://www.immigration.govt.nz/process-to-apply/waiting-for-a-visa/processing-a-visa-application/how-long-it-takes-to-process-an-application/check-visa-application-processing-time/,official,active,,,2026-09-25T01:25:44.963Z
nz-nz-government-scholarship-student-visa--p80,inz-processing-times,NZ,visa,percentile,nz-nz-government-scholarship-student-visa,NZ Government Scholarship Student Visa — 80% processed,,,21 working days,21,working days,ok,2026-09-25,2026-09-25T00:49:35.218Z,https://www.immigration.govt.nz/process-to-apply/waiting-for-a-visa/processing-a-visa-application/how-long-it-takes-to-process-an-application/check-visa-application-processing-time/,official,active,,,2026-09-25T01:25:44.963Z
nz-occupational-registration-visitor-visa--p50,inz-processing-times,NZ,visa,percentile,nz-occupational-registration-visitor-visa,Occupational Registration Visitor Visa — 50% processed,,,8 working days,8,working days,ok,2026-09-25,2026-09-25T00:49:38.194Z,https://www.immigration.govt.nz/process-to-apply/waiting-for-a-visa/processing-a-visa-application/how-long-it-takes-to-process-an-application/check-visa-application-processing-time/,official,active,,,2026-09-25T01:25:44.963Z
nz-occupational-registration-visitor-visa--p80,inz-processing-times,NZ,visa,percentile,nz-occupational-registration-visitor-visa,Occupational Registration Visitor Visa — 80% processed,,,24 working days,24,working days,ok,2026-09-25,2026-09-25T00:49:38.194Z,https://www.immigration.govt.nz/process-to-apply/waiting-for-a-visa/processing-a-visa-application/how-long-it-takes-to-process-an-application/check-visa-application-processing-time/,official,active,,,2026-09-25T01:25:44.963Z
nz-pacific-access-category-resident-visa--p50,inz-processing-times,NZ,settlement,percentile,nz-pacific-access-category-resident-visa,Pacific Access Category Resident Visa — 50% processed,,,471 working days,471,working days,ok,2026-09-25,2026-09-25T00:49:41.209Z,https://www.immigration.govt.nz/process-to-apply/waiting-for-a-visa/processing-a-visa-application/how-long-it-takes-to-process-an-application/check-visa-application-processing-time/,official,active,,,2026-09-25T01:25:44.963Z
nz-pacific-access-category-resident-visa--p80,inz-processing-times,NZ,settlement,percentile,nz-pacific-access-category-resident-visa,Pacific Access Category Resident Visa — 80% processed,,,472 working days,472,working days,ok,2026-09-25,2026-09-25T00:49:41.209Z,https://www.immigration.govt.nz/process-to-apply/waiting-for-a-visa/processing-a-visa-application/how-long-it-takes-to-process-an-application/check-visa-application-processing-time/,official,active,,,2026-09-25T01:25:44.963Z
nz-parent-and-grandparent-visitor-visa--p50,inz-processing-times,NZ,visa,percentile,nz-parent-and-grandparent-visitor-visa,Parent and Grandparent Visitor Visa — 50% processed,,,53 working days,53,working days,ok,2026-09-25,2026-09-25T00:49:44.231Z,https://www.immigration.govt.nz/process-to-apply/waiting-for-a-visa/processing-a-visa-application/how-long-it-takes-to-process-an-application/check-visa-application-processing-time/,official,active,,,2026-09-25T01:25:44.963Z
nz-parent-and-grandparent-visitor-visa--p80,inz-processing-times,NZ,visa,percentile,nz-parent-and-grandparent-visitor-visa,Parent and Grandparent Visitor Visa — 80% processed,,,85 working days,85,working days,ok,2026-09-25,2026-09-25T00:49:44.231Z,https://www.immigration.govt.nz/process-to-apply/waiting-for-a-visa/processing-a-visa-application/how-long-it-takes-to-process-an-application/check-visa-application-processing-time/,official,active,,,2026-09-25T01:25:44.963Z
nz-parent-resident-visa--p50,inz-processing-times,NZ,settlement,percentile,nz-parent-resident-visa,Parent Resident Visa — 50% processed,,,205 working days,205,working days,ok,2026-09-25,2026-09-25T00:46:02.163Z,https://www.immigration.govt.nz/process-to-apply/waiting-for-a-visa/processing-a-visa-application/how-long-it-takes-to-process-an-application/check-visa-application-processing-time/,official,active,,,2026-09-25T01:25:44.963Z
nz-parent-resident-visa--p80,inz-processing-times,NZ,settlement,percentile,nz-parent-resident-visa,Parent Resident Visa — 80% processed,,,312 working days,312,working days,ok,2026-09-25,2026-09-25T00:46:02.163Z,https://www.immigration.govt.nz/process-to-apply/waiting-for-a-visa/processing-a-visa-application/how-long-it-takes-to-process-an-application/check-visa-application-processing-time/,official,active,,,2026-09-25T01:25:44.963Z
nz-parent-retirement-resident-visa--p50,inz-processing-times,NZ,settlement,percentile,nz-parent-retirement-resident-visa,Parent Retirement Resident Visa — 50% processed,,,427 working days,427,working days,ok,2026-09-25,2026-09-25T00:49:46.771Z,https://www.immigration.govt.nz/process-to-apply/waiting-for-a-visa/processing-a-visa-application/how-long-it-takes-to-process-an-application/check-visa-application-processing-time/,official,active,,,2026-09-25T01:25:44.963Z
nz-parent-retirement-resident-visa--p80,inz-processing-times,NZ,settlement,percentile,nz-parent-retirement-resident-visa,Parent Retirement Resident Visa — 80% processed,,,815 working days,815,working days,ok,2026-09-25,2026-09-25T00:49:46.771Z,https://www.immigration.govt.nz/process-to-apply/waiting-for-a-visa/processing-a-visa-application/how-long-it-takes-to-process-an-application/check-visa-application-processing-time/,official,active,,,2026-09-25T01:25:44.963Z
nz-partner-of-a-new-zealander-resident-visa--p50,inz-processing-times,NZ,settlement,percentile,nz-partner-of-a-new-zealander-resident-visa,Partner of a New Zealander Resident Visa — 50% processed,,,172 working days,172,working days,ok,2026-09-25,2026-09-25T00:46:04.655Z,https://www.immigration.govt.nz/process-to-apply/waiting-for-a-visa/processing-a-visa-application/how-long-it-takes-to-process-an-application/check-visa-application-processing-time/,official,active,,,2026-09-25T01:25:44.963Z
nz-partner-of-a-new-zealander-resident-visa--p80,inz-processing-times,NZ,settlement,percentile,nz-partner-of-a-new-zealander-resident-visa,Partner of a New Zealander Resident Visa — 80% processed,,,199 working days,199,working days,ok,2026-09-25,2026-09-25T00:46:04.655Z,https://www.immigration.govt.nz/process-to-apply/waiting-for-a-visa/processing-a-visa-application/how-long-it-takes-to-process-an-application/check-visa-application-processing-time/,official,active,,,2026-09-25T01:25:44.963Z
nz-partner-of-a-new-zealander-visitor-visa--p50,inz-processing-times,NZ,visa,percentile,nz-partner-of-a-new-zealander-visitor-visa,Partner of a New Zealander Visitor Visa — 50% processed,,,38 working days,38,working days,ok,2026-08-23,2026-08-23T21:02:51.878Z,https://www.immigration.govt.nz/process-to-apply/waiting-for-a-visa/processing-a-visa-application/how-long-it-takes-to-process-an-application/check-visa-application-processing-time/,official,active,,,2026-09-25T01:25:44.963Z
nz-partner-of-a-new-zealander-visitor-visa--p80,inz-processing-times,NZ,visa,percentile,nz-partner-of-a-new-zealander-visitor-visa,Partner of a New Zealander Visitor Visa — 80% processed,,,51 working days,51,working days,ok,2026-09-25,2026-09-25T00:46:08.115Z,https://www.immigration.govt.nz/process-to-apply/waiting-for-a-visa/processing-a-visa-application/how-long-it-takes-to-process-an-application/check-visa-application-processing-time/,official,active,,,2026-09-25T01:25:44.963Z
nz-partner-of-a-new-zealander-work-visa--p50,inz-processing-times,NZ,visa,percentile,nz-partner-of-a-new-zealander-work-visa,Partner of a New Zealander Work Visa — 50% processed,,,39 working days,39,working days,ok,2026-09-25,2026-09-25T00:49:50.242Z,https://www.immigration.govt.nz/process-to-apply/waiting-for-a-visa/processing-a-visa-application/how-long-it-takes-to-process-an-application/check-visa-application-processing-time/,official,active,,,2026-09-25T01:25:44.963Z
nz-partner-of-a-new-zealander-work-visa--p80,inz-processing-times,NZ,visa,percentile,nz-partner-of-a-new-zealander-work-visa,Partner of a New Zealander Work Visa — 80% processed,,,51 working days,51,working days,ok,2026-09-25,2026-09-25T00:49:50.242Z,https://www.immigration.govt.nz/process-to-apply/waiting-for-a-visa/processing-a-visa-application/how-long-it-takes-to-process-an-application/check-visa-application-processing-time/,official,active,,,2026-09-25T01:25:44.963Z
nz-partner-of-a-student-visitor-visa--p50,inz-processing-times,NZ,visa,percentile,nz-partner-of-a-student-visitor-visa,Partner of a Student Visitor Visa — 50% processed,,,38 working days,38,working days,ok,2026-09-25,2026-09-25T00:49:53.223Z,https://www.immigration.govt.nz/process-to-apply/waiting-for-a-visa/processing-a-visa-application/how-long-it-takes-to-process-an-application/check-visa-application-processing-time/,official,active,,,2026-09-25T01:25:44.963Z
nz-partner-of-a-student-visitor-visa--p80,inz-processing-times,NZ,visa,percentile,nz-partner-of-a-student-visitor-visa,Partner of a Student Visitor Visa — 80% processed,,,73 working days,73,working days,ok,2026-09-25,2026-09-25T00:49:53.223Z,https://www.immigration.govt.nz/process-to-apply/waiting-for-a-visa/processing-a-visa-application/how-long-it-takes-to-process-an-application/check-visa-application-processing-time/,official,active,,,2026-09-25T01:25:44.963Z
nz-partner-of-a-student-work-visa--p50,inz-processing-times,NZ,visa,percentile,nz-partner-of-a-student-work-visa,Partner of a Student Work Visa — 50% processed,,,15 working days,15,working days,ok,2026-09-25,2026-09-25T00:49:56.215Z,https://www.immigration.govt.nz/process-to-apply/waiting-for-a-visa/processing-a-visa-application/how-long-it-takes-to-process-an-application/check-visa-application-processing-time/,official,active,,,2026-09-25T01:25:44.963Z
nz-partner-of-a-student-work-visa--p80,inz-processing-times,NZ,visa,percentile,nz-partner-of-a-student-work-visa,Partner of a Student Work Visa — 80% processed,,,35 working days,35,working days,ok,2026-09-25,2026-09-25T00:49:56.215Z,https://www.immigration.govt.nz/process-to-apply/waiting-for-a-visa/processing-a-visa-application/how-long-it-takes-to-process-an-application/check-visa-application-processing-time/,official,active,,,2026-09-25T01:25:44.963Z
nz-partner-of-a-worker-visitor-visa--p50,inz-processing-times,NZ,visa,percentile,nz-partner-of-a-worker-visitor-visa,Partner of a Worker Visitor Visa — 50% processed,,,38 working days,38,working days,ok,2026-09-25,2026-09-25T00:49:59.235Z,https://www.immigration.govt.nz/process-to-apply/waiting-for-a-visa/processing-a-visa-application/how-long-it-takes-to-process-an-application/check-visa-application-processing-time/,official,active,,,2026-09-25T01:25:44.963Z
nz-partner-of-a-worker-visitor-visa--p80,inz-processing-times,NZ,visa,percentile,nz-partner-of-a-worker-visitor-visa,Partner of a Worker Visitor Visa — 80% processed,,,73 working days,73,working days,ok,2026-09-25,2026-09-25T00:49:59.235Z,https://www.immigration.govt.nz/process-to-apply/waiting-for-a-visa/processing-a-visa-application/how-long-it-takes-to-process-an-application/check-visa-application-processing-time/,official,active,,,2026-09-25T01:25:44.963Z
nz-partner-of-a-worker-work-visa--p50,inz-processing-times,NZ,visa,percentile,nz-partner-of-a-worker-work-visa,Partner of a Worker Work Visa — 50% processed,,,31 working days,31,working days,ok,2026-09-25,2026-09-25T00:46:11.089Z,https://www.immigration.govt.nz/process-to-apply/waiting-for-a-visa/processing-a-visa-application/how-long-it-takes-to-process-an-application/check-visa-application-processing-time/,official,active,,,2026-09-25T01:25:44.963Z
nz-partner-of-a-worker-work-visa--p80,inz-processing-times,NZ,visa,percentile,nz-partner-of-a-worker-work-visa,Partner of a Worker Work Visa — 80% processed,,,42 working days,42,working days,ok,2026-09-25,2026-09-25T00:46:11.089Z,https://www.immigration.govt.nz/process-to-apply/waiting-for-a-visa/processing-a-visa-application/how-long-it-takes-to-process-an-application/check-visa-application-processing-time/,official,active,,,2026-09-25T01:25:44.963Z
nz-partner-of-an-nz-scholarship-student-work-visa--p50,inz-processing-times,NZ,visa,percentile,nz-partner-of-an-nz-scholarship-student-work-visa,Partner of an NZ Scholarship Student Work Visa — 50% processed,,,15 working days,15,working days,ok,2026-09-25,2026-09-25T00:50:02.385Z,https://www.immigration.govt.nz/process-to-apply/waiting-for-a-visa/processing-a-visa-application/how-long-it-takes-to-process-an-application/check-visa-application-processing-time/,official,active,,,2026-09-25T01:25:44.963Z
nz-partner-of-an-nz-scholarship-student-work-visa--p80,inz-processing-times,NZ,visa,percentile,nz-partner-of-an-nz-scholarship-student-work-visa,Partner of an NZ Scholarship Student Work Visa — 80% processed,,,35 working days,35,working days,ok,2026-09-25,2026-09-25T00:50:02.385Z,https://www.immigration.govt.nz/process-to-apply/waiting-for-a-visa/processing-a-visa-application/how-long-it-takes-to-process-an-application/check-visa-application-processing-time/,official,active,,,2026-09-25T01:25:44.963Z
nz-partner-of-military-visitor-visa--p50,inz-processing-times,NZ,visa,percentile,nz-partner-of-military-visitor-visa,Partner of Military Visitor Visa — 50% processed,,,38 working days,38,working days,ok,2026-09-25,2026-09-25T00:50:04.789Z,https://www.immigration.govt.nz/process-to-apply/waiting-for-a-visa/processing-a-visa-application/how-long-it-takes-to-process-an-application/check-visa-application-processing-time/,official,active,,,2026-09-25T01:25:44.963Z
nz-partner-of-military-visitor-visa--p80,inz-processing-times,NZ,visa,percentile,nz-partner-of-military-visitor-visa,Partner of Military Visitor Visa — 80% processed,,,73 working days,73,working days,ok,2026-09-25,2026-09-25T00:50:04.789Z,https://www.immigration.govt.nz/process-to-apply/waiting-for-a-visa/processing-a-visa-application/how-long-it-takes-to-process-an-application/check-visa-application-processing-time/,official,active,,,2026-09-25T01:25:44.963Z
nz-partner-of-military-work-visa--p50,inz-processing-times,NZ,visa,percentile,nz-partner-of-military-work-visa,Partner of Military Work Visa — 50% processed,,,22 working days,22,working days,ok,2026-09-25,2026-09-25T00:50:07.813Z,https://www.immigration.govt.nz/process-to-apply/waiting-for-a-visa/processing-a-visa-application/how-long-it-takes-to-process-an-application/check-visa-application-processing-time/,official,active,,,2026-09-25T01:25:44.963Z
nz-partner-of-military-work-visa--p80,inz-processing-times,NZ,visa,percentile,nz-partner-of-military-work-visa,Partner of Military Work Visa — 80% processed,,,49 working days,49,working days,ok,2026-09-25,2026-09-25T00:50:07.813Z,https://www.immigration.govt.nz/process-to-apply/waiting-for-a-visa/processing-a-visa-application/how-long-it-takes-to-process-an-application/check-visa-application-processing-time/,official,active,,,2026-09-25T01:25:44.963Z
nz-pathway-student-visa--p50,inz-processing-times,NZ,visa,percentile,nz-pathway-student-visa,Pathway Student Visa — 50% processed,,,23 working days,23,working days,ok,2026-08-23,2026-08-23T21:06:57.948Z,https://www.immigration.govt.nz/process-to-apply/waiting-for-a-visa/processing-a-visa-application/how-long-it-takes-to-process-an-application/check-visa-application-processing-time/,official,active,,,2026-09-25T01:25:44.963Z
nz-pathway-student-visa--p80,inz-processing-times,NZ,visa,percentile,nz-pathway-student-visa,Pathway Student Visa — 80% processed,,,53 working days,53,working days,ok,2026-09-25,2026-09-25T00:50:11.245Z,https://www.immigration.govt.nz/process-to-apply/waiting-for-a-visa/processing-a-visa-application/how-long-it-takes-to-process-an-application/check-visa-application-processing-time/,official,active,,,2026-09-25T01:25:44.963Z
nz-permanent-resident-visa--p50,inz-processing-times,NZ,settlement,percentile,nz-permanent-resident-visa,Permanent Resident Visa — 50% processed,,,9 working days,9,working days,ok,2026-08-23,2026-08-23T21:03:04.133Z,https://www.immigration.govt.nz/process-to-apply/waiting-for-a-visa/processing-a-visa-application/how-long-it-takes-to-process-an-application/check-visa-application-processing-time/,official,active,,,2026-09-25T01:25:44.963Z
nz-permanent-resident-visa--p80,inz-processing-times,NZ,settlement,percentile,nz-permanent-resident-visa,Permanent Resident Visa — 80% processed,,,14 working days,14,working days,ok,2026-08-23,2026-08-23T21:03:04.133Z,https://www.immigration.govt.nz/process-to-apply/waiting-for-a-visa/processing-a-visa-application/how-long-it-takes-to-process-an-application/check-visa-application-processing-time/,official,active,,,2026-09-25T01:25:44.963Z
nz-peru-working-holiday-visa--p50,inz-processing-times,NZ,visa,percentile,nz-peru-working-holiday-visa,Peru Working Holiday Visa — 50% processed,,,7 working days,7,working days,ok,2026-09-25,2026-09-25T00:50:14.238Z,https://www.immigration.govt.nz/process-to-apply/waiting-for-a-visa/processing-a-visa-application/how-long-it-takes-to-process-an-application/check-visa-application-processing-time/,official,active,,,2026-09-25T01:25:44.963Z
nz-peru-working-holiday-visa--p80,inz-processing-times,NZ,visa,percentile,nz-peru-working-holiday-visa,Peru Working Holiday Visa — 80% processed,,,15 working days,15,working days,ok,2026-09-25,2026-09-25T00:50:14.238Z,https://www.immigration.govt.nz/process-to-apply/waiting-for-a-visa/processing-a-visa-application/how-long-it-takes-to-process-an-application/check-visa-application-processing-time/,official,active,,,2026-09-25T01:25:44.963Z
nz-philippines-special-work-visa--p50,inz-processing-times,NZ,visa,percentile,nz-philippines-special-work-visa,Philippines Special Work Visa — 50% processed,,,22 working days,22,working days,ok,2026-09-25,2026-09-25T00:50:17.261Z,https://www.immigration.govt.nz/process-to-apply/waiting-for-a-visa/processing-a-visa-application/how-long-it-takes-to-process-an-application/check-visa-application-processing-time/,official,active,,,2026-09-25T01:25:44.963Z
nz-philippines-special-work-visa--p80,inz-processing-times,NZ,visa,percentile,nz-philippines-special-work-visa,Philippines Special Work Visa — 80% processed,,,49 working days,49,working days,ok,2026-09-25,2026-09-25T00:50:17.261Z,https://www.immigration.govt.nz/process-to-apply/waiting-for-a-visa/processing-a-visa-application/how-long-it-takes-to-process-an-application/check-visa-application-processing-time/,official,active,,,2026-09-25T01:25:44.963Z
nz-philippines-working-holiday-visa--p50,inz-processing-times,NZ,visa,percentile,nz-philippines-working-holiday-visa,Philippines Working Holiday Visa — 50% processed,,,7 working days,7,working days,ok,2026-09-25,2026-09-25T00:50:19.914Z,https://www.immigration.govt.nz/process-to-apply/waiting-for-a-visa/processing-a-visa-application/how-long-it-takes-to-process-an-application/check-visa-application-processing-time/,official,active,,,2026-09-25T01:25:44.963Z
nz-philippines-working-holiday-visa--p80,inz-processing-times,NZ,visa,percentile,nz-philippines-working-holiday-visa,Philippines Working Holiday Visa — 80% processed,,,15 working days,15,working days,ok,2026-09-25,2026-09-25T00:50:19.914Z,https://www.immigration.govt.nz/process-to-apply/waiting-for-a-visa/processing-a-visa-application/how-long-it-takes-to-process-an-application/check-visa-application-processing-time/,official,active,,,2026-09-25T01:25:44.963Z
nz-pitcairn-islander-visitor-visa--p50,inz-processing-times,NZ,visa,percentile,nz-pitcairn-islander-visitor-visa,Pitcairn Islander Visitor Visa — 50% processed,,,8 working days,8,working days,ok,2026-09-25,2026-09-25T00:50:23.221Z,https://www.immigration.govt.nz/process-to-apply/waiting-for-a-visa/processing-a-visa-application/how-long-it-takes-to-process-an-application/check-visa-application-processing-time/,official,active,,,2026-09-25T01:25:44.963Z
nz-pitcairn-islander-visitor-visa--p80,inz-processing-times,NZ,visa,percentile,nz-pitcairn-islander-visitor-visa,Pitcairn Islander Visitor Visa — 80% processed,,,24 working days,24,working days,ok,2026-09-25,2026-09-25T00:50:23.221Z,https://www.immigration.govt.nz/process-to-apply/waiting-for-a-visa/processing-a-visa-application/how-long-it-takes-to-process-an-application/check-visa-application-processing-time/,official,active,,,2026-09-25T01:25:44.963Z
nz-poland-working-holiday-visa--p50,inz-processing-times,NZ,visa,percentile,nz-poland-working-holiday-visa,Poland Working Holiday Visa — 50% processed,,,7 working days,7,working days,ok,2026-09-25,2026-09-25T00:50:26.306Z,https://www.immigration.govt.nz/process-to-apply/waiting-for-a-visa/processing-a-visa-application/how-long-it-takes-to-process-an-application/check-visa-application-processing-time/,official,active,,,2026-09-25T01:25:44.963Z
nz-poland-working-holiday-visa--p80,inz-processing-times,NZ,visa,percentile,nz-poland-working-holiday-visa,Poland Working Holiday Visa — 80% processed,,,15 working days,15,working days,ok,2026-09-25,2026-09-25T00:50:26.306Z,https://www.immigration.govt.nz/process-to-apply/waiting-for-a-visa/processing-a-visa-application/how-long-it-takes-to-process-an-application/check-visa-application-processing-time/,official,active,,,2026-09-25T01:25:44.963Z
nz-portugal-working-holiday-visa--p50,inz-processing-times,NZ,visa,percentile,nz-portugal-working-holiday-visa,Portugal Working Holiday Visa — 50% processed,,,7 working days,7,working days,ok,2026-09-25,2026-09-25T00:50:29.282Z,https://www.immigration.govt.nz/process-to-apply/waiting-for-a-visa/processing-a-visa-application/how-long-it-takes-to-process-an-application/check-visa-application-processing-time/,official,active,,,2026-09-25T01:25:44.963Z
nz-portugal-working-holiday-visa--p80,inz-processing-times,NZ,visa,percentile,nz-portugal-working-holiday-visa,Portugal Working Holiday Visa — 80% processed,,,15 working days,15,working days,ok,2026-09-25,2026-09-25T00:50:29.282Z,https://www.immigration.govt.nz/process-to-apply/waiting-for-a-visa/processing-a-visa-application/how-long-it-takes-to-process-an-application/check-visa-application-processing-time/,official,active,,,2026-09-25T01:25:44.963Z
nz-primary-sector-trainees-work-visa--p50,inz-processing-times,NZ,visa,percentile,nz-primary-sector-trainees-work-visa,Primary Sector Trainees Work Visa — 50% processed,,,22 working days,22,working days,ok,2026-09-25,2026-09-25T00:50:32.295Z,https://www.immigration.govt.nz/process-to-apply/waiting-for-a-visa/processing-a-visa-application/how-long-it-takes-to-process-an-application/check-visa-application-processing-time/,official,active,,,2026-09-25T01:25:44.963Z
nz-primary-sector-trainees-work-visa--p80,inz-processing-times,NZ,visa,percentile,nz-primary-sector-trainees-work-visa,Primary Sector Trainees Work Visa — 80% processed,,,49 working days,49,working days,ok,2026-09-25,2026-09-25T00:50:32.295Z,https://www.immigration.govt.nz/process-to-apply/waiting-for-a-visa/processing-a-visa-application/how-long-it-takes-to-process-an-application/check-visa-application-processing-time/,official,active,,,2026-09-25T01:25:44.963Z
nz-private-yacht-or-plane-visitor-visa--p50,inz-processing-times,NZ,visa,percentile,nz-private-yacht-or-plane-visitor-visa,Private Yacht or Plane Visitor Visa — 50% processed,,,8 working days,8,working days,ok,2026-09-25,2026-09-25T00:50:35.308Z,https://www.immigration.govt.nz/process-to-apply/waiting-for-a-visa/processing-a-visa-application/how-long-it-takes-to-process-an-application/check-visa-application-processing-time/,official,active,,,2026-09-25T01:25:44.963Z
nz-private-yacht-or-plane-visitor-visa--p80,inz-processing-times,NZ,visa,percentile,nz-private-yacht-or-plane-visitor-visa,Private Yacht or Plane Visitor Visa — 80% processed,,,24 working days,24,working days,ok,2026-09-25,2026-09-25T00:50:35.308Z,https://www.immigration.govt.nz/process-to-apply/waiting-for-a-visa/processing-a-visa-application/how-long-it-takes-to-process-an-application/check-visa-application-processing-time/,official,active,,,2026-09-25T01:25:44.963Z
nz-recognised-seasonal-employer-limited-visa--p50,inz-processing-times,NZ,visa,percentile,nz-recognised-seasonal-employer-limited-visa,Recognised Seasonal Employer Limited Visa — 50% processed,,,2 working days,2,working days,ok,2026-08-23,2026-08-23T21:07:24.970Z,https://www.immigration.govt.nz/process-to-apply/waiting-for-a-visa/processing-a-visa-application/how-long-it-takes-to-process-an-application/check-visa-application-processing-time/,official,active,,,2026-09-25T01:25:44.963Z
nz-recognised-seasonal-employer-limited-visa--p80,inz-processing-times,NZ,visa,percentile,nz-recognised-seasonal-employer-limited-visa,Recognised Seasonal Employer Limited Visa — 80% processed,,,2 working days,2,working days,ok,2026-09-25,2026-09-25T00:50:38.237Z,https://www.immigration.govt.nz/process-to-apply/waiting-for-a-visa/processing-a-visa-application/how-long-it-takes-to-process-an-application/check-visa-application-processing-time/,official,active,,,2026-09-25T01:25:44.963Z
nz-refugee-claimant-visitor-visa--p50,inz-processing-times,NZ,visa,percentile,nz-refugee-claimant-visitor-visa,Refugee Claimant Visitor Visa — 50% processed,,,8 working days,8,working days,ok,2026-09-25,2026-09-25T00:50:41.289Z,https://www.immigration.govt.nz/process-to-apply/waiting-for-a-visa/processing-a-visa-application/how-long-it-takes-to-process-an-application/check-visa-application-processing-time/,official,active,,,2026-09-25T01:25:44.963Z
nz-refugee-claimant-visitor-visa--p80,inz-processing-times,NZ,visa,percentile,nz-refugee-claimant-visitor-visa,Refugee Claimant Visitor Visa — 80% processed,,,24 working days,24,working days,ok,2026-09-25,2026-09-25T00:50:41.289Z,https://www.immigration.govt.nz/process-to-apply/waiting-for-a-visa/processing-a-visa-application/how-long-it-takes-to-process-an-application/check-visa-application-processing-time/,official,active,,,2026-09-25T01:25:44.963Z
nz-religious-worker-resident-visa--p50,inz-processing-times,NZ,settlement,percentile,nz-religious-worker-resident-visa,Religious Worker Resident Visa — 50% processed,,,122 working days,122,working days,ok,2026-09-25,2026-09-25T00:50:44.259Z,https://www.immigration.govt.nz/process-to-apply/waiting-for-a-visa/processing-a-visa-application/how-long-it-takes-to-process-an-application/check-visa-application-processing-time/,official,active,,,2026-09-25T01:25:44.963Z
nz-religious-worker-resident-visa--p80,inz-processing-times,NZ,settlement,percentile,nz-religious-worker-resident-visa,Religious Worker Resident Visa — 80% processed,,,183 working days,183,working days,ok,2026-09-25,2026-09-25T00:50:44.259Z,https://www.immigration.govt.nz/process-to-apply/waiting-for-a-visa/processing-a-visa-application/how-long-it-takes-to-process-an-application/check-visa-application-processing-time/,official,active,,,2026-09-25T01:25:44.963Z
nz-religious-worker-work-visa--p50,inz-processing-times,NZ,visa,percentile,nz-religious-worker-work-visa,Religious Worker Work Visa — 50% processed,,,11 working days,11,working days,ok,2026-09-25,2026-09-25T00:50:46.788Z,https://www.immigration.govt.nz/process-to-apply/waiting-for-a-visa/processing-a-visa-application/how-long-it-takes-to-process-an-application/check-visa-application-processing-time/,official,active,,,2026-09-25T01:25:44.963Z
nz-religious-worker-work-visa--p80,inz-processing-times,NZ,visa,percentile,nz-religious-worker-work-visa,Religious Worker Work Visa — 80% processed,,,22 working days,22,working days,ok,2026-09-25,2026-09-25T00:50:46.788Z,https://www.immigration.govt.nz/process-to-apply/waiting-for-a-visa/processing-a-visa-application/how-long-it-takes-to-process-an-application/check-visa-application-processing-time/,official,active,,,2026-09-25T01:25:44.963Z
nz-republic-of-korea-special-work-visa--p50,inz-processing-times,NZ,visa,percentile,nz-republic-of-korea-special-work-visa,Republic of Korea Special Work Visa — 50% processed,,,22 working days,22,working days,ok,2026-09-25,2026-09-25T00:50:50.319Z,https://www.immigration.govt.nz/process-to-apply/waiting-for-a-visa/processing-a-visa-application/how-long-it-takes-to-process-an-application/check-visa-application-processing-time/,official,active,,,2026-09-25T01:25:44.963Z
nz-republic-of-korea-special-work-visa--p80,inz-processing-times,NZ,visa,percentile,nz-republic-of-korea-special-work-visa,Republic of Korea Special Work Visa — 80% processed,,,49 working days,49,working days,ok,2026-09-25,2026-09-25T00:50:50.319Z,https://www.immigration.govt.nz/process-to-apply/waiting-for-a-visa/processing-a-visa-application/how-long-it-takes-to-process-an-application/check-visa-application-processing-time/,official,active,,,2026-09-25T01:25:44.963Z
nz-samoan-quota-resident-visa--p50,inz-processing-times,NZ,settlement,percentile,nz-samoan-quota-resident-visa,Samoan Quota Resident Visa — 50% processed,,,490 working days,490,working days,ok,2026-09-25,2026-09-25T00:50:53.218Z,https://www.immigration.govt.nz/process-to-apply/waiting-for-a-visa/processing-a-visa-application/how-long-it-takes-to-process-an-application/check-visa-application-processing-time/,official,active,,,2026-09-25T01:25:44.963Z
nz-samoan-quota-resident-visa--p80,inz-processing-times,NZ,settlement,percentile,nz-samoan-quota-resident-visa,Samoan Quota Resident Visa — 80% processed,,,514 working days,514,working days,ok,2026-09-25,2026-09-25T00:50:53.218Z,https://www.immigration.govt.nz/process-to-apply/waiting-for-a-visa/processing-a-visa-application/how-long-it-takes-to-process-an-application/check-visa-application-processing-time/,official,active,,,2026-09-25T01:25:44.963Z
nz-second-or-subsequent-resident-visa--p50,inz-processing-times,NZ,settlement,percentile,nz-second-or-subsequent-resident-visa,Second or Subsequent Resident Visa — 50% processed,,,16 working days,16,working days,ok,2026-08-23,2026-08-23T21:07:43.005Z,https://www.immigration.govt.nz/process-to-apply/waiting-for-a-visa/processing-a-visa-application/how-long-it-takes-to-process-an-application/check-visa-application-processing-time/,official,active,,,2026-09-25T01:25:44.963Z
nz-second-or-subsequent-resident-visa--p80,inz-processing-times,NZ,settlement,percentile,nz-second-or-subsequent-resident-visa,Second or Subsequent Resident Visa — 80% processed,,,29 working days,29,working days,ok,2026-09-25,2026-09-25T00:50:55.786Z,https://www.immigration.govt.nz/process-to-apply/waiting-for-a-visa/processing-a-visa-application/how-long-it-takes-to-process-an-application/check-visa-application-processing-time/,official,active,,,2026-09-25T01:25:44.963Z
nz-short-term-entertainment-act-visitor-visa--p50,inz-processing-times,NZ,visa,percentile,nz-short-term-entertainment-act-visitor-visa,Short-term Entertainment Act Visitor Visa — 50% processed,,,8 working days,8,working days,ok,2026-09-25,2026-09-25T00:50:59.274Z,https://www.immigration.govt.nz/process-to-apply/waiting-for-a-visa/processing-a-visa-application/how-long-it-takes-to-process-an-application/check-visa-application-processing-time/,official,active,,,2026-09-25T01:25:44.963Z
nz-short-term-entertainment-act-visitor-visa--p80,inz-processing-times,NZ,visa,percentile,nz-short-term-entertainment-act-visitor-visa,Short-term Entertainment Act Visitor Visa — 80% processed,,,24 working days,24,working days,ok,2026-09-25,2026-09-25T00:50:59.274Z,https://www.immigration.govt.nz/process-to-apply/waiting-for-a-visa/processing-a-visa-application/how-long-it-takes-to-process-an-application/check-visa-application-processing-time/,official,active,,,2026-09-25T01:25:44.963Z
nz-singapore-work-exchange-programme-visa--p50,inz-processing-times,NZ,visa,percentile,nz-singapore-work-exchange-programme-visa,Singapore Work Exchange Programme Visa — 50% processed,,,7 working days,7,working days,ok,2026-09-25,2026-09-25T00:51:02.300Z,https://www.immigration.govt.nz/process-to-apply/waiting-for-a-visa/processing-a-visa-application/how-long-it-takes-to-process-an-application/check-visa-application-processing-time/,official,active,,,2026-09-25T01:25:44.963Z
nz-singapore-work-exchange-programme-visa--p80,inz-processing-times,NZ,visa,percentile,nz-singapore-work-exchange-programme-visa,Singapore Work Exchange Programme Visa — 80% processed,,,15 working days,15,working days,ok,2026-09-25,2026-09-25T00:51:02.300Z,https://www.immigration.govt.nz/process-to-apply/waiting-for-a-visa/processing-a-visa-application/how-long-it-takes-to-process-an-application/check-visa-application-processing-time/,official,active,,,2026-09-25T01:25:44.963Z
nz-skilled-migrant-category-resident-visa--p50,inz-processing-times,NZ,settlement,percentile,nz-skilled-migrant-category-resident-visa,Skilled Migrant Category Resident Visa — 50% processed,,,67 working days,67,working days,ok,2026-09-25,2026-09-25T00:46:19.702Z,https://www.immigration.govt.nz/process-to-apply/waiting-for-a-visa/processing-a-visa-application/how-long-it-takes-to-process-an-application/check-visa-application-processing-time/,official,active,,,2026-09-25T01:25:44.963Z
nz-skilled-migrant-category-resident-visa--p80,inz-processing-times,NZ,settlement,percentile,nz-skilled-migrant-category-resident-visa,Skilled Migrant Category Resident Visa — 80% processed,,,102 working days,102,working days,ok,2026-09-25,2026-09-25T00:46:19.702Z,https://www.immigration.govt.nz/process-to-apply/waiting-for-a-visa/processing-a-visa-application/how-long-it-takes-to-process-an-application/check-visa-application-processing-time/,official,active,,,2026-09-25T01:25:44.963Z
nz-slovakia-working-holiday-visa--p50,inz-processing-times,NZ,visa,percentile,nz-slovakia-working-holiday-visa,Slovakia Working Holiday Visa — 50% processed,,,7 working days,7,working days,ok,2026-09-25,2026-09-25T00:51:04.805Z,https://www.immigration.govt.nz/process-to-apply/waiting-for-a-visa/processing-a-visa-application/how-long-it-takes-to-process-an-application/check-visa-application-processing-time/,official,active,,,2026-09-25T01:25:44.963Z
nz-slovakia-working-holiday-visa--p80,inz-processing-times,NZ,visa,percentile,nz-slovakia-working-holiday-visa,Slovakia Working Holiday Visa — 80% processed,,,15 working days,15,working days,ok,2026-09-25,2026-09-25T00:51:04.805Z,https://www.immigration.govt.nz/process-to-apply/waiting-for-a-visa/processing-a-visa-application/how-long-it-takes-to-process-an-application/check-visa-application-processing-time/,official,active,,,2026-09-25T01:25:44.963Z
nz-slovenia-working-holiday-visa--p50,inz-processing-times,NZ,visa,percentile,nz-slovenia-working-holiday-visa,Slovenia Working Holiday Visa — 50% processed,,,7 working days,7,working days,ok,2026-09-25,2026-09-25T00:51:07.805Z,https://www.immigration.govt.nz/process-to-apply/waiting-for-a-visa/processing-a-visa-application/how-long-it-takes-to-process-an-application/check-visa-application-processing-time/,official,active,,,2026-09-25T01:25:44.963Z
nz-slovenia-working-holiday-visa--p80,inz-processing-times,NZ,visa,percentile,nz-slovenia-working-holiday-visa,Slovenia Working Holiday Visa — 80% processed,,,15 working days,15,working days,ok,2026-09-25,2026-09-25T00:51:07.805Z,https://www.immigration.govt.nz/process-to-apply/waiting-for-a-visa/processing-a-visa-application/how-long-it-takes-to-process-an-application/check-visa-application-processing-time/,official,active,,,2026-09-25T01:25:44.963Z
nz-south-island-contribution-work-visa--p50,inz-processing-times,NZ,visa,percentile,nz-south-island-contribution-work-visa,South Island Contribution Work Visa — 50% processed,,,22 working days,22,working days,ok,2026-09-25,2026-09-25T00:51:11.313Z,https://www.immigration.govt.nz/process-to-apply/waiting-for-a-visa/processing-a-visa-application/how-long-it-takes-to-process-an-application/check-visa-application-processing-time/,official,active,,,2026-09-25T01:25:44.963Z
nz-south-island-contribution-work-visa--p80,inz-processing-times,NZ,visa,percentile,nz-south-island-contribution-work-visa,South Island Contribution Work Visa — 80% processed,,,49 working days,49,working days,ok,2026-09-25,2026-09-25T00:51:11.313Z,https://www.immigration.govt.nz/process-to-apply/waiting-for-a-visa/processing-a-visa-application/how-long-it-takes-to-process-an-application/check-visa-application-processing-time/,official,active,,,2026-09-25T01:25:44.963Z
nz-spain-working-holiday-visa--p50,inz-processing-times,NZ,visa,percentile,nz-spain-working-holiday-visa,Spain Working Holiday Visa — 50% processed,,,7 working days,7,working days,ok,2026-09-25,2026-09-25T00:51:14.315Z,https://www.immigration.govt.nz/process-to-apply/waiting-for-a-visa/processing-a-visa-application/how-long-it-takes-to-process-an-application/check-visa-application-processing-time/,official,active,,,2026-09-25T01:25:44.963Z
nz-spain-working-holiday-visa--p80,inz-processing-times,NZ,visa,percentile,nz-spain-working-holiday-visa,Spain Working Holiday Visa — 80% processed,,,15 working days,15,working days,ok,2026-09-25,2026-09-25T00:51:14.315Z,https://www.immigration.govt.nz/process-to-apply/waiting-for-a-visa/processing-a-visa-application/how-long-it-takes-to-process-an-application/check-visa-application-processing-time/,official,active,,,2026-09-25T01:25:44.963Z
nz-specific-purpose-work-visa--p50,inz-processing-times,NZ,visa,percentile,nz-specific-purpose-work-visa,Specific Purpose Work Visa — 50% processed,,,11 working days,11,working days,ok,2026-09-25,2026-09-25T00:51:17.388Z,https://www.immigration.govt.nz/process-to-apply/waiting-for-a-visa/processing-a-visa-application/how-long-it-takes-to-process-an-application/check-visa-application-processing-time/,official,active,,,2026-09-25T01:25:44.963Z
nz-specific-purpose-work-visa--p80,inz-processing-times,NZ,visa,percentile,nz-specific-purpose-work-visa,Specific Purpose Work Visa — 80% processed,,,21 working days,21,working days,ok,2026-09-25,2026-09-25T00:51:17.388Z,https://www.immigration.govt.nz/process-to-apply/waiting-for-a-visa/processing-a-visa-application/how-long-it-takes-to-process-an-application/check-visa-application-processing-time/,official,active,,,2026-09-25T01:25:44.963Z
nz-sports-events-visitor-visa--p50,inz-processing-times,NZ,visa,percentile,nz-sports-events-visitor-visa,Sports Events Visitor Visa — 50% processed,,,8 working days,8,working days,ok,2026-09-25,2026-09-25T00:51:20.273Z,https://www.immigration.govt.nz/process-to-apply/waiting-for-a-visa/processing-a-visa-application/how-long-it-takes-to-process-an-application/check-visa-application-processing-time/,official,active,,,2026-09-25T01:25:44.963Z
nz-sports-events-visitor-visa--p80,inz-processing-times,NZ,visa,percentile,nz-sports-events-visitor-visa,Sports Events Visitor Visa — 80% processed,,,24 working days,24,working days,ok,2026-09-25,2026-09-25T00:51:20.273Z,https://www.immigration.govt.nz/process-to-apply/waiting-for-a-visa/processing-a-visa-application/how-long-it-takes-to-process-an-application/check-visa-application-processing-time/,official,active,,,2026-09-25T01:25:44.963Z
nz-straight-to-residence-visa--p50,inz-processing-times,NZ,visa,percentile,nz-straight-to-residence-visa,Straight to Residence Visa — 50% processed,,,56 working days,56,working days,ok,2026-09-25,2026-09-25T00:46:23.085Z,https://www.immigration.govt.nz/process-to-apply/waiting-for-a-visa/processing-a-visa-application/how-long-it-takes-to-process-an-application/check-visa-application-processing-time/,official,active,,,2026-09-25T01:25:44.963Z
nz-straight-to-residence-visa--p80,inz-processing-times,NZ,visa,percentile,nz-straight-to-residence-visa,Straight to Residence Visa — 80% processed,,,95 working days,95,working days,ok,2026-09-25,2026-09-25T00:46:23.085Z,https://www.immigration.govt.nz/process-to-apply/waiting-for-a-visa/processing-a-visa-application/how-long-it-takes-to-process-an-application/check-visa-application-processing-time/,official,active,,,2026-09-25T01:25:44.963Z
nz-student-and-trainee-work-visa--p50,inz-processing-times,NZ,visa,percentile,nz-student-and-trainee-work-visa,Student and Trainee Work Visa — 50% processed,,,22 working days,22,working days,ok,2026-09-25,2026-09-25T00:51:23.273Z,https://www.immigration.govt.nz/process-to-apply/waiting-for-a-visa/processing-a-visa-application/how-long-it-takes-to-process-an-application/check-visa-application-processing-time/,official,active,,,2026-09-25T01:25:44.963Z
nz-student-and-trainee-work-visa--p80,inz-processing-times,NZ,visa,percentile,nz-student-and-trainee-work-visa,Student and Trainee Work Visa — 80% processed,,,49 working days,49,working days,ok,2026-09-25,2026-09-25T00:51:23.273Z,https://www.immigration.govt.nz/process-to-apply/waiting-for-a-visa/processing-a-visa-application/how-long-it-takes-to-process-an-application/check-visa-application-processing-time/,official,active,,,2026-09-25T01:25:44.963Z
nz-super-yachts-visitor-visa--p50,inz-processing-times,NZ,visa,percentile,nz-super-yachts-visitor-visa,Super Yachts Visitor Visa — 50% processed,,,8 working days,8,working days,ok,2026-09-25,2026-09-25T00:51:25.812Z,https://www.immigration.govt.nz/process-to-apply/waiting-for-a-visa/processing-a-visa-application/how-long-it-takes-to-process-an-application/check-visa-application-processing-time/,official,active,,,2026-09-25T01:25:44.963Z
nz-super-yachts-visitor-visa--p80,inz-processing-times,NZ,visa,percentile,nz-super-yachts-visitor-visa,Super Yachts Visitor Visa — 80% processed,,,24 working days,24,working days,ok,2026-09-25,2026-09-25T00:51:25.812Z,https://www.immigration.govt.nz/process-to-apply/waiting-for-a-visa/processing-a-visa-application/how-long-it-takes-to-process-an-application/check-visa-application-processing-time/,official,active,,,2026-09-25T01:25:44.963Z
nz-sweden-working-holiday-visa--p50,inz-processing-times,NZ,visa,percentile,nz-sweden-working-holiday-visa,Sweden Working Holiday Visa — 50% processed,,,7 working days,7,working days,ok,2026-09-25,2026-09-25T00:51:29.301Z,https://www.immigration.govt.nz/process-to-apply/waiting-for-a-visa/processing-a-visa-application/how-long-it-takes-to-process-an-application/check-visa-application-processing-time/,official,active,,,2026-09-25T01:25:44.963Z
nz-sweden-working-holiday-visa--p80,inz-processing-times,NZ,visa,percentile,nz-sweden-working-holiday-visa,Sweden Working Holiday Visa — 80% processed,,,15 working days,15,working days,ok,2026-09-25,2026-09-25T00:51:29.301Z,https://www.immigration.govt.nz/process-to-apply/waiting-for-a-visa/processing-a-visa-application/how-long-it-takes-to-process-an-application/check-visa-application-processing-time/,official,active,,,2026-09-25T01:25:44.963Z
nz-taiwan-working-holiday-visa--p50,inz-processing-times,NZ,visa,percentile,nz-taiwan-working-holiday-visa,Taiwan Working Holiday Visa — 50% processed,,,7 working days,7,working days,ok,2026-09-25,2026-09-25T00:51:32.223Z,https://www.immigration.govt.nz/process-to-apply/waiting-for-a-visa/processing-a-visa-application/how-long-it-takes-to-process-an-application/check-visa-application-processing-time/,official,active,,,2026-09-25T01:25:44.963Z
nz-taiwan-working-holiday-visa--p80,inz-processing-times,NZ,visa,percentile,nz-taiwan-working-holiday-visa,Taiwan Working Holiday Visa — 80% processed,,,15 working days,15,working days,ok,2026-09-25,2026-09-25T00:51:32.223Z,https://www.immigration.govt.nz/process-to-apply/waiting-for-a-visa/processing-a-visa-application/how-long-it-takes-to-process-an-application/check-visa-application-processing-time/,official,active,,,2026-09-25T01:25:44.963Z
nz-talent-accredited-employer-resident-visa--p50,inz-processing-times,NZ,settlement,percentile,nz-talent-accredited-employer-resident-visa,Talent (Accredited Employer) Resident Visa — 50% processed,,,25 working days,25,working days,ok,2026-08-23,2026-08-23T21:08:22.066Z,https://www.immigration.govt.nz/process-to-apply/waiting-for-a-visa/processing-a-visa-application/how-long-it-takes-to-process-an-application/check-visa-application-processing-time/,official,active,,,2026-09-25T01:25:44.963Z
nz-talent-accredited-employer-resident-visa--p80,inz-processing-times,NZ,settlement,percentile,nz-talent-accredited-employer-resident-visa,Talent (Accredited Employer) Resident Visa — 80% processed,,,28 working days,28,working days,ok,2026-08-23,2026-08-23T21:08:22.066Z,https://www.immigration.govt.nz/process-to-apply/waiting-for-a-visa/processing-a-visa-application/how-long-it-takes-to-process-an-application/check-visa-application-processing-time/,official,active,,,2026-09-25T01:25:44.963Z
nz-talent-accredited-employer-work-visa--p50,inz-processing-times,NZ,visa,percentile,nz-talent-accredited-employer-work-visa,Talent (Accredited Employer) Work Visa — 50% processed,,,16 working days,16,working days,ok,2026-08-23,2026-08-23T21:08:25.017Z,https://www.immigration.govt.nz/process-to-apply/waiting-for-a-visa/processing-a-visa-application/how-long-it-takes-to-process-an-application/check-visa-application-processing-time/,official,active,,,2026-09-25T01:25:44.963Z
nz-talent-accredited-employer-work-visa--p80,inz-processing-times,NZ,visa,percentile,nz-talent-accredited-employer-work-visa,Talent (Accredited Employer) Work Visa — 80% processed,,,16 working days,16,working days,ok,2026-08-23,2026-08-23T21:08:25.017Z,https://www.immigration.govt.nz/process-to-apply/waiting-for-a-visa/processing-a-visa-application/how-long-it-takes-to-process-an-application/check-visa-application-processing-time/,official,active,,,2026-09-25T01:25:44.963Z
nz-temporary-retirement-visitor-visa--p50,inz-processing-times,NZ,visa,percentile,nz-temporary-retirement-visitor-visa,Temporary Retirement Visitor Visa — 50% processed,,,8 working days,8,working days,ok,2026-09-25,2026-09-25T00:51:41.271Z,https://www.immigration.govt.nz/process-to-apply/waiting-for-a-visa/processing-a-visa-application/how-long-it-takes-to-process-an-application/check-visa-application-processing-time/,official,active,,,2026-09-25T01:25:44.963Z
nz-temporary-retirement-visitor-visa--p80,inz-processing-times,NZ,visa,percentile,nz-temporary-retirement-visitor-visa,Temporary Retirement Visitor Visa — 80% processed,,,24 working days,24,working days,ok,2026-09-25,2026-09-25T00:51:41.271Z,https://www.immigration.govt.nz/process-to-apply/waiting-for-a-visa/processing-a-visa-application/how-long-it-takes-to-process-an-application/check-visa-application-processing-time/,official,active,,,2026-09-25T01:25:44.963Z
nz-thai-chefs-work-visa--p50,inz-processing-times,NZ,visa,percentile,nz-thai-chefs-work-visa,Thai Chefs Work Visa — 50% processed,,,22 working days,22,working days,ok,2026-09-25,2026-09-25T00:51:43.800Z,https://www.immigration.govt.nz/process-to-apply/waiting-for-a-visa/processing-a-visa-application/how-long-it-takes-to-process-an-application/check-visa-application-processing-time/,official,active,,,2026-09-25T01:25:44.963Z
nz-thai-chefs-work-visa--p80,inz-processing-times,NZ,visa,percentile,nz-thai-chefs-work-visa,Thai Chefs Work Visa — 80% processed,,,49 working days,49,working days,ok,2026-09-25,2026-09-25T00:51:43.800Z,https://www.immigration.govt.nz/process-to-apply/waiting-for-a-visa/processing-a-visa-application/how-long-it-takes-to-process-an-application/check-visa-application-processing-time/,official,active,,,2026-09-25T01:25:44.963Z
nz-thailand-working-holiday-visa--p50,inz-processing-times,NZ,visa,percentile,nz-thailand-working-holiday-visa,Thailand Working Holiday Visa — 50% processed,,,7 working days,7,working days,ok,2026-09-25,2026-09-25T00:51:47.269Z,https://www.immigration.govt.nz/process-to-apply/waiting-for-a-visa/processing-a-visa-application/how-long-it-takes-to-process-an-application/check-visa-application-processing-time/,official,active,,,2026-09-25T01:25:44.963Z
nz-thailand-working-holiday-visa--p80,inz-processing-times,NZ,visa,percentile,nz-thailand-working-holiday-visa,Thailand Working Holiday Visa — 80% processed,,,15 working days,15,working days,ok,2026-09-25,2026-09-25T00:51:47.269Z,https://www.immigration.govt.nz/process-to-apply/waiting-for-a-visa/processing-a-visa-application/how-long-it-takes-to-process-an-application/check-visa-application-processing-time/,official,active,,,2026-09-25T01:25:44.963Z
nz-tour-escort-visitor-visa--p50,inz-processing-times,NZ,visa,percentile,nz-tour-escort-visitor-visa,Tour Escort Visitor Visa — 50% processed,,,4 working days,4,working days,ok,2026-09-25,2026-09-25T00:51:49.790Z,https://www.immigration.govt.nz/process-to-apply/waiting-for-a-visa/processing-a-visa-application/how-long-it-takes-to-process-an-application/check-visa-application-processing-time/,official,active,,,2026-09-25T01:25:44.963Z
nz-tour-escort-visitor-visa--p80,inz-processing-times,NZ,visa,percentile,nz-tour-escort-visitor-visa,Tour Escort Visitor Visa — 80% processed,,,9 working days,9,working days,ok,2026-09-25,2026-09-25T00:51:49.790Z,https://www.immigration.govt.nz/process-to-apply/waiting-for-a-visa/processing-a-visa-application/how-long-it-takes-to-process-an-application/check-visa-application-processing-time/,official,active,,,2026-09-25T01:25:44.963Z
nz-transit-visa--p50,inz-processing-times,NZ,visa,percentile,nz-transit-visa,Transit Visa — 50% processed,,,3 working days,3,working days,ok,2026-09-25,2026-09-25T00:51:52.833Z,https://www.immigration.govt.nz/process-to-apply/waiting-for-a-visa/processing-a-visa-application/how-long-it-takes-to-process-an-application/check-visa-application-processing-time/,official,active,,,2026-09-25T01:25:44.963Z
nz-transit-visa--p80,inz-processing-times,NZ,visa,percentile,nz-transit-visa,Transit Visa — 80% processed,,,7 working days,7,working days,ok,2026-09-25,2026-09-25T00:51:52.833Z,https://www.immigration.govt.nz/process-to-apply/waiting-for-a-visa/processing-a-visa-application/how-long-it-takes-to-process-an-application/check-visa-application-processing-time/,official,active,,,2026-09-25T01:25:44.963Z
nz-turkey-working-holiday-visa--p50,inz-processing-times,NZ,visa,percentile,nz-turkey-working-holiday-visa,Turkey Working Holiday Visa — 50% processed,,,7 working days,7,working days,ok,2026-09-25,2026-09-25T00:51:56.259Z,https://www.immigration.govt.nz/process-to-apply/waiting-for-a-visa/processing-a-visa-application/how-long-it-takes-to-process-an-application/check-visa-application-processing-time/,official,active,,,2026-09-25T01:25:44.963Z
nz-turkey-working-holiday-visa--p80,inz-processing-times,NZ,visa,percentile,nz-turkey-working-holiday-visa,Turkey Working Holiday Visa — 80% processed,,,15 working days,15,working days,ok,2026-09-25,2026-09-25T00:51:56.259Z,https://www.immigration.govt.nz/process-to-apply/waiting-for-a-visa/processing-a-visa-application/how-long-it-takes-to-process-an-application/check-visa-application-processing-time/,official,active,,,2026-09-25T01:25:44.963Z
nz-united-kingdom-working-holiday-visa--p50,inz-processing-times,NZ,visa,percentile,nz-united-kingdom-working-holiday-visa,United Kingdom Working Holiday Visa — 50% processed,,,7 working days,7,working days,ok,2026-09-25,2026-09-25T00:51:59.244Z,https://www.immigration.govt.nz/process-to-apply/waiting-for-a-visa/processing-a-visa-application/how-long-it-takes-to-process-an-application/check-visa-application-processing-time/,official,active,,,2026-09-25T01:25:44.963Z
nz-united-kingdom-working-holiday-visa--p80,inz-processing-times,NZ,visa,percentile,nz-united-kingdom-working-holiday-visa,United Kingdom Working Holiday Visa — 80% processed,,,15 working days,15,working days,ok,2026-09-25,2026-09-25T00:51:59.244Z,https://www.immigration.govt.nz/process-to-apply/waiting-for-a-visa/processing-a-visa-application/how-long-it-takes-to-process-an-application/check-visa-application-processing-time/,official,active,,,2026-09-25T01:25:44.963Z
nz-uruguay-working-holiday-visa--p50,inz-processing-times,NZ,visa,percentile,nz-uruguay-working-holiday-visa,Uruguay Working Holiday Visa — 50% processed,,,7 working days,7,working days,ok,2026-09-25,2026-09-25T00:52:02.360Z,https://www.immigration.govt.nz/process-to-apply/waiting-for-a-visa/processing-a-visa-application/how-long-it-takes-to-process-an-application/check-visa-application-processing-time/,official,active,,,2026-09-25T01:25:44.963Z
nz-uruguay-working-holiday-visa--p80,inz-processing-times,NZ,visa,percentile,nz-uruguay-working-holiday-visa,Uruguay Working Holiday Visa — 80% processed,,,15 working days,15,working days,ok,2026-09-25,2026-09-25T00:52:02.360Z,https://www.immigration.govt.nz/process-to-apply/waiting-for-a-visa/processing-a-visa-application/how-long-it-takes-to-process-an-application/check-visa-application-processing-time/,official,active,,,2026-09-25T01:25:44.963Z
nz-usa-working-holiday-visa--p50,inz-processing-times,NZ,visa,percentile,nz-usa-working-holiday-visa,USA Working Holiday Visa — 50% processed,,,7 working days,7,working days,ok,2026-09-25,2026-09-25T00:52:05.279Z,https://www.immigration.govt.nz/process-to-apply/waiting-for-a-visa/processing-a-visa-application/how-long-it-takes-to-process-an-application/check-visa-application-processing-time/,official,active,,,2026-09-25T01:25:44.963Z
nz-usa-working-holiday-visa--p80,inz-processing-times,NZ,visa,percentile,nz-usa-working-holiday-visa,USA Working Holiday Visa — 80% processed,,,15 working days,15,working days,ok,2026-09-25,2026-09-25T00:52:05.279Z,https://www.immigration.govt.nz/process-to-apply/waiting-for-a-visa/processing-a-visa-application/how-long-it-takes-to-process-an-application/check-visa-application-processing-time/,official,active,,,2026-09-25T01:25:44.963Z
nz-victims-of-family-violence-resident-visa--p50,inz-processing-times,NZ,settlement,percentile,nz-victims-of-family-violence-resident-visa,Victims of Family Violence Resident Visa — 50% processed,,,86 working days,86,working days,ok,2026-08-23,2026-08-23T21:08:55.020Z,https://www.immigration.govt.nz/process-to-apply/waiting-for-a-visa/processing-a-visa-application/how-long-it-takes-to-process-an-application/check-visa-application-processing-time/,official,active,,,2026-09-25T01:25:44.963Z
nz-victims-of-family-violence-resident-visa--p80,inz-processing-times,NZ,settlement,percentile,nz-victims-of-family-violence-resident-visa,Victims of Family Violence Resident Visa — 80% processed,,,182 working days,182,working days,ok,2026-09-25,2026-09-25T00:52:08.256Z,https://www.immigration.govt.nz/process-to-apply/waiting-for-a-visa/processing-a-visa-application/how-long-it-takes-to-process-an-application/check-visa-application-processing-time/,official,active,,,2026-09-25T01:25:44.963Z
nz-victims-of-family-violence-work-visa--p50,inz-processing-times,NZ,visa,percentile,nz-victims-of-family-violence-work-visa,Victims of Family Violence Work Visa — 50% processed,,,9 working days,9,working days,ok,2026-09-25,2026-09-25T00:52:11.273Z,https://www.immigration.govt.nz/process-to-apply/waiting-for-a-visa/processing-a-visa-application/how-long-it-takes-to-process-an-application/check-visa-application-processing-time/,official,active,,,2026-09-25T01:25:44.963Z
nz-victims-of-family-violence-work-visa--p80,inz-processing-times,NZ,visa,percentile,nz-victims-of-family-violence-work-visa,Victims of Family Violence Work Visa — 80% processed,,,17 working days,17,working days,ok,2026-09-25,2026-09-25T00:52:11.273Z,https://www.immigration.govt.nz/process-to-apply/waiting-for-a-visa/processing-a-visa-application/how-long-it-takes-to-process-an-application/check-visa-application-processing-time/,official,active,,,2026-09-25T01:25:44.963Z
nz-vietnam-special-work-visa--p50,inz-processing-times,NZ,visa,percentile,nz-vietnam-special-work-visa,Vietnam Special Work Visa — 50% processed,,,22 working days,22,working days,ok,2026-09-25,2026-09-25T00:52:14.296Z,https://www.immigration.govt.nz/process-to-apply/waiting-for-a-visa/processing-a-visa-application/how-long-it-takes-to-process-an-application/check-visa-application-processing-time/,official,active,,,2026-09-25T01:25:44.963Z
nz-vietnam-special-work-visa--p80,inz-processing-times,NZ,visa,percentile,nz-vietnam-special-work-visa,Vietnam Special Work Visa — 80% processed,,,49 working days,49,working days,ok,2026-09-25,2026-09-25T00:52:14.296Z,https://www.immigration.govt.nz/process-to-apply/waiting-for-a-visa/processing-a-visa-application/how-long-it-takes-to-process-an-application/check-visa-application-processing-time/,official,active,,,2026-09-25T01:25:44.963Z
nz-vietnam-working-holiday-visa--p50,inz-processing-times,NZ,visa,percentile,nz-vietnam-working-holiday-visa,Vietnam Working Holiday Visa — 50% processed,,,7 working days,7,working days,ok,2026-09-25,2026-09-25T00:52:16.854Z,https://www.immigration.govt.nz/process-to-apply/waiting-for-a-visa/processing-a-visa-application/how-long-it-takes-to-process-an-application/check-visa-application-processing-time/,official,active,,,2026-09-25T01:25:44.963Z
nz-vietnam-working-holiday-visa--p80,inz-processing-times,NZ,visa,percentile,nz-vietnam-working-holiday-visa,Vietnam Working Holiday Visa — 80% processed,,,15 working days,15,working days,ok,2026-09-25,2026-09-25T00:52:16.854Z,https://www.immigration.govt.nz/process-to-apply/waiting-for-a-visa/processing-a-visa-application/how-long-it-takes-to-process-an-application/check-visa-application-processing-time/,official,active,,,2026-09-25T01:25:44.963Z
nz-visiting-media-visitor-visa--p50,inz-processing-times,NZ,visa,percentile,nz-visiting-media-visitor-visa,Visiting Media Visitor Visa — 50% processed,,,8 working days,8,working days,ok,2026-09-25,2026-09-25T00:52:19.798Z,https://www.immigration.govt.nz/process-to-apply/waiting-for-a-visa/processing-a-visa-application/how-long-it-takes-to-process-an-application/check-visa-application-processing-time/,official,active,,,2026-09-25T01:25:44.963Z
nz-visiting-media-visitor-visa--p80,inz-processing-times,NZ,visa,percentile,nz-visiting-media-visitor-visa,Visiting Media Visitor Visa — 80% processed,,,24 working days,24,working days,ok,2026-09-25,2026-09-25T00:52:19.798Z,https://www.immigration.govt.nz/process-to-apply/waiting-for-a-visa/processing-a-visa-application/how-long-it-takes-to-process-an-application/check-visa-application-processing-time/,official,active,,,2026-09-25T01:25:44.963Z
nz-visitor-visa--p50,inz-processing-times,NZ,visa,percentile,nz-visitor-visa,Visitor Visa — 50% processed,,,7 working days,7,working days,ok,2026-08-23,2026-08-23T21:02:36.894Z,https://www.immigration.govt.nz/process-to-apply/waiting-for-a-visa/processing-a-visa-application/how-long-it-takes-to-process-an-application/check-visa-application-processing-time/,official,active,,,2026-09-25T01:25:44.963Z
nz-visitor-visa--p80,inz-processing-times,NZ,visa,percentile,nz-visitor-visa,Visitor Visa — 80% processed,,,11 working days,11,working days,ok,2026-08-23,2026-08-23T21:02:36.894Z,https://www.immigration.govt.nz/process-to-apply/waiting-for-a-visa/processing-a-visa-application/how-long-it-takes-to-process-an-application/check-visa-application-processing-time/,official,active,,,2026-09-25T01:25:44.963Z
nz-vocational-trainee-student-visa--p50,inz-processing-times,NZ,visa,percentile,nz-vocational-trainee-student-visa,Vocational Trainee Student Visa — 50% processed,,,21 working days,21,working days,ok,2026-09-25,2026-09-25T00:52:23.250Z,https://www.immigration.govt.nz/process-to-apply/waiting-for-a-visa/processing-a-visa-application/how-long-it-takes-to-process-an-application/check-visa-application-processing-time/,official,active,,,2026-09-25T01:25:44.963Z
nz-vocational-trainee-student-visa--p80,inz-processing-times,NZ,visa,percentile,nz-vocational-trainee-student-visa,Vocational Trainee Student Visa — 80% processed,,,21 working days,21,working days,ok,2026-09-25,2026-09-25T00:52:23.250Z,https://www.immigration.govt.nz/process-to-apply/waiting-for-a-visa/processing-a-visa-application/how-long-it-takes-to-process-an-application/check-visa-application-processing-time/,official,active,,,2026-09-25T01:25:44.963Z
nz-work-exchange-scheme-work-visa--p50,inz-processing-times,NZ,visa,percentile,nz-work-exchange-scheme-work-visa,Work Exchange Scheme Work Visa — 50% processed,,,11 working days,11,working days,ok,2026-08-23,2026-08-23T21:09:13.028Z,https://www.immigration.govt.nz/process-to-apply/waiting-for-a-visa/processing-a-visa-application/how-long-it-takes-to-process-an-application/check-visa-application-processing-time/,official,active,,,2026-09-25T01:25:44.963Z
nz-work-exchange-scheme-work-visa--p80,inz-processing-times,NZ,visa,percentile,nz-work-exchange-scheme-work-visa,Work Exchange Scheme Work Visa — 80% processed,,,16 working days,16,working days,ok,2026-09-25,2026-09-25T00:52:26.321Z,https://www.immigration.govt.nz/process-to-apply/waiting-for-a-visa/processing-a-visa-application/how-long-it-takes-to-process-an-application/check-visa-application-processing-time/,official,active,,,2026-09-25T01:25:44.963Z
nz-work-to-residence-visa--p50,inz-processing-times,NZ,visa,percentile,nz-work-to-residence-visa,Work to Residence Visa — 50% processed,,,56 working days,56,working days,ok,2026-09-25,2026-09-25T00:46:26.094Z,https://www.immigration.govt.nz/process-to-apply/waiting-for-a-visa/processing-a-visa-application/how-long-it-takes-to-process-an-application/check-visa-application-processing-time/,official,active,,,2026-09-25T01:25:44.963Z
nz-work-to-residence-visa--p80,inz-processing-times,NZ,visa,percentile,nz-work-to-residence-visa,Work to Residence Visa — 80% processed,,,85 working days,85,working days,ok,2026-09-25,2026-09-25T00:46:26.094Z,https://www.immigration.govt.nz/process-to-apply/waiting-for-a-visa/processing-a-visa-application/how-long-it-takes-to-process-an-application/check-visa-application-processing-time/,official,active,,,2026-09-25T01:25:44.963Z
